"gene","cochlea_baseline_logFC","cochlea_baseline_fdr","cochlea_sex_adjusted_logFC","cochlea_sex_adjusted_fdr","cochlea_age_adjusted_logFC","cochlea_age_adjusted_fdr","central_baseline_r","central_baseline_fdr","central_sex_adjusted_logFC","central_sex_adjusted_fdr","central_age_adjusted_logFC","central_age_adjusted_fdr","cochlea_sex_direction_concordant","cochlea_age_direction_concordant","central_sex_direction_concordant","central_age_direction_concordant"
"H2-Aa",0.365182506326,0.000704693535535013,0.369503785316419,0.000710501362826733,0.191206426134624,0.999981745549088,0.661933612827926,1.95787015499131e-05,0.386312471233362,0.00100130698292817,0.177547975735539,0.99005772024649,TRUE,TRUE,TRUE,TRUE
"H2-Eb1",0.222671811998432,0.0119596165338454,0.23089398410078,0.00576426043383577,0.0855719887253186,0.999981745549088,0.415308759473673,0.166467086401261,0.153372153704917,0.278253976575231,0.035321354022082,0.998655930123164,TRUE,TRUE,TRUE,TRUE
"Cd74",0.0880269695946084,0.0802358549230922,0.0891556904908923,0.082072798800242,0.0515858758877634,0.999981745549088,0.569582909992559,0.00319223953283733,0.197993673207033,0.0254636563812813,0.0464122448354394,0.998655930123164,TRUE,TRUE,TRUE,TRUE
"Setd1a",0.0522714325191336,0.273377982101649,0.0519745093009774,0.293778797660863,0.0478819280913731,0.999981745549088,0.187745791882528,0.792962095063167,0.0386036548368766,0.831404581039196,0.0282199571254598,0.998655930123164,TRUE,TRUE,TRUE,TRUE
"Ctss",0.476623819621084,3.26302778250581e-11,0.47679745843634,7.50397768503737e-11,0.304342008147159,0.999981745549088,0.679329660488521,5.08308031901445e-06,0.256027424869653,0.000486152282964825,0.260943063054949,0.99005772024649,TRUE,TRUE,TRUE,TRUE
"Fcgr3",0.480308178653733,3.78164523917427e-08,0.486827721192067,1.74266245406128e-08,0.217621697257235,0.999981745549088,0.810521662352735,7.16870341687536e-14,0.431465568879561,6.43354652217084e-07,0.412984854605417,0.71191056714519,TRUE,TRUE,TRUE,TRUE
"Cd68",0.578331380236244,7.12241628182585e-08,0.582689959771857,8.59303446674113e-08,0.213344587543751,0.999981745549088,0.758625673943054,7.68897597621301e-10,0.477956001449014,3.31676534643398e-06,0.30659873549844,0.99005772024649,TRUE,TRUE,TRUE,TRUE
"Tyrobp",0.331110434462965,6.85908411892961e-06,0.337312842116791,3.94126533458543e-06,0.222112014461993,0.999981745549088,0.770049297471653,1.44610010695894e-10,0.517227219100297,2.97321338891482e-06,0.336953273092122,0.99005772024649,TRUE,TRUE,TRUE,TRUE
"Mpeg1",0.643836877295831,4.2970695527547e-11,0.646572765950029,7.50397768503737e-11,0.338516121590079,0.999981745549088,0.872197189736948,2.71873022749096e-23,1.18980999364907,2.23601711448717e-10,1.2130690036499,0.0304802286060069,TRUE,TRUE,TRUE,TRUE
"Lgals3",0.677605199207092,0.000205969000297075,0.687486632222664,0.000187741610406362,0.0631570817663365,0.999981745549088,0.487072424931458,0.0425535104258299,0.363100888451401,0.0925665848830272,0.387779294930642,0.99005772024649,TRUE,TRUE,TRUE,TRUE
"C1qa",0.112537537176083,0.0579454587397803,0.115817817611195,0.0469339435873362,0.0628109193455798,0.999981745549088,0.747259640611625,4.13344683798365e-09,0.850793056815104,9.22929337111447e-06,0.71212291671703,0.99005772024649,TRUE,TRUE,TRUE,TRUE
"C1qb",0.118054873967743,0.00733018757364977,0.118409063393833,0.00860168558267991,0.0405836224950033,0.999981745549088,0.771182572886141,1.25051316090097e-10,0.608444512741714,4.30747752355637e-06,0.298198628149819,0.99005772024649,TRUE,TRUE,TRUE,TRUE
"C1qc",0.271104371025351,5.30507175419256e-06,0.274639750578225,3.94126533458543e-06,0.137987478265541,0.999981745549088,0.837560357350362,4.82613036484706e-17,1.20772166202805,5.56539583262357e-08,0.668182088590976,0.99005772024649,TRUE,TRUE,TRUE,TRUE
"C3ar1",0.147577162792739,6.85908411892961e-06,0.147386569664015,8.81400092095678e-06,0.108224883105295,0.999981745549088,0.733837329397486,2.17578664889047e-08,0.348252827757595,4.92668116266484e-05,0.338082401675105,0.99005772024649,TRUE,TRUE,TRUE,TRUE
"Ms4a7",0.304135600441126,2.21948517323499e-09,0.30804715560976,1.10736733020371e-09,0.162364062031223,0.999981745549088,0.127724524005877,0.888218496561249,0.0472466947529902,0.921086421640385,0.0537514017997491,0.998655930123164,TRUE,TRUE,TRUE,TRUE
"Csf1r",0.266740994961098,0.000106402756154745,0.270204789010866,9.37815753180552e-05,0.169180813477783,0.999981745549088,0.5048700778466,0.0278944348513371,0.148827097800579,0.102556985312963,0.157870385642194,0.99005772024649,TRUE,TRUE,TRUE,TRUE
"Clec7a",0.578115137535093,4.18730128352318e-08,0.58690540605386,1.81972256385131e-08,0.217056336256182,0.999981745549088,0.81744634136164,1.95904156370852e-14,0.640488416844819,4.43837478463683e-08,0.53266321958107,0.894528587864884,TRUE,TRUE,TRUE,TRUE
"Clec4d",0.452189504791398,4.00260502352117e-09,0.458346240650459,1.83432543429875e-09,0.132201917665383,0.999981745549088,0.242414165988998,0.67510514967012,0.0877250472497866,0.707687559464045,-0.031408138295676,0.998655930123164,TRUE,TRUE,TRUE,FALSE
