"lower","median","upper","positive_fraction","tissue","gene"
0.243466278109435,0.366006227393643,0.505646734404861,1,"Cochlea","H2-Aa"
0.166619108347082,0.231278530352487,0.317795362064596,1,"Cochlea","H2-Eb1"
0.055062206682722,0.0884369660933053,0.129798811042684,1,"Cochlea","Cd74"
0.0222372289636905,0.051970419361746,0.0860704650919467,1,"Cochlea","Setd1a"
0.403291946612948,0.475421327345966,0.550319545829224,1,"Cochlea","Ctss"
0.389262855435141,0.487256604897314,0.590293943098107,1,"Cochlea","Fcgr3"
0.454312025403289,0.585592636051754,0.694137392949921,1,"Cochlea","Cd68"
0.252013519288867,0.334706960962732,0.451421882732468,1,"Cochlea","Tyrobp"
0.560524809319919,0.644814530270526,0.734454138202153,1,"Cochlea","Mpeg1"
0.454057738584568,0.688625391217295,0.934456338027217,1,"Cochlea","Lgals3"
0.0452729619423365,0.115890267061304,0.183366093154998,1,"Cochlea","C1qa"
0.0683014973880634,0.117684879466738,0.160968161009859,1,"Cochlea","C1qb"
0.199986711858248,0.276464736177506,0.358700944499318,1,"Cochlea","C1qc"
0.102052355624575,0.149878840920903,0.185767301191991,1,"Cochlea","C3ar1"
0.257271721118787,0.309575866798735,0.363846048463272,1,"Cochlea","Ms4a7"
0.16336856459671,0.271463380383641,0.375582618942282,1,"Cochlea","Csf1r"
0.467162525884817,0.587964400356597,0.68413274931787,1,"Cochlea","Clec7a"
0.396793458907183,0.460738092738716,0.527697538522106,1,"Cochlea","Clec4d"
0.231737868592493,0.385784330854084,0.550748430963412,1,"Inferior colliculus","H2-Aa"
0.0411780176688983,0.147413617263096,0.261763306617521,1,"Inferior colliculus","H2-Eb1"
0.133432612911283,0.196567577957524,0.274405236358324,1,"Inferior colliculus","Cd74"
-0.0336674765612436,0.0402735912553112,0.110652584531284,0.836,"Inferior colliculus","Setd1a"
0.164185341595177,0.258624421910315,0.359736970162509,1,"Inferior colliculus","Ctss"
0.3410072520493,0.435518352155852,0.531979918878691,1,"Inferior colliculus","Fcgr3"
0.376291691514363,0.481082579274708,0.587110624462627,1,"Inferior colliculus","Cd68"
0.385335488762898,0.519490599271138,0.667869972730683,1,"Inferior colliculus","Tyrobp"
0.972572994016981,1.20413858805091,1.39896915114054,1,"Inferior colliculus","Mpeg1"
0.192232468647067,0.364900414274633,0.537982791599378,1,"Inferior colliculus","Lgals3"
0.638512315276845,0.849486677776675,1.08590589956181,1,"Inferior colliculus","C1qa"
0.445731893380813,0.601268673685461,0.741254099450512,1,"Inferior colliculus","C1qb"
0.986982609008675,1.21671066916001,1.42279074760587,1,"Inferior colliculus","C1qc"
0.226457804414396,0.350686106640457,0.477089736982616,1,"Inferior colliculus","C3ar1"
-0.0897758301293363,0.0478439128922074,0.175544898442884,0.766,"Inferior colliculus","Ms4a7"
0.0591235893213913,0.144264160302712,0.278854429671944,1,"Inferior colliculus","Csf1r"
0.518096515912323,0.652519015972832,0.756265812058898,1,"Inferior colliculus","Clec7a"
-0.0540570165363366,0.0908525170829031,0.232821391836805,0.898,"Inferior colliculus","Clec4d"
