gene,evidence_score,severity_fdr,severity_r,sp_vs_yc_log2FC,sp_vs_yc_fdr,gse233798_log2FC,gse233798_fdr,direction_concordant,string_degree
H2-Eb1,4,0.0026194570235636,0.5656090128775398,0.5649745984248238,0.000261401428689,0.9746588831682144,0.0003152880763377,True,0
H2-Aa,4,2.563055615886609e-05,0.6519693832765288,0.9574236318009676,0.0149131325526994,0.9949367107570052,0.0004421597058134,True,0
Tyrobp,4,1.600604103531546e-09,0.7471172636560997,0.950792065052168,0.0016551901228904,-0.4640550960561995,0.0089323836279067,False,62
Cd74,4,0.0384578542647321,0.4757466682926183,0.2422644953806187,0.0377035140065933,0.8917590428071982,0.0102841487298666,True,0
Fcgr3,4,5.517783633053645e-16,0.8219425987472927,1.2761463650503302,1.1052524145654845e-07,0.2544090711182143,0.1557595250918965,True,62
Ctss,4,3.2019684626651724e-29,0.8876041864062717,1.3134359899379309,2.373407350597438e-20,0.3487165731087289,0.2825560111855723,True,41
Cd68,4,9.402514936027946e-15,0.8105294719287857,1.503155145582868,1.4147309480253781e-08,0.2862966183670776,0.480554040444145,True,48
Setd1a,3,0.1979053017674709,0.3754108064002564,0.1647067734529148,0.0197774901496604,0.2370090660688357,3.4875222875934013e-08,True,0
Clec7a,3,1.6397229348677264e-15,0.8171941113508976,1.4899287600928923,4.6106800321964195e-12,0.3473674359501545,0.1804129847045155,True,0
C1qa,3,0.02444740176514,0.4951909601761136,0.3117556107889765,0.3877558693199257,0.2580234646662411,0.417487352744912,True,40
C1qb,3,0.0008289072000295,0.5922271105126503,0.3103645229433596,0.0220732000073265,0.2035046184066367,0.4604721333720793,True,36
C3ar1,3,3.0133224573936635e-10,0.7598966401598685,0.4361520625335799,2.981735145703175e-07,0.0769618449635021,0.7123381460117781,True,32
Lgals3,3,2.8989507338252947e-06,0.6796159743359297,1.6998758246468846,0.0133666727271099,0.0922275689798399,0.8682576149100769,True,0
Ms4a7,3,5.84669458779316e-21,0.853801497854121,0.8154991538744998,2.329197463933102e-15,0.0879622158880066,0.9957277107923596,True,21
Nfatc2,2,0.2465830179679768,0.3526782095901831,0.1845035106892218,0.1262725214598165,0.530266535885692,2.8148615499602825e-08,True,0
Ddx1,2,0.0371468697517354,-0.4776390659955712,-0.3320630053699815,0.1903244365352727,-0.1482228726067465,0.1113675904286458,True,0
Mpeg1,2,2.2479206320765784e-27,0.8808337591160809,1.6828634769255402,9.514374689052328e-23,-0.260187564528493,0.4878449192009713,False,19
Clec4d,2,2.664395340409111e-19,0.8442380517946498,1.1520306570959065,1.6127984935494637e-23,-0.1663978471751912,0.7057539990442033,False,24
Apoe,1,0.9134745720883444,-0.0583152305927888,-0.1216224445741556,0.9459847294540016,0.883894106417225,8.861011411713767e-14,False,0
Mif,1,0.8678781974645137,-0.0843311231843534,0.0033327533409099,0.9956956020297364,-0.7108616717687237,0.0004342673812512,False,0
Laptm5,1,0.2954374736745702,0.3333540742088264,0.1452622859586583,0.2436443182737424,-0.6270178313099715,0.0010702765699586,False,25
Fgf16,1,0.2167126428660198,0.3665608277504981,0.14425120589304,0.1027272153445441,-0.0424158415065308,0.0054681430311453,False,0
Tbk1,1,0.4843895430755479,-0.2594853789102804,-0.2719524429312638,0.6543633415792955,-0.0203226352315124,1.0,True,0
