gene,contrast,first_group,second_group,log2FC,fold_change,p_value,fdr_bh
Tbk1,MA_vs_YC,MA,YC,0.0742289361373718,1.052798206252119,0.7138424491365836,0.9997480420928512
Ddx1,MA_vs_YC,MA,YC,0.003511542297506054,1.0024369802638315,0.966897818944108,0.9997480420928512
Fgf16,MA_vs_YC,MA,YC,-0.002261287003120671,0.998433823026576,0.9300132338882351,0.9997480420928512
Setd1a,MA_vs_YC,MA,YC,0.014572212839134124,1.0101518723819867,0.7884862393261655,0.9997480420928512
Clec4d,MA_vs_YC,MA,YC,0.0895133753169155,1.064011228242564,0.2431900497418336,0.9997480420928512
Clec7a,MA_vs_YC,MA,YC,0.21056766767576462,1.1571434039432758,0.020207547063694587,0.9997480420928512
Ctss,MA_vs_YC,MA,YC,0.30066563466040996,1.2317125732464769,0.001331716382428106,0.9997480420928512
Mpeg1,MA_vs_YC,MA,YC,0.46138363290973494,1.3768616798086302,1.4533678801337533e-05,0.06612339398648533
Fcgr3,MA_vs_YC,MA,YC,0.17299575514168275,1.12739709498702,0.045780913937471295,0.9997480420928512
Cd68,MA_vs_YC,MA,YC,0.16017898748264514,1.1174257625301491,0.28780416937403863,0.9997480420928512
Lgals3,MA_vs_YC,MA,YC,-0.20178998907657864,0.8694711184669893,0.32973081652826086,0.9997480420928512
Laptm5,MA_vs_YC,MA,YC,0.04525646928142457,1.0318665989127145,0.3526885683324184,0.9997480420928512
C3ar1,MA_vs_YC,MA,YC,0.04615807004214645,1.0325116572559025,0.4042372875911269,0.9997480420928512
Ms4a7,MA_vs_YC,MA,YC,0.1626800171757523,1.1193645914347081,0.0012450477543091301,0.9997480420928512
Cd74,MA_vs_YC,MA,YC,0.04220669178158154,1.0296875939696728,0.45478959749803655,0.9997480420928512
Mif,MA_vs_YC,MA,YC,0.02328721564703251,1.0162724451341296,0.7849484200320778,0.9997480420928512
Apoe,MA_vs_YC,MA,YC,-0.11089571948459565,0.9260129539407608,0.6488956487831561,0.9997480420928512
C1qa,MA_vs_YC,MA,YC,0.03804271437344475,1.026719943724177,0.6114408709088737,0.9997480420928512
C1qb,MA_vs_YC,MA,YC,0.01275208096922853,1.0088782488931556,0.8414723421301716,0.9997480420928512
Tyrobp,MA_vs_YC,MA,YC,0.12457532208545352,1.090186773362651,0.19309609878767886,0.9997480420928512
Pik3cd,MA_vs_YC,MA,YC,-0.0036842078577485893,0.997449559624448,0.9357978434468865,0.9997480420928512
Slc11a1,MA_vs_YC,MA,YC,0.0030266684386397458,1.0021001288826814,0.9692337163883322,0.9997480420928512
Nfatc2,MA_vs_YC,MA,YC,0.013183709100605512,1.0091801320828824,0.8324509415026498,0.9997480420928512
H2-Aa,MA_vs_YC,MA,YC,0.2503324064132446,1.1894811477011518,0.0415825255634726,0.9997480420928512
H2-Eb1,MA_vs_YC,MA,YC,0.11440574646062451,1.0825290543700572,0.16009570712735188,0.9997480420928512
Tbk1,MP_vs_MA,MP,MA,-0.11673847924645919,0.9222702848838616,0.22345914954777357,0.9991018451862418
Ddx1,MP_vs_MA,MP,MA,-0.19926140666835934,0.8709963591431681,0.05787012581893756,0.8477968017279365
Fgf16,MP_vs_MA,MP,MA,0.0009050356557089856,1.0006275197212315,0.9850841376248549,0.9994541291474923
Setd1a,MP_vs_MA,MP,MA,0.04780405951394151,1.0336903354454319,0.4073480629145694,0.9991018451862418
Clec4d,MP_vs_MA,MP,MA,0.8605360160439925,1.8157127916455613,1.8902000701161966e-12,6.449835189253992e-09
Clec7a,MP_vs_MA,MP,MA,1.0516982786737294,2.072968621669328,3.294940158675617e-07,0.00024984799014313055
Ctss,MP_vs_MA,MP,MA,0.70241889046933,1.6272307986129217,4.733650415439619e-14,2.1536531506778455e-10
Mpeg1,MP_vs_MA,MP,MA,1.0838048466982375,2.1196188266455467,7.296223186645647e-16,9.958615027452644e-12
Fcgr3,MP_vs_MA,MP,MA,0.812582661116382,1.7563527900414904,2.2960612716789315e-10,4.476991471020819e-07
Cd68,MP_vs_MA,MP,MA,1.0427262627642815,2.060116983160015,6.5593870696110075e-12,1.7905814822624126e-08
Lgals3,MP_vs_MA,MP,MA,1.4054221738485193,2.6489528667877464,3.534243502521143e-06,0.0018553419063811955
Laptm5,MP_vs_MA,MP,MA,0.030033151073471487,1.0210355873785262,0.5988147100664265,0.9991018451862418
C3ar1,MP_vs_MA,MP,MA,0.18031374187906835,1.1331302795506906,0.00048781520838014615,0.08604907169093975
Ms4a7,MP_vs_MA,MP,MA,0.4909715398076191,1.405390975641981,3.082242998832038e-10,5.25869183638231e-07
Cd74,MP_vs_MA,MP,MA,0.13314056907617022,1.0966784383105,0.0793550074143234,0.9015990559347411
Mif,MP_vs_MA,MP,MA,-0.1333833127370596,0.9116909042276667,0.14589778463918135,0.9865570617313345
Apoe,MP_vs_MA,MP,MA,-0.011560608367195968,0.9920188170316346,0.9650797803269101,0.9991018451862418
C1qa,MP_vs_MA,MP,MA,0.17041548817319274,1.125382541955964,0.01659497201565385,0.5865909451745879
C1qb,MP_vs_MA,MP,MA,0.21153495352353424,1.1579194957132548,0.00448175644390189,0.33796405360672316
Tyrobp,MP_vs_MA,MP,MA,0.44466975058153047,1.3610025317706933,5.05755185386259e-06,0.002380362939771396
Pik3cd,MP_vs_MA,MP,MA,0.013543349667015647,1.0094317357451854,0.7479435946595798,0.9991018451862418
Slc11a1,MP_vs_MA,MP,MA,0.08597565940819507,1.0614053011796938,0.3356312061736389,0.9991018451862418
Nfatc2,MP_vs_MA,MP,MA,0.015665086305009623,1.0109173747177636,0.7908816693417198,0.9991018451862418
H2-Aa,MP_vs_MA,MP,MA,0.612533036247001,1.5289413183010623,0.001623402031785778,0.19778306254269412
H2-Eb1,MP_vs_MA,MP,MA,0.41212896722928427,1.3306479867407035,0.026425026483458094,0.6784922376732802
Tbk1,MP_vs_YC,MP,YC,-0.04250954310908739,0.9709645016053604,0.8416614459901028,0.9979620333227043
Ddx1,MP_vs_YC,MP,YC,-0.1957498643708533,0.8731189600802692,0.11489629091492583,0.9979620333227043
Fgf16,MP_vs_YC,MP,YC,-0.0013562513474116855,0.9990603599408697,0.9779000614833684,0.9994125159835916
Setd1a,MP_vs_YC,MP,YC,0.062376272353075635,1.0441842278133666,0.30748097267757135,0.9979620333227043
Clec4d,MP_vs_YC,MP,YC,0.950049391360908,1.9319387975745284,2.3732248005225918e-12,4.0490181627916066e-09
Clec7a,MP_vs_YC,MP,YC,1.262265946349494,2.398721967146047,5.60574107497992e-09,5.4651971380286375e-06
Ctss,MP_vs_YC,MP,YC,1.00308452512974,2.004280634225441,6.111836569990782e-21,4.171022867190209e-17
Mpeg1,MP_vs_YC,MP,YC,1.5451884796079725,2.9184219382091854,9.947551495413363e-27,1.3577413036089699e-22
Fcgr3,MP_vs_YC,MP,YC,0.9855784162580647,1.9801070332651236,1.1111025862412338e-15,3.79135979990165e-12
Cd68,MP_vs_YC,MP,YC,1.2029052502469266,2.3020277908088898,7.642292773587631e-11,1.1589961562966397e-07
Lgals3,MP_vs_YC,MP,YC,1.2036321847719407,2.3031880118522796,0.0007902278110266095,0.11984243769669103
Laptm5,MP_vs_YC,MP,YC,0.07528962035489606,1.0535725189171254,0.18706801646152757,0.9979620333227043
C3ar1,MP_vs_YC,MP,YC,0.2264718119212148,1.1699702228257278,0.0011782593749913126,0.14358984115407522
Ms4a7,MP_vs_YC,MP,YC,0.6536515569833714,1.5731448952555118,1.139478613115422e-19,5.184247863470798e-16
Cd74,MP_vs_YC,MP,YC,0.17534726085775176,1.129236182502357,0.013899909214874887,0.5767679681061174
Mif,MP_vs_YC,MP,YC,-0.1100960970900271,0.9265263444459966,0.26613867919976736,0.9979620333227043
Apoe,MP_vs_YC,MP,YC,-0.12245632785179161,0.9186222751242831,0.6634594525964619,0.9979620333227043
C1qa,MP_vs_YC,MP,YC,0.2084582025466375,1.1554527001451984,0.0221548742430714,0.7014544154804115
C1qb,MP_vs_YC,MP,YC,0.22428703449276277,1.1681997931944341,0.01255968477211566,0.5494459533801495
Tyrobp,MP_vs_YC,MP,YC,0.569245072666984,1.4837469586494911,3.777100005830173e-08,2.864090998865335e-05
Pik3cd,MP_vs_YC,MP,YC,0.009859141809267058,1.0068572402899774,0.8573855219980147,0.9979620333227043
Slc11a1,MP_vs_YC,MP,YC,0.08900232784683482,1.0636343891089326,0.3820947083483398,0.9979620333227043
Nfatc2,MP_vs_YC,MP,YC,0.028848795405615135,1.0201977297425533,0.696248383688566,0.9979620333227043
H2-Aa,MP_vs_YC,MP,YC,0.8628654426602456,1.8186468740604593,7.200318460286811e-06,0.002656139099039316
H2-Eb1,MP_vs_YC,MP,YC,0.5265347136899088,1.4404651067858343,0.0036090477965966565,0.28473926806790617
Tbk1,SP_vs_MA,SP,MA,-0.34618137906863566,0.7866635379161144,2.9914192245169493e-07,8.687208722432308e-05
Ddx1,SP_vs_MA,SP,MA,-0.3355745476674876,0.7924684762824729,0.0021405702971795497,0.056033508740745176
Fgf16,SP_vs_MA,SP,MA,0.14651249289616075,1.1068904872961647,0.002193492953242023,0.05695417494161431
Setd1a,SP_vs_MA,SP,MA,0.15013456061378072,1.109672966782951,0.00014527526000191143,0.008975806000360964
Clec4d,SP_vs_MA,SP,MA,1.062517281778991,2.088572583332459,4.8138266973629566e-33,6.570392059230699e-29
Clec7a,SP_vs_MA,SP,MA,1.279361092417128,2.427314577502815,3.4060987767437476e-13,4.22634929125231e-10
Ctss,SP_vs_MA,SP,MA,1.012770355277521,2.0177820564364675,2.1844044296549943e-17,9.938312020120339e-14
Mpeg1,SP_vs_MA,SP,MA,1.2214798440158052,2.3318578491156194,2.6760112825143724e-16,9.131219498759667e-13
Fcgr3,SP_vs_MA,SP,MA,1.1031506099086474,2.148233195981538,3.957226155276821e-08,1.5432051369535237e-05
Cd68,SP_vs_MA,SP,MA,1.3429761581002229,2.536740876263585,5.364392562561153e-12,5.632199545107476e-09
Lgals3,SP_vs_MA,SP,MA,1.9016658137234632,3.7364437764161447,1.7559997335554268e-06,0.00033288389393469473
Laptm5,SP_vs_MA,SP,MA,0.10000581667723374,1.0717777837356388,0.0935112785638672,0.4307068084771334
C3ar1,SP_vs_MA,SP,MA,0.3899939924914335,1.3103879472767672,2.8867840386678744e-14,4.925214417972227e-11
Ms4a7,SP_vs_MA,SP,MA,0.6528191366987475,1.572237468552125,1.5830671512110837e-11,1.3149123472045797e-08
Cd74,SP_vs_MA,SP,MA,0.20005780359903724,1.1487443801287818,0.007453941360993171,0.12042582928074155
Mif,SP_vs_MA,SP,MA,-0.019954462306122522,0.9862638347534022,0.8966701621741419,0.9702908680749927
Apoe,SP_vs_MA,SP,MA,-0.010726725089559963,0.9925923734629607,0.9785194937525336,0.9941919217162434
C1qa,SP_vs_MA,SP,MA,0.27371289641553176,1.2089150717011132,0.048172283426137455,0.3109334122788574
C1qb,SP_vs_MA,SP,MA,0.29761244197413106,1.2291086416052566,1.221780254965563e-05,0.0013668916967233581
Tyrobp,SP_vs_MA,SP,MA,0.8262167429667144,1.773029749109366,7.668956806852855e-05,0.005725054119559207
Pik3cd,SP_vs_MA,SP,MA,0.1542426717318559,1.1128372921173075,0.03087966238251103,0.2525323618088035
Slc11a1,SP_vs_MA,SP,MA,0.244555322375696,1.1847275495912788,0.007444378637098006,0.12042582928074155
Nfatc2,SP_vs_MA,SP,MA,0.17131980158861637,1.1260881779538978,0.00022651468865641708,0.012775615642443955
H2-Aa,SP_vs_MA,SP,MA,0.7070912253877228,1.6325093168799518,0.005213211377770048,0.09839236065867621
H2-Eb1,SP_vs_MA,SP,MA,0.45056885196419927,1.3665789900839547,0.00019248602981821852,0.011286752025288697
Tbk1,SP_vs_MP,SP,MP,-0.22944289982217647,0.8529642023706492,0.014843838720395994,0.7475511229158561
Ddx1,SP_vs_MP,SP,MP,-0.13631314099912828,0.9098413190407063,0.3375637682150158,0.9995726086950963
Fgf16,SP_vs_MP,SP,MP,0.14560745724045177,1.1061963272852393,0.021687606494868925,0.8401301585690689
Setd1a,SP_vs_MP,SP,MP,0.10233050109983921,1.073506183362716,0.03467318663221845,0.8946720771352248
Clec4d,SP_vs_MP,SP,MP,0.20198126573499842,1.1502769562137676,0.15685507607488922,0.9995726086950963
Clec7a,SP_vs_MP,SP,MP,0.22766281374339847,1.1709364783091303,0.3881425529915255,0.9995726086950963
Ctss,SP_vs_MP,SP,MP,0.31035146480819087,1.240009750403236,0.016937970644751665,0.7899580737389161
Mpeg1,SP_vs_MP,SP,MP,0.13767499731756772,1.1001307498320143,0.4399516565557347,0.9995726086950963
Fcgr3,SP_vs_MP,SP,MP,0.29056794879226544,1.2231216918161358,0.18456903310882142,0.9995726086950963
Cd68,SP_vs_MP,SP,MP,0.3002498953359414,1.2313576835682778,0.17669676305046977,0.9995726086950963
Lgals3,SP_vs_MP,SP,MP,0.4962436398749439,1.4105361493076112,0.3151307651644015,0.9995726086950963
Laptm5,SP_vs_MP,SP,MP,0.06997266560376225,1.0496967950817382,0.29372151441484184,0.9995726086950963
C3ar1,SP_vs_MP,SP,MP,0.20968025061236517,1.1564318515928838,0.001654637195980186,0.41711721222198916
Ms4a7,SP_vs_MP,SP,MP,0.16184759689112838,1.1187189158048556,0.14005012039008252,0.9995726086950963
Cd74,SP_vs_MP,SP,MP,0.06691723452286702,1.0474760330826716,0.43917032926541116,0.9995726086950963
Mif,SP_vs_MP,SP,MP,0.11342885043093709,1.0817962866361044,0.4828483957611506,0.9995726086950963
Apoe,SP_vs_MP,SP,MP,0.000833883277636005,1.0005781709192194,0.9984255778213165,0.9995726086950963
C1qa,SP_vs_MP,SP,MP,0.10329740824233902,1.0742258979777366,0.4850235645454561,0.9995726086950963
C1qb,SP_vs_MP,SP,MP,0.08607748845059682,1.0614802204778069,0.3544169400312989,0.9995726086950963
Tyrobp,SP_vs_MP,SP,MP,0.38154699238518397,1.3027380241553383,0.07270359471421949,0.9810930058296694
Pik3cd,SP_vs_MP,SP,MP,0.14069932206484026,1.102439375254817,0.06985980912102874,0.9796224558843041
Slc11a1,SP_vs_MP,SP,MP,0.15857966296750092,1.116187707254259,0.1570887014271332,0.9995726086950963
Nfatc2,SP_vs_MP,SP,MP,0.15565471528360675,1.1139270192762178,0.010878068236765398,0.6718314631837597
H2-Aa,SP_vs_MP,SP,MP,0.0945581891407219,1.067738373827174,0.7470393721223068,0.9995726086950963
H2-Eb1,SP_vs_MP,SP,MP,0.038439884734915,1.0270026360850406,0.8488831141164168,0.9995726086950963
Tbk1,SP_vs_YC,SP,YC,-0.27195244293126386,0.8281979616420312,0.17738706947316382,0.6543633415792955
Ddx1,SP_vs_YC,SP,YC,-0.33206300536998157,0.7943997063188819,0.00935656069420236,0.19032443653527276
Fgf16,SP_vs_YC,SP,YC,0.14425120589304008,1.1051569009028595,0.0028750674966382776,0.10272721534454411
Setd1a,SP_vs_YC,SP,YC,0.16470677345291485,1.120938225127472,0.00020575892748566103,0.019777490149660473
Clec4d,SP_vs_YC,SP,YC,1.1520306570959065,2.2222646796653147,2.363247847533832e-27,1.6127984935494637e-23
Clec7a,SP_vs_YC,SP,YC,1.4899287600928925,2.8087510526527417,2.36462453112865e-15,4.61068003219642e-12
Ctss,SP_vs_YC,SP,YC,1.3134359899379309,2.485327528983929,6.955549419290609e-24,2.373407350597438e-20
Mpeg1,SP_vs_YC,SP,YC,1.6828634769255402,3.2106457152082717,2.091224563496006e-26,9.514374689052328e-23
Fcgr3,SP_vs_YC,SP,YC,1.2761463650503302,2.4219118645042674,1.0526984679721075e-10,1.1052524145654844e-07
Cd68,SP_vs_YC,SP,YC,1.503155145582868,2.8346196080002346,1.140159750038769e-11,1.414730948025378e-08
Lgals3,SP_vs_YC,SP,YC,1.6998758246468846,3.248729949369567,0.00011863002507158364,0.013366672727109934
Laptm5,SP_vs_YC,SP,YC,0.1452622859586583,1.1059316964935004,0.014816087930779267,0.24364431827374242
C3ar1,SP_vs_YC,SP,YC,0.43615206253357997,1.3529908310908951,3.4953302316104325e-10,2.9817351457031747e-07
Ms4a7,SP_vs_YC,SP,YC,0.8154991538744998,1.7599069516241892,8.53248393264379e-19,2.329197463933102e-15
Cd74,SP_vs_YC,SP,YC,0.24226449538061878,1.1828478368609885,0.0005469481847245567,0.03770351400659331
Mif,SP_vs_YC,SP,YC,0.0033327533409099885,1.0023127588922032,0.9831825079665333,0.9956956020297364
Apoe,SP_vs_YC,SP,YC,-0.12162244457415561,0.9191533958095071,0.7667971662536457,0.9459847294540016
C1qa,SP_vs_YC,SP,YC,0.3117556107889765,1.2412172143842763,0.03739020155397607,0.38775586931992573
C1qb,SP_vs_YC,SP,YC,0.3103645229433596,1.2400209740421564,0.0002458148143536988,0.022073200007326547
Tyrobp,SP_vs_YC,SP,YC,0.950792065052168,1.9329335812575306,7.1548257931378296e-06,0.0016551901228904786
Pik3cd,SP_vs_YC,SP,YC,0.15055846387410732,1.1099990669560718,0.05863284811818484,0.46649509136012474
Slc11a1,SP_vs_YC,SP,YC,0.24758199081433574,1.187215630136284,0.016922632073862947,0.2646074843742141
Nfatc2,SP_vs_YC,SP,YC,0.18450351068922188,1.136425816164487,0.004089124073942334,0.12627252145981657
H2-Aa,SP_vs_YC,SP,YC,0.9574236318009675,1.9418390558751883,0.00014094762248503416,0.014913132552699467
H2-Eb1,SP_vs_YC,SP,YC,0.5649745984248238,1.4793614618575714,6.320057987207147e-07,0.0002614014286890617
