cluster,cell_type,score,markers
0,Hair cells,-0.02023720324205126,4
1,Hair cells,-0.02563220804789321,4
10,Hair cells,0.021151956274090254,4
11,Hair cells,-0.0035557063945098927,4
12,Hair cells,0.045177468035208265,4
13,Hair cells,0.5393955564408153,4
14,Hair cells,0.007261774165116802,4
15,Hair cells,-0.024785906578812578,4
2,Hair cells,0.5362463252590507,4
3,Hair cells,-0.003311228019514596,4
4,Hair cells,-0.008686178346670815,4
5,Hair cells,-0.04097150745937617,4
6,Hair cells,0.0029370981970573947,4
7,Hair cells,0.0014303401812611038,4
8,Hair cells,0.009169436227262413,4
9,Hair cells,-0.025027437321606946,4
0,Inner hair cells,-0.05685703953395904,3
1,Inner hair cells,-0.04503578133235434,3
10,Inner hair cells,-0.0023820534762990222,3
11,Inner hair cells,0.012002967454401063,3
12,Inner hair cells,0.015395842032474384,3
13,Inner hair cells,0.5360524791637074,3
14,Inner hair cells,-0.0015813455627800962,3
15,Inner hair cells,-0.03807043049117779,3
2,Inner hair cells,0.8384683107492416,3
3,Inner hair cells,-0.04049298330038632,3
4,Inner hair cells,0.19635367809678425,3
5,Inner hair cells,-0.054732470066697736,3
6,Inner hair cells,-0.058130348304523134,3
7,Inner hair cells,-0.054509057342103026,3
8,Inner hair cells,-0.04893777303646358,3
9,Inner hair cells,-0.0628723202743844,3
0,Outer hair cells,-0.057677223313909856,3
1,Outer hair cells,-0.052402905889685256,3
10,Outer hair cells,0.021339554474111466,3
11,Outer hair cells,-0.07028955539067586,3
12,Outer hair cells,0.006139995659652519,3
13,Outer hair cells,1.3166066888659245,3
14,Outer hair cells,-0.0049357305433270935,3
15,Outer hair cells,-0.061653134037019115,3
2,Outer hair cells,0.3947740516298728,3
3,Outer hair cells,-0.01753105349090683,3
4,Outer hair cells,-0.05047044827137141,3
5,Outer hair cells,-0.0901875396891757,3
6,Outer hair cells,-0.014844939758675912,3
7,Outer hair cells,-0.04456314499811692,3
8,Outer hair cells,0.008906690711475169,3
9,Outer hair cells,-0.06649334728972933,3
0,Supporting cells,0.047054572754681036,5
1,Supporting cells,0.1761293205007612,5
10,Supporting cells,0.2427941515431959,5
11,Supporting cells,0.13806769631747848,5
12,Supporting cells,0.27315624415717626,5
13,Supporting cells,0.14744291080055305,5
14,Supporting cells,0.3065912469378125,5
15,Supporting cells,0.2308693725147461,5
2,Supporting cells,0.19013399727043062,5
3,Supporting cells,0.31088867658961455,5
4,Supporting cells,0.0019134361362084752,5
5,Supporting cells,-0.09829194481308395,5
6,Supporting cells,0.22030957394040063,5
7,Supporting cells,0.04450289356275039,5
8,Supporting cells,0.1315289874088613,5
9,Supporting cells,0.3050215334000595,5
0,Spiral ganglion neurons,-0.009030802359616688,4
1,Spiral ganglion neurons,-0.020397272716071464,4
10,Spiral ganglion neurons,-0.01799525450913853,4
11,Spiral ganglion neurons,0.08545700740115143,4
12,Spiral ganglion neurons,0.09637545589553682,4
13,Spiral ganglion neurons,0.04045991300448372,4
14,Spiral ganglion neurons,0.010127403253621972,4
15,Spiral ganglion neurons,-0.013881649827965244,4
2,Spiral ganglion neurons,0.020146107420154005,4
3,Spiral ganglion neurons,-0.01362020389929764,4
4,Spiral ganglion neurons,0.9327390330079168,4
5,Spiral ganglion neurons,-0.09137063591329901,4
6,Spiral ganglion neurons,-0.010518888300136914,4
7,Spiral ganglion neurons,-0.044216629503351264,4
8,Spiral ganglion neurons,-0.013785626286063666,4
9,Spiral ganglion neurons,-0.022554861577900414,4
0,Glia/Schwann,0.13713879489442002,4
1,Glia/Schwann,-0.04397454660673491,4
10,Glia/Schwann,0.07239001751937463,4
11,Glia/Schwann,0.916343192914386,4
12,Glia/Schwann,0.226889298139957,4
13,Glia/Schwann,0.008876548615515721,4
14,Glia/Schwann,0.09019280891576212,4
15,Glia/Schwann,-0.025513028877775283,4
2,Glia/Schwann,0.00962243633366179,4
3,Glia/Schwann,0.09796399356832602,4
4,Glia/Schwann,0.01501922605986086,4
5,Glia/Schwann,-0.044906781514485676,4
6,Glia/Schwann,0.11315305271437241,4
7,Glia/Schwann,0.0392608075457992,4
8,Glia/Schwann,0.13515099820980847,4
9,Glia/Schwann,-0.04680724490511666,4
0,Stria vascularis,0.0909553787207509,5
1,Stria vascularis,-0.02051504168614587,5
10,Stria vascularis,0.0077035654401827,5
11,Stria vascularis,0.16533292027093746,5
12,Stria vascularis,0.023192919983675606,5
13,Stria vascularis,0.033315361336347486,5
14,Stria vascularis,0.040717545958672566,5
15,Stria vascularis,0.047129846404866144,5
2,Stria vascularis,0.05202777740736117,5
3,Stria vascularis,-0.023978983911918075,5
4,Stria vascularis,0.051001800701022164,5
5,Stria vascularis,-0.06613336556666607,5
6,Stria vascularis,0.020246407344582534,5
7,Stria vascularis,-0.03654231944517657,5
8,Stria vascularis,0.07798104437601415,5
9,Stria vascularis,-0.04818213355923924,5
0,Fibrocytes,0.06724999982189471,4
1,Fibrocytes,-0.04133289798375238,4
10,Fibrocytes,0.04652447848460898,4
11,Fibrocytes,0.03821570051856983,4
12,Fibrocytes,0.057020392917227325,4
13,Fibrocytes,-0.07518105664789607,4
14,Fibrocytes,0.028045608786012647,4
15,Fibrocytes,0.03450134824832442,4
2,Fibrocytes,-0.03460618379624563,4
3,Fibrocytes,-0.0638788936790282,4
4,Fibrocytes,-0.06025656050420366,4
5,Fibrocytes,-0.175898959035272,4
6,Fibrocytes,-0.07264039448876349,4
7,Fibrocytes,-0.03671034655065248,4
8,Fibrocytes,0.27052050428598995,4
9,Fibrocytes,0.34610443038759287,4
0,Endothelial,-0.00682443630165174,3
1,Endothelial,-0.0003118895581274323,3
10,Endothelial,0.0013258459411788178,3
11,Endothelial,0.06654128803883068,3
12,Endothelial,0.0013907360507730837,3
13,Endothelial,0.0041998725322166235,3
14,Endothelial,0.013940945857175431,3
15,Endothelial,-0.003196043312266338,3
2,Endothelial,-0.006354268253382441,3
3,Endothelial,-0.004661928852672763,3
4,Endothelial,-0.003712215460836887,3
5,Endothelial,0.004034506490638667,3
6,Endothelial,-0.007027160715430028,3
7,Endothelial,0.03438477455666571,3
8,Endothelial,-0.0032880906552622785,3
9,Endothelial,-0.0018384712271157146,3
0,Macrophages/Microglia,-0.008753519881423819,14
1,Macrophages/Microglia,-0.009128956993336303,14
10,Macrophages/Microglia,-0.011013934233265339,14
11,Macrophages/Microglia,-0.010215880863894695,14
12,Macrophages/Microglia,-0.01677680247660408,14
13,Macrophages/Microglia,-0.013279469795971176,14
14,Macrophages/Microglia,0.00748280141141103,14
15,Macrophages/Microglia,-0.010298064050376985,14
2,Macrophages/Microglia,-0.013857312649100288,14
3,Macrophages/Microglia,-0.006085196961726876,14
4,Macrophages/Microglia,-0.02207125389567593,14
5,Macrophages/Microglia,1.1379958192805035,14
6,Macrophages/Microglia,-0.00862091510083423,14
7,Macrophages/Microglia,0.4206973952955662,14
8,Macrophages/Microglia,-0.005242015544030087,14
9,Macrophages/Microglia,-0.011417349455517754,14
0,T cells,-0.0012806427266197759,4
1,T cells,-0.0013287418719259412,4
10,T cells,-0.000674681766939498,4
11,T cells,-0.005309897561868032,4
12,T cells,0.00017700599735243273,4
13,T cells,-0.0031819659513635263,4
14,T cells,-0.0014271668649642505,4
15,T cells,-0.0014406279872569276,4
2,T cells,-0.0022937365350138637,4
3,T cells,-0.0013997702169746622,4
4,T cells,-0.008980046266224236,4
5,T cells,-0.02506126125653585,4
6,T cells,0.0004624851349563826,4
7,T cells,0.012247387280969909,4
8,T cells,0.00022516084238571556,4
9,T cells,-0.002752192442017867,4
0,B cells,-0.001642748350673352,3
1,B cells,-9.150664713148149e-05,3
10,B cells,-0.0022697216264677164,3
11,B cells,-0.0029947406656553044,3
12,B cells,-0.005006247692544398,3
13,B cells,-0.003376777223484854,3
14,B cells,0.006966099441004039,3
15,B cells,-0.0012318524820845213,3
2,B cells,-0.0031445188658114453,3
3,B cells,0.00109308574156777,3
4,B cells,-0.00422344754566699,3
5,B cells,0.01703660521212321,3
6,B cells,-0.0013046449362236346,3
7,B cells,-0.002297117681262792,3
8,B cells,-0.001337292691082172,3
9,B cells,-0.001480478807121008,3
