gene,cell_type,age_months,cells,mean_log_expression,percent_expressing
Cd74,Fibrocytes,3,246,0.004197503493084171,0.40650406504065045
Cd74,Fibrocytes,12,721,0.034347160183275625,2.0804438280166435
Cd74,Fibrocytes,24,365,0.0028046676557357997,0.273972602739726
Cd74,Glia/Schwann,3,205,0.02877420913882372,1.4634146341463417
Cd74,Glia/Schwann,12,410,0.0358413972505709,2.4390243902439024
Cd74,Glia/Schwann,24,250,0.015826923847198485,0.8
Cd74,Inner hair cells,3,107,0.024795910465383084,1.8691588785046727
Cd74,Inner hair cells,12,113,0.0,0.0
Cd74,Inner hair cells,24,41,0.0,0.0
Cd74,Macrophages/Microglia,3,53,0.4607349341770388,16.9811320754717
Cd74,Macrophages/Microglia,12,61,1.4735174486871625,54.09836065573771
Cd74,Macrophages/Microglia,24,33,0.5375554507428949,30.303030303030305
Cd74,Outer hair cells,3,102,0.009424109669292675,0.9803921568627451
Cd74,Outer hair cells,12,163,0.023140162778046966,1.8404907975460123
Cd74,Outer hair cells,24,18,0.0,0.0
Cd74,Spiral ganglion neurons,3,78,0.03336781721848708,1.282051282051282
Cd74,Spiral ganglion neurons,12,17,0.09842817222370821,11.76470588235294
Cd74,Spiral ganglion neurons,24,33,0.0,0.0
Cd74,Supporting cells,3,2125,0.012699051464305205,1.0823529411764705
Cd74,Supporting cells,12,4048,0.026749290389711914,1.6798418972332017
Cd74,Supporting cells,24,2214,0.009247746005613953,0.7226738934056007
H2-Aa,Fibrocytes,3,246,0.0,0.0
H2-Aa,Fibrocytes,12,721,0.016438884766521798,1.1095700416088765
H2-Aa,Fibrocytes,24,365,0.0,0.0
H2-Aa,Glia/Schwann,3,205,0.0,0.0
H2-Aa,Glia/Schwann,12,410,0.005456881188764804,0.4878048780487805
H2-Aa,Glia/Schwann,24,250,0.0,0.0
H2-Aa,Inner hair cells,3,107,0.0,0.0
H2-Aa,Inner hair cells,12,113,0.0,0.0
H2-Aa,Inner hair cells,24,41,0.018349723118107494,2.4390243902439024
H2-Aa,Macrophages/Microglia,3,53,0.34122566681987837,13.20754716981132
H2-Aa,Macrophages/Microglia,12,61,0.8178815162572705,32.78688524590164
H2-Aa,Macrophages/Microglia,24,33,0.22252722400607486,15.151515151515152
H2-Aa,Outer hair cells,3,102,0.0,0.0
H2-Aa,Outer hair cells,12,163,0.02533417172227169,1.2269938650306749
H2-Aa,Outer hair cells,24,18,0.0,0.0
H2-Aa,Spiral ganglion neurons,3,78,0.0,0.0
H2-Aa,Spiral ganglion neurons,12,17,0.0,0.0
H2-Aa,Spiral ganglion neurons,24,33,0.0,0.0
H2-Aa,Supporting cells,3,2125,0.0031197987163768095,0.2823529411764706
H2-Aa,Supporting cells,12,4048,0.013915350756390764,0.7905138339920948
H2-Aa,Supporting cells,24,2214,0.0018772309227041435,0.18066847335140018
H2-Eb1,Fibrocytes,3,246,0.0,0.0
H2-Eb1,Fibrocytes,12,721,0.01646458986893441,1.248266296809986
H2-Eb1,Fibrocytes,24,365,0.0,0.0
H2-Eb1,Glia/Schwann,3,205,0.013233158937314662,0.975609756097561
H2-Eb1,Glia/Schwann,12,410,0.010905114470458612,0.975609756097561
H2-Eb1,Glia/Schwann,24,250,0.0,0.0
H2-Eb1,Inner hair cells,3,107,0.0,0.0
H2-Eb1,Inner hair cells,12,113,0.0,0.0
H2-Eb1,Inner hair cells,24,41,0.0,0.0
H2-Eb1,Macrophages/Microglia,3,53,0.23439238881165125,9.433962264150944
H2-Eb1,Macrophages/Microglia,12,61,0.9932168311760073,37.704918032786885
H2-Eb1,Macrophages/Microglia,24,33,0.289328548041257,15.151515151515152
H2-Eb1,Outer hair cells,3,102,0.03595168976222768,1.9607843137254901
H2-Eb1,Outer hair cells,12,163,0.015657195284322727,0.6134969325153374
H2-Eb1,Outer hair cells,24,18,0.0,0.0
H2-Eb1,Spiral ganglion neurons,3,78,0.0,0.0
H2-Eb1,Spiral ganglion neurons,12,17,0.0,0.0
H2-Eb1,Spiral ganglion neurons,24,33,0.0,0.0
H2-Eb1,Supporting cells,3,2125,0.00687544724520515,0.5176470588235295
H2-Eb1,Supporting cells,12,4048,0.014246515274460136,0.8893280632411068
H2-Eb1,Supporting cells,24,2214,0.003960214198550988,0.22583559168925021
Setd1a,Fibrocytes,3,246,0.12176282958286565,7.723577235772358
Setd1a,Fibrocytes,12,721,0.15528199771075574,11.927877947295423
Setd1a,Fibrocytes,24,365,0.1530614583459619,9.04109589041096
Setd1a,Glia/Schwann,3,205,0.1759721684746626,11.707317073170733
Setd1a,Glia/Schwann,12,410,0.2110348056002361,17.317073170731707
Setd1a,Glia/Schwann,24,250,0.15285603296756745,12.0
Setd1a,Inner hair cells,3,107,0.17705894909172415,13.084112149532709
Setd1a,Inner hair cells,12,113,0.19120294383141848,12.389380530973451
Setd1a,Inner hair cells,24,41,0.20132045120727726,19.51219512195122
Setd1a,Macrophages/Microglia,3,53,0.23941266143097067,15.09433962264151
Setd1a,Macrophages/Microglia,12,61,0.17694943166169963,14.754098360655737
Setd1a,Macrophages/Microglia,24,33,0.09186164718685728,9.090909090909092
Setd1a,Outer hair cells,3,102,0.2831391300640854,17.647058823529413
Setd1a,Outer hair cells,12,163,0.18153048475827177,11.042944785276074
Setd1a,Outer hair cells,24,18,0.10081224971347386,5.555555555555555
Setd1a,Spiral ganglion neurons,3,78,0.20603551620092148,20.51282051282051
Setd1a,Spiral ganglion neurons,12,17,0.12444270358366125,5.88235294117647
Setd1a,Spiral ganglion neurons,24,33,0.17399410677678656,12.121212121212121
Setd1a,Supporting cells,3,2125,0.17346306228637695,14.399999999999999
Setd1a,Supporting cells,12,4048,0.15411395332205438,13.043478260869565
Setd1a,Supporting cells,24,2214,0.13577061608877933,10.16260162601626
Nfatc2,Fibrocytes,3,246,0.05925525979297917,3.6585365853658534
Nfatc2,Fibrocytes,12,721,0.06677572683388582,5.131761442441054
Nfatc2,Fibrocytes,24,365,0.07407299647592519,5.47945205479452
Nfatc2,Glia/Schwann,3,205,0.055676788091659546,4.390243902439024
Nfatc2,Glia/Schwann,12,410,0.09840358364872816,8.536585365853659
Nfatc2,Glia/Schwann,24,250,0.13340361201763154,11.600000000000001
Nfatc2,Inner hair cells,3,107,0.2314065371718362,18.69158878504673
Nfatc2,Inner hair cells,12,113,0.2260038362140149,17.699115044247787
Nfatc2,Inner hair cells,24,41,0.4935031823995637,39.02439024390244
Nfatc2,Macrophages/Microglia,3,53,0.6466534025264237,35.84905660377358
Nfatc2,Macrophages/Microglia,12,61,0.5747927358893098,36.0655737704918
Nfatc2,Macrophages/Microglia,24,33,0.3646359515912605,24.242424242424242
Nfatc2,Outer hair cells,3,102,0.30074132190031166,15.686274509803921
Nfatc2,Outer hair cells,12,163,0.18149737218406303,14.723926380368098
Nfatc2,Outer hair cells,24,18,0.12128547827402751,11.11111111111111
Nfatc2,Spiral ganglion neurons,3,78,0.1881521733907553,19.230769230769234
Nfatc2,Spiral ganglion neurons,12,17,0.2840522106956033,17.647058823529413
Nfatc2,Spiral ganglion neurons,24,33,0.03870706034429146,6.0606060606060606
Nfatc2,Supporting cells,3,2125,0.1555267200540094,12.988235294117647
Nfatc2,Supporting cells,12,4048,0.1740491034816435,13.611660079051383
Nfatc2,Supporting cells,24,2214,0.19924716131850848,13.911472448057813
Ctss,Fibrocytes,3,246,0.004571567221385677,0.40650406504065045
Ctss,Fibrocytes,12,721,0.01134485932229792,0.5547850208044383
Ctss,Fibrocytes,24,365,0.00277587550960175,0.273972602739726
Ctss,Glia/Schwann,3,205,0.03569717697980927,1.951219512195122
Ctss,Glia/Schwann,12,410,0.021398176216497655,1.2195121951219512
Ctss,Glia/Schwann,24,250,0.010373919486999512,0.4
Ctss,Inner hair cells,3,107,0.0,0.0
Ctss,Inner hair cells,12,113,0.032134831479165404,2.6548672566371683
Ctss,Inner hair cells,24,41,0.018349723118107494,2.4390243902439024
Ctss,Macrophages/Microglia,3,53,0.7418188486459121,33.9622641509434
Ctss,Macrophages/Microglia,12,61,1.4597463104568544,62.295081967213115
Ctss,Macrophages/Microglia,24,33,0.9985748059821852,45.45454545454545
Ctss,Outer hair cells,3,102,0.0,0.0
Ctss,Outer hair cells,12,163,0.01070203261872742,1.2269938650306749
Ctss,Outer hair cells,24,18,0.0,0.0
Ctss,Spiral ganglion neurons,3,78,0.0,0.0
Ctss,Spiral ganglion neurons,12,17,0.0,0.0
Ctss,Spiral ganglion neurons,24,33,0.07133548909967596,3.0303030303030303
Ctss,Supporting cells,3,2125,0.002871850855210248,0.3764705882352941
Ctss,Supporting cells,12,4048,0.021353173132234882,1.33399209486166
Ctss,Supporting cells,24,2214,0.004262438392251488,0.36133694670280037
Fcgr3,Fibrocytes,3,246,0.007756659655067009,0.40650406504065045
Fcgr3,Fibrocytes,12,721,0.0,0.0
Fcgr3,Fibrocytes,24,365,0.00291230319297477,0.273972602739726
Fcgr3,Glia/Schwann,3,205,0.0,0.0
Fcgr3,Glia/Schwann,12,410,0.005625191548975503,0.24390243902439024
Fcgr3,Glia/Schwann,24,250,0.0,0.0
Fcgr3,Inner hair cells,3,107,0.0,0.0
Fcgr3,Inner hair cells,12,113,0.011029622987308333,1.7699115044247788
Fcgr3,Inner hair cells,24,41,0.0,0.0
Fcgr3,Macrophages/Microglia,3,53,0.25875821878325267,15.09433962264151
Fcgr3,Macrophages/Microglia,12,61,0.5427785291046393,34.42622950819672
Fcgr3,Macrophages/Microglia,24,33,0.11348898663665309,9.090909090909092
Fcgr3,Outer hair cells,3,102,0.0,0.0
Fcgr3,Outer hair cells,12,163,0.0,0.0
Fcgr3,Outer hair cells,24,18,0.0,0.0
Fcgr3,Spiral ganglion neurons,3,78,0.0,0.0
Fcgr3,Spiral ganglion neurons,12,17,0.0,0.0
Fcgr3,Spiral ganglion neurons,24,33,0.0,0.0
Fcgr3,Supporting cells,3,2125,0.0036134466844446518,0.32941176470588235
Fcgr3,Supporting cells,12,4048,0.00539208121097135,0.2964426877470355
Fcgr3,Supporting cells,24,2214,0.0023804888088851763,0.13550135501355012
Cd68,Fibrocytes,3,246,0.00253859743839357,0.40650406504065045
Cd68,Fibrocytes,12,721,0.009964395825972009,0.8321775312066574
Cd68,Fibrocytes,24,365,0.007254329446243913,0.273972602739726
Cd68,Glia/Schwann,3,205,0.012529998872338272,0.4878048780487805
Cd68,Glia/Schwann,12,410,0.009498551851365625,0.975609756097561
Cd68,Glia/Schwann,24,250,0.0,0.0
Cd68,Inner hair cells,3,107,0.007516379111281065,0.9345794392523363
Cd68,Inner hair cells,12,113,0.009538510204416461,0.8849557522123894
Cd68,Inner hair cells,24,41,0.00936471907103934,2.4390243902439024
Cd68,Macrophages/Microglia,3,53,0.09574275084261624,5.660377358490567
Cd68,Macrophages/Microglia,12,61,0.24935519548713184,18.0327868852459
Cd68,Macrophages/Microglia,24,33,0.027252211715235855,3.0303030303030303
Cd68,Outer hair cells,3,102,0.0,0.0
Cd68,Outer hair cells,12,163,0.0,0.0
Cd68,Outer hair cells,24,18,0.0,0.0
Cd68,Spiral ganglion neurons,3,78,0.0,0.0
Cd68,Spiral ganglion neurons,12,17,0.0,0.0
Cd68,Spiral ganglion neurons,24,33,0.0,0.0
Cd68,Supporting cells,3,2125,0.005497792229932897,0.4705882352941176
Cd68,Supporting cells,12,4048,0.004304414938973344,0.3952569169960474
Cd68,Supporting cells,24,2214,0.00208503804771127,0.13550135501355012
Tyrobp,Fibrocytes,3,246,0.009818492866143948,0.40650406504065045
Tyrobp,Fibrocytes,12,721,0.0009711809694022973,0.13869625520110956
Tyrobp,Fibrocytes,24,365,0.0,0.0
Tyrobp,Glia/Schwann,3,205,0.014228416070705506,0.4878048780487805
Tyrobp,Glia/Schwann,12,410,0.011157950831622613,0.7317073170731708
Tyrobp,Glia/Schwann,24,250,0.0,0.0
Tyrobp,Inner hair cells,3,107,0.0,0.0
Tyrobp,Inner hair cells,12,113,0.0,0.0
Tyrobp,Inner hair cells,24,41,0.0,0.0
Tyrobp,Macrophages/Microglia,3,53,0.34554472059573765,15.09433962264151
Tyrobp,Macrophages/Microglia,12,61,0.5118090725335919,29.508196721311474
Tyrobp,Macrophages/Microglia,24,33,0.09127007831226695,9.090909090909092
Tyrobp,Outer hair cells,3,102,0.0,0.0
Tyrobp,Outer hair cells,12,163,0.01308612735724888,0.6134969325153374
Tyrobp,Outer hair cells,24,18,0.0,0.0
Tyrobp,Spiral ganglion neurons,3,78,0.0069873974873469425,1.282051282051282
Tyrobp,Spiral ganglion neurons,12,17,0.0,0.0
Tyrobp,Spiral ganglion neurons,24,33,0.0,0.0
Tyrobp,Supporting cells,3,2125,0.0005015774334178252,0.047058823529411764
Tyrobp,Supporting cells,12,4048,0.008219179156210583,0.4940711462450593
Tyrobp,Supporting cells,24,2214,0.000566402155747797,0.045167118337850046
Clec4d,Fibrocytes,3,246,0.0,0.0
Clec4d,Fibrocytes,12,721,0.0,0.0
Clec4d,Fibrocytes,24,365,0.0,0.0
Clec4d,Glia/Schwann,3,205,0.0,0.0
Clec4d,Glia/Schwann,12,410,0.0,0.0
Clec4d,Glia/Schwann,24,250,0.0,0.0
Clec4d,Inner hair cells,3,107,0.0,0.0
Clec4d,Inner hair cells,12,113,0.0,0.0
Clec4d,Inner hair cells,24,41,0.0,0.0
Clec4d,Macrophages/Microglia,3,53,0.028771092306892825,1.8867924528301887
Clec4d,Macrophages/Microglia,12,61,0.07831187912675201,6.557377049180328
Clec4d,Macrophages/Microglia,24,33,0.06563180143182928,3.0303030303030303
Clec4d,Outer hair cells,3,102,0.0,0.0
Clec4d,Outer hair cells,12,163,0.0,0.0
Clec4d,Outer hair cells,24,18,0.0,0.0
Clec4d,Spiral ganglion neurons,3,78,0.0,0.0
Clec4d,Spiral ganglion neurons,12,17,0.0,0.0
Clec4d,Spiral ganglion neurons,24,33,0.0,0.0
Clec4d,Supporting cells,3,2125,0.0013790480249068317,0.09411764705882353
Clec4d,Supporting cells,12,4048,0.0017659890027385454,0.07411067193675888
Clec4d,Supporting cells,24,2214,0.0004930420835059079,0.045167118337850046
Mpeg1,Fibrocytes,3,246,0.0,0.0
Mpeg1,Fibrocytes,12,721,0.005207309775808813,0.27739251040221913
Mpeg1,Fibrocytes,24,365,0.0,0.0
Mpeg1,Glia/Schwann,3,205,0.0,0.0
Mpeg1,Glia/Schwann,12,410,0.013391969552854212,0.975609756097561
Mpeg1,Glia/Schwann,24,250,0.0,0.0
Mpeg1,Inner hair cells,3,107,0.0,0.0
Mpeg1,Inner hair cells,12,113,0.005304714219760051,0.8849557522123894
Mpeg1,Inner hair cells,24,41,0.0,0.0
Mpeg1,Macrophages/Microglia,3,53,0.2899098891132283,15.09433962264151
Mpeg1,Macrophages/Microglia,12,61,0.7373954722138701,39.34426229508197
Mpeg1,Macrophages/Microglia,24,33,0.18317343610705752,12.121212121212121
Mpeg1,Outer hair cells,3,102,0.0,0.0
Mpeg1,Outer hair cells,12,163,0.004033229468058955,0.6134969325153374
Mpeg1,Outer hair cells,24,18,0.0,0.0
Mpeg1,Spiral ganglion neurons,3,78,0.0,0.0
Mpeg1,Spiral ganglion neurons,12,17,0.0,0.0
Mpeg1,Spiral ganglion neurons,24,33,0.0,0.0
Mpeg1,Supporting cells,3,2125,0.005145759596544153,0.3764705882352941
Mpeg1,Supporting cells,12,4048,0.006617856546941954,0.4446640316205534
Mpeg1,Supporting cells,24,2214,0.0031473141671734665,0.22583559168925021
Lgals3,Fibrocytes,3,246,0.0,0.0
Lgals3,Fibrocytes,12,721,0.004589601214484269,0.4160887656033287
Lgals3,Fibrocytes,24,365,0.005197201036427119,0.273972602739726
Lgals3,Glia/Schwann,3,205,0.0,0.0
Lgals3,Glia/Schwann,12,410,0.0,0.0
Lgals3,Glia/Schwann,24,250,0.0,0.0
Lgals3,Inner hair cells,3,107,0.0,0.0
Lgals3,Inner hair cells,12,113,0.010472731252687167,0.8849557522123894
Lgals3,Inner hair cells,24,41,0.0,0.0
Lgals3,Macrophages/Microglia,3,53,0.0,0.0
Lgals3,Macrophages/Microglia,12,61,0.2244470178103838,18.0327868852459
Lgals3,Macrophages/Microglia,24,33,0.02186876174175378,3.0303030303030303
Lgals3,Outer hair cells,3,102,0.0,0.0
Lgals3,Outer hair cells,12,163,0.011346187328268413,0.6134969325153374
Lgals3,Outer hair cells,24,18,0.0,0.0
Lgals3,Spiral ganglion neurons,3,78,0.0,0.0
Lgals3,Spiral ganglion neurons,12,17,0.0,0.0
Lgals3,Spiral ganglion neurons,24,33,0.0,0.0
Lgals3,Supporting cells,3,2125,0.0038632913196788117,0.32941176470588235
Lgals3,Supporting cells,12,4048,0.0033193809484599137,0.32114624505928857
Lgals3,Supporting cells,24,2214,0.004715382729765522,0.45167118337850043
C1qa,Fibrocytes,3,246,0.00913761980165311,0.40650406504065045
C1qa,Fibrocytes,12,721,0.008229180281767402,0.5547850208044383
C1qa,Fibrocytes,24,365,0.0,0.0
C1qa,Glia/Schwann,3,205,0.018382903715459312,1.4634146341463417
C1qa,Glia/Schwann,12,410,0.013948121303465308,0.7317073170731708
C1qa,Glia/Schwann,24,250,0.0,0.0
C1qa,Inner hair cells,3,107,0.02677955582877186,0.9345794392523363
C1qa,Inner hair cells,12,113,0.009538510204416461,0.8849557522123894
C1qa,Inner hair cells,24,41,0.0,0.0
C1qa,Macrophages/Microglia,3,53,0.4203582355436289,22.641509433962266
C1qa,Macrophages/Microglia,12,61,0.979812462310322,42.62295081967213
C1qa,Macrophages/Microglia,24,33,0.04534966295415705,3.0303030303030303
C1qa,Outer hair cells,3,102,0.0,0.0
C1qa,Outer hair cells,12,163,0.014136791229248047,0.6134969325153374
C1qa,Outer hair cells,24,18,0.0,0.0
C1qa,Spiral ganglion neurons,3,78,0.0,0.0
C1qa,Spiral ganglion neurons,12,17,0.0,0.0
C1qa,Spiral ganglion neurons,24,33,0.0,0.0
C1qa,Supporting cells,3,2125,0.010187093152719385,0.7529411764705882
C1qa,Supporting cells,12,4048,0.011372948525539736,0.8893280632411068
C1qa,Supporting cells,24,2214,0.0023149816216707446,0.09033423667570009
C1qb,Fibrocytes,3,246,0.0,0.0
C1qb,Fibrocytes,12,721,0.019501599127971846,1.1095700416088765
C1qb,Fibrocytes,24,365,0.0,0.0
C1qb,Glia/Schwann,3,205,0.0,0.0
C1qb,Glia/Schwann,12,410,0.026689223836107952,1.707317073170732
C1qb,Glia/Schwann,24,250,0.008892969131469726,0.4
C1qb,Inner hair cells,3,107,0.0,0.0
C1qb,Inner hair cells,12,113,0.041714517152414914,2.6548672566371683
C1qb,Inner hair cells,24,41,0.0,0.0
C1qb,Macrophages/Microglia,3,53,0.6794527769088745,33.9622641509434
C1qb,Macrophages/Microglia,12,61,1.3569879463461578,57.377049180327866
C1qb,Macrophages/Microglia,24,33,0.3640863172935717,21.21212121212121
C1qb,Outer hair cells,3,102,0.0,0.0
C1qb,Outer hair cells,12,163,0.010552723714910402,0.6134969325153374
C1qb,Outer hair cells,24,18,0.0,0.0
C1qb,Spiral ganglion neurons,3,78,0.0,0.0
C1qb,Spiral ganglion neurons,12,17,0.034979967509998995,5.88235294117647
C1qb,Spiral ganglion neurons,24,33,0.0,0.0
C1qb,Supporting cells,3,2125,0.012286867744782392,0.9882352941176471
C1qb,Supporting cells,12,4048,0.019620339102719143,1.2598814229249011
C1qb,Supporting cells,24,2214,0.0005050478831216249,0.09033423667570009
C1qc,Fibrocytes,3,246,0.0,0.0
C1qc,Fibrocytes,12,721,0.005848600199748342,0.27739251040221913
C1qc,Fibrocytes,24,365,0.0,0.0
C1qc,Glia/Schwann,3,205,0.0,0.0
C1qc,Glia/Schwann,12,410,0.0044448910689935455,0.24390243902439024
C1qc,Glia/Schwann,24,250,0.0,0.0
C1qc,Inner hair cells,3,107,0.0,0.0
C1qc,Inner hair cells,12,113,0.033955471441809056,2.6548672566371683
C1qc,Inner hair cells,24,41,0.0,0.0
C1qc,Macrophages/Microglia,3,53,0.48790810692985104,26.41509433962264
C1qc,Macrophages/Microglia,12,61,0.873627713957771,40.98360655737705
C1qc,Macrophages/Microglia,24,33,0.10825948642961906,9.090909090909092
C1qc,Outer hair cells,3,102,0.0,0.0
C1qc,Outer hair cells,12,163,0.011681482652945021,1.2269938650306749
C1qc,Outer hair cells,24,18,0.0,0.0
C1qc,Spiral ganglion neurons,3,78,0.0057494881061407235,1.282051282051282
C1qc,Spiral ganglion neurons,12,17,0.0,0.0
C1qc,Spiral ganglion neurons,24,33,0.0,0.0
C1qc,Supporting cells,3,2125,0.006153624955345603,0.611764705882353
C1qc,Supporting cells,12,4048,0.013175799802181278,0.7411067193675889
C1qc,Supporting cells,24,2214,0.001603791061132581,0.045167118337850046
C3ar1,Fibrocytes,3,246,0.0,0.0
C3ar1,Fibrocytes,12,721,0.0035226154922612333,0.27739251040221913
C3ar1,Fibrocytes,24,365,0.007140189001004989,0.273972602739726
C3ar1,Glia/Schwann,3,205,0.013741983436956639,0.975609756097561
C3ar1,Glia/Schwann,12,410,0.009193625973492135,0.4878048780487805
C3ar1,Glia/Schwann,24,250,0.0,0.0
C3ar1,Inner hair cells,3,107,0.0,0.0
C3ar1,Inner hair cells,12,113,0.0,0.0
C3ar1,Inner hair cells,24,41,0.054641869009994876,2.4390243902439024
C3ar1,Macrophages/Microglia,3,53,0.07221981770587417,5.660377358490567
C3ar1,Macrophages/Microglia,12,61,0.30484619003827457,19.672131147540984
C3ar1,Macrophages/Microglia,24,33,0.0,0.0
C3ar1,Outer hair cells,3,102,0.0,0.0
C3ar1,Outer hair cells,12,163,0.0,0.0
C3ar1,Outer hair cells,24,18,0.0,0.0
C3ar1,Spiral ganglion neurons,3,78,0.0,0.0
C3ar1,Spiral ganglion neurons,12,17,0.0,0.0
C3ar1,Spiral ganglion neurons,24,33,0.0,0.0
C3ar1,Supporting cells,3,2125,0.0020194802003748276,0.1411764705882353
C3ar1,Supporting cells,12,4048,0.0035049220502906637,0.2223320158102767
C3ar1,Supporting cells,24,2214,0.0,0.0
Ms4a7,Fibrocytes,3,246,0.0,0.0
Ms4a7,Fibrocytes,12,721,0.002191003251836303,0.13869625520110956
Ms4a7,Fibrocytes,24,365,0.004277562115290394,0.273972602739726
Ms4a7,Glia/Schwann,3,205,0.015298889322978694,0.975609756097561
Ms4a7,Glia/Schwann,12,410,0.005215145901935857,0.4878048780487805
Ms4a7,Glia/Schwann,24,250,0.0,0.0
Ms4a7,Inner hair cells,3,107,0.007248118659046209,0.9345794392523363
Ms4a7,Inner hair cells,12,113,0.004361768475676005,0.8849557522123894
Ms4a7,Inner hair cells,24,41,0.0,0.0
Ms4a7,Macrophages/Microglia,3,53,0.44338406031986455,20.754716981132077
Ms4a7,Macrophages/Microglia,12,61,0.7106471970433095,39.34426229508197
Ms4a7,Macrophages/Microglia,24,33,0.11745276234366676,6.0606060606060606
Ms4a7,Outer hair cells,3,102,0.02253563497580734,0.9803921568627451
Ms4a7,Outer hair cells,12,163,0.01070203261872742,1.2269938650306749
Ms4a7,Outer hair cells,24,18,0.0,0.0
Ms4a7,Spiral ganglion neurons,3,78,0.0,0.0
Ms4a7,Spiral ganglion neurons,12,17,0.0,0.0
Ms4a7,Spiral ganglion neurons,24,33,0.0,0.0
Ms4a7,Supporting cells,3,2125,0.002346277307061588,0.2352941176470588
Ms4a7,Supporting cells,12,4048,0.0038294138997910995,0.2223320158102767
Ms4a7,Supporting cells,24,2214,0.0024119112388228336,0.13550135501355012
Apoe,Fibrocytes,3,246,0.8401965920518084,37.80487804878049
Apoe,Fibrocytes,12,721,1.5362184611504353,65.74202496532594
Apoe,Fibrocytes,24,365,0.3590518304746445,21.095890410958905
Apoe,Glia/Schwann,3,205,0.7860091180336185,42.4390243902439
Apoe,Glia/Schwann,12,410,1.1448121813739218,60.97560975609756
Apoe,Glia/Schwann,24,250,0.16445612156391143,11.200000000000001
Apoe,Inner hair cells,3,107,0.6779988229831803,42.05607476635514
Apoe,Inner hair cells,12,113,1.4563441682705838,68.14159292035397
Apoe,Inner hair cells,24,41,0.3445358814262762,24.390243902439025
Apoe,Macrophages/Microglia,3,53,1.5427630093862426,60.37735849056604
Apoe,Macrophages/Microglia,12,61,2.5325965578438807,77.04918032786885
Apoe,Macrophages/Microglia,24,33,0.6175631808512139,36.36363636363637
Apoe,Outer hair cells,3,102,0.7729319415840448,38.23529411764706
Apoe,Outer hair cells,12,163,1.3430325820402134,59.50920245398773
Apoe,Outer hair cells,24,18,0.17430155807071263,11.11111111111111
Apoe,Spiral ganglion neurons,3,78,0.7149315445851057,48.717948717948715
Apoe,Spiral ganglion neurons,12,17,1.2360796227174646,58.82352941176471
Apoe,Spiral ganglion neurons,24,33,0.2000745805827054,18.181818181818183
Apoe,Supporting cells,3,2125,1.2255795502662659,61.6
Apoe,Supporting cells,12,4048,1.904032990203898,76.08695652173914
Apoe,Supporting cells,24,2214,0.42096710120274766,24.299909665763327
Mif,Fibrocytes,3,246,0.026266806009339123,1.2195121951219512
Mif,Fibrocytes,12,721,0.05434741143876074,4.160887656033287
Mif,Fibrocytes,24,365,0.0,0.0
Mif,Glia/Schwann,3,205,0.04100344646267775,1.951219512195122
Mif,Glia/Schwann,12,410,0.06127839117515378,4.634146341463414
Mif,Glia/Schwann,24,250,0.007599493980407715,0.4
Mif,Inner hair cells,3,107,0.007340935903174855,0.9345794392523363
Mif,Inner hair cells,12,113,0.028016500768408312,1.7699115044247788
Mif,Inner hair cells,24,41,0.0,0.0
Mif,Macrophages/Microglia,3,53,0.0,0.0
Mif,Macrophages/Microglia,12,61,0.1157940977909526,8.19672131147541
Mif,Macrophages/Microglia,24,33,0.0,0.0
Mif,Outer hair cells,3,102,0.012859150475146724,0.9803921568627451
Mif,Outer hair cells,12,163,0.018327045660077427,2.4539877300613497
Mif,Outer hair cells,24,18,0.0,0.0
Mif,Spiral ganglion neurons,3,78,0.03972542744416457,2.564102564102564
Mif,Spiral ganglion neurons,12,17,0.14783153113196879,11.76470588235294
Mif,Spiral ganglion neurons,24,33,0.024445978077975185,3.0303030303030303
Mif,Supporting cells,3,2125,0.03802127013486974,2.9176470588235293
Mif,Supporting cells,12,4048,0.07299800459737245,5.953557312252965
Mif,Supporting cells,24,2214,0.01571432900191861,0.8130081300813009
Ddx1,Fibrocytes,3,246,0.16245813849495677,9.34959349593496
Ddx1,Fibrocytes,12,721,0.1602835184410111,11.789181692094314
Ddx1,Fibrocytes,24,365,0.17834078212306925,11.506849315068493
Ddx1,Glia/Schwann,3,205,0.06549817134694355,4.390243902439024
Ddx1,Glia/Schwann,12,410,0.15680253665621688,12.682926829268293
Ddx1,Glia/Schwann,24,250,0.17953330969810485,12.0
Ddx1,Inner hair cells,3,107,0.23267528303315707,16.822429906542055
Ddx1,Inner hair cells,12,113,0.1056264364613896,8.849557522123893
Ddx1,Inner hair cells,24,41,0.13590434775119875,14.634146341463413
Ddx1,Macrophages/Microglia,3,53,0.09035311723655125,7.547169811320755
Ddx1,Macrophages/Microglia,12,61,0.22439138566861389,18.0327868852459
Ddx1,Macrophages/Microglia,24,33,0.16762052521561133,15.151515151515152
Ddx1,Outer hair cells,3,102,0.08881735042029736,6.862745098039216
Ddx1,Outer hair cells,12,163,0.19500164459088098,13.496932515337424
Ddx1,Outer hair cells,24,18,0.15608994828330147,11.11111111111111
Ddx1,Spiral ganglion neurons,3,78,0.15729428445681548,17.94871794871795
Ddx1,Spiral ganglion neurons,12,17,0.08367856109843534,5.88235294117647
Ddx1,Spiral ganglion neurons,24,33,0.3413860048308517,21.21212121212121
Ddx1,Supporting cells,3,2125,0.17061430529987112,14.258823529411766
Ddx1,Supporting cells,12,4048,0.1673514211307401,13.90810276679842
Ddx1,Supporting cells,24,2214,0.16115952904362235,12.149954832881663
Tbk1,Fibrocytes,3,246,0.18218970226078499,9.75609756097561
Tbk1,Fibrocytes,12,721,0.20151153537502897,15.256588072122051
Tbk1,Fibrocytes,24,365,0.23479855305527988,14.246575342465754
Tbk1,Glia/Schwann,3,205,0.1885259500363978,13.170731707317074
Tbk1,Glia/Schwann,12,410,0.22546771524882897,18.78048780487805
Tbk1,Glia/Schwann,24,250,0.20997758114337922,16.0
Tbk1,Inner hair cells,3,107,0.28688904559500866,20.5607476635514
Tbk1,Inner hair cells,12,113,0.296046588273175,23.008849557522122
Tbk1,Inner hair cells,24,41,0.35157662266638223,31.70731707317073
Tbk1,Macrophages/Microglia,3,53,0.41759418372838003,24.528301886792452
Tbk1,Macrophages/Microglia,12,61,0.3656210694156709,29.508196721311474
Tbk1,Macrophages/Microglia,24,33,0.1908863800944704,18.181818181818183
Tbk1,Outer hair cells,3,102,0.20235254484064438,10.784313725490197
Tbk1,Outer hair cells,12,163,0.19034400893135306,14.723926380368098
Tbk1,Outer hair cells,24,18,0.11813928021325006,5.555555555555555
Tbk1,Spiral ganglion neurons,3,78,0.2692763920013721,24.358974358974358
Tbk1,Spiral ganglion neurons,12,17,0.13125665047589472,5.88235294117647
Tbk1,Spiral ganglion neurons,24,33,0.28589792865695374,24.242424242424242
Tbk1,Supporting cells,3,2125,0.21331771948758294,17.08235294117647
Tbk1,Supporting cells,12,4048,0.212889989771744,17.588932806324113
Tbk1,Supporting cells,24,2214,0.19363087406272594,14.001806684733515
Fgf16,Fibrocytes,3,246,0.0,0.0
Fgf16,Fibrocytes,12,721,0.0,0.0
Fgf16,Fibrocytes,24,365,0.0,0.0
Fgf16,Glia/Schwann,3,205,0.0,0.0
Fgf16,Glia/Schwann,12,410,0.003552235045084139,0.24390243902439024
Fgf16,Glia/Schwann,24,250,0.0,0.0
Fgf16,Inner hair cells,3,107,0.015414217922175042,0.9345794392523363
Fgf16,Inner hair cells,12,113,0.009242252965944003,0.8849557522123894
Fgf16,Inner hair cells,24,41,0.0,0.0
Fgf16,Macrophages/Microglia,3,53,0.0,0.0
Fgf16,Macrophages/Microglia,12,61,0.0,0.0
Fgf16,Macrophages/Microglia,24,33,0.0,0.0
Fgf16,Outer hair cells,3,102,0.0,0.0
Fgf16,Outer hair cells,12,163,0.0,0.0
Fgf16,Outer hair cells,24,18,0.0,0.0
Fgf16,Spiral ganglion neurons,3,78,0.0,0.0
Fgf16,Spiral ganglion neurons,12,17,0.0,0.0
Fgf16,Spiral ganglion neurons,24,33,0.0,0.0
Fgf16,Supporting cells,3,2125,0.0,0.0
Fgf16,Supporting cells,12,4048,0.0007480343531360739,0.07411067193675888
Fgf16,Supporting cells,24,2214,0.00015329746588351172,0.045167118337850046
Csf1r,Fibrocytes,3,246,0.022211558935118884,1.6260162601626018
Csf1r,Fibrocytes,12,721,0.0063169316676717855,0.5547850208044383
Csf1r,Fibrocytes,24,365,0.0,0.0
Csf1r,Glia/Schwann,3,205,0.008628293363059439,0.4878048780487805
Csf1r,Glia/Schwann,12,410,0.0038201420045480498,0.4878048780487805
Csf1r,Glia/Schwann,24,250,0.0,0.0
Csf1r,Inner hair cells,3,107,0.0,0.0
Csf1r,Inner hair cells,12,113,0.03352555025995305,1.7699115044247788
Csf1r,Inner hair cells,24,41,0.0,0.0
Csf1r,Macrophages/Microglia,3,53,1.132983514722788,52.83018867924528
Csf1r,Macrophages/Microglia,12,61,1.5164191761954886,68.85245901639344
Csf1r,Macrophages/Microglia,24,33,0.6404809482169874,39.39393939393939
Csf1r,Outer hair cells,3,102,0.0,0.0
Csf1r,Outer hair cells,12,163,0.005875945822592894,1.2269938650306749
Csf1r,Outer hair cells,24,18,0.0,0.0
Csf1r,Spiral ganglion neurons,3,78,0.011484515208464403,1.282051282051282
Csf1r,Spiral ganglion neurons,12,17,0.08367856109843534,5.88235294117647
Csf1r,Spiral ganglion neurons,24,33,0.0,0.0
Csf1r,Supporting cells,3,2125,0.012373669834697948,1.2705882352941176
Csf1r,Supporting cells,12,4048,0.0127578061405319,1.0128458498023716
Csf1r,Supporting cells,24,2214,0.0045105146737171925,0.40650406504065045
P2ry12,Fibrocytes,3,246,0.005431390874754123,0.40650406504065045
P2ry12,Fibrocytes,12,721,0.008629504958072085,0.5547850208044383
P2ry12,Fibrocytes,24,365,0.0075604399589643085,0.273972602739726
P2ry12,Glia/Schwann,3,205,0.004768836498260498,0.4878048780487805
P2ry12,Glia/Schwann,12,410,0.004442546353107545,0.4878048780487805
P2ry12,Glia/Schwann,24,250,0.003522867918014526,0.4
P2ry12,Inner hair cells,3,107,0.02679705898338389,3.7383177570093453
P2ry12,Inner hair cells,12,113,0.0,0.0
P2ry12,Inner hair cells,24,41,0.04255144770552472,2.4390243902439024
P2ry12,Macrophages/Microglia,3,53,0.1494509161643262,7.547169811320755
P2ry12,Macrophages/Microglia,12,61,0.5048112449098806,27.86885245901639
P2ry12,Macrophages/Microglia,24,33,0.2119312665679238,18.181818181818183
P2ry12,Outer hair cells,3,102,0.023384942727930406,0.9803921568627451
P2ry12,Outer hair cells,12,163,0.0,0.0
P2ry12,Outer hair cells,24,18,0.0,0.0
P2ry12,Spiral ganglion neurons,3,78,0.028159711987544328,3.8461538461538463
P2ry12,Spiral ganglion neurons,12,17,0.0,0.0
P2ry12,Spiral ganglion neurons,24,33,0.04197032523877693,3.0303030303030303
P2ry12,Supporting cells,3,2125,0.013615101828294642,1.1764705882352942
P2ry12,Supporting cells,12,4048,0.017054033160150757,1.408102766798419
P2ry12,Supporting cells,24,2214,0.006407334027574638,0.40650406504065045
Trem2,Fibrocytes,3,246,0.011172945906476276,0.40650406504065045
Trem2,Fibrocytes,12,721,0.005081017536528398,0.27739251040221913
Trem2,Fibrocytes,24,365,0.0,0.0
Trem2,Glia/Schwann,3,205,0.0,0.0
Trem2,Glia/Schwann,12,410,0.0052676102010215204,0.24390243902439024
Trem2,Glia/Schwann,24,250,0.0,0.0
Trem2,Inner hair cells,3,107,0.0,0.0
Trem2,Inner hair cells,12,113,0.0,0.0
Trem2,Inner hair cells,24,41,0.0,0.0
Trem2,Macrophages/Microglia,3,53,0.05447520906070493,3.7735849056603774
Trem2,Macrophages/Microglia,12,61,0.2210818118736392,14.754098360655737
Trem2,Macrophages/Microglia,24,33,0.0358564095063643,3.0303030303030303
Trem2,Outer hair cells,3,102,0.0,0.0
Trem2,Outer hair cells,12,163,0.0,0.0
Trem2,Outer hair cells,24,18,0.0,0.0
Trem2,Spiral ganglion neurons,3,78,0.0,0.0
Trem2,Spiral ganglion neurons,12,17,0.0,0.0
Trem2,Spiral ganglion neurons,24,33,0.0,0.0
Trem2,Supporting cells,3,2125,0.00051273372594048,0.09411764705882353
Trem2,Supporting cells,12,4048,0.0046327809983562574,0.2717391304347826
Trem2,Supporting cells,24,2214,0.0,0.0
