gene,young_cells,old_cells,young_mean,old_mean,log2FC,mannwhitney_u,p_value,fdr_bh
Cd74,53,33,0.4607349341770388,0.5375554507428949,0.22247614282794756,967.0,0.2604904928839843,
H2-Aa,53,33,0.34122566681987837,0.22252722400607486,-0.616742067925051,880.0,0.9412463703757021,
H2-Eb1,53,33,0.23439238881165125,0.289328548041257,0.3037817889603139,922.0,0.4533787355201774,
Setd1a,53,33,0.23941266143097067,0.09186164718685728,-1.381955214632261,818.0,0.39146419466305027,
Nfatc2,53,33,0.6466534025264237,0.3646359515912605,-0.8265341167068604,756.0,0.20286642158838164,
Ctss,53,33,0.7418188486459121,0.9985748059821852,0.42880308261453365,975.0,0.310263141115956,
Fcgr3,53,33,0.25875821878325267,0.11348898663665309,-1.1890452499035205,819.0,0.39997711118852164,
Cd68,53,33,0.09574275084261624,0.027252211715235855,-1.8127520684579865,850.0,0.5591731570489993,
Tyrobp,53,33,0.34554472059573765,0.09127007831226695,-1.9206469311002925,810.0,0.3273879878352348,
Clec4d,53,33,0.028771092306892825,0.06563180143182928,1.1897468758680485,885.0,0.733749832895781,
Mpeg1,53,33,0.2899098891132283,0.18317343610705752,-0.6623913479196756,844.5,0.6636711422048176,
Lgals3,53,33,0.0,0.02186876174175378,14.41664988270351,901.0,0.21372302655881792,
C1qa,53,33,0.4203582355436289,0.04534966295415705,-3.212427224407027,700.0,0.013163370260469126,
C1qb,53,33,0.6794527769088745,0.3640863172935717,-0.9000909216376509,748.0,0.16295526024626594,
C1qc,53,33,0.48790810692985104,0.10825948642961906,-2.172105636320872,711.0,0.03737858858378428,
C3ar1,53,33,0.07221981770587417,0.0,-16.14012713455673,825.0,0.17104223427841803,
Ms4a7,53,33,0.44338406031986455,0.11745276234366676,-1.9164672327055472,742.0,0.05999065074476507,
Apoe,53,33,1.5427630093862426,0.6175631808512139,-1.3208564124958928,546.5,0.00197446138994023,
Mif,53,33,0.0,0.0,0.0,874.5,,
Ddx1,53,33,0.09035311723655125,0.16762052521561133,0.8915451773452807,941.0,0.2699459162221409,
Tbk1,53,33,0.41759418372838003,0.1908863800944704,-1.1293833461467284,799.0,0.3589806565864865,
Fgf16,53,33,0.0,0.0,0.0,874.5,,
Csf1r,53,33,1.132983514722788,0.6404809482169874,-0.8228983286446566,681.0,0.06407707999639736,
P2ry12,53,33,0.1494509161643262,0.2119312665679238,0.5039218596114649,959.5,0.17764743600188415,
Trem2,53,33,0.05447520906070493,0.0358564095063643,-0.6033550458164296,868.0,0.866885519784525,
