gsm,title,gender,hearing_status
GSM1201565,CBA Cochlea Mice-4,Female,Young Control
GSM1201566,CBA Cochlea Mice-5,Female,Young Control
GSM1201567,CBA Cochlea Mice-6,Female,Young Control
GSM1201568,CBA Cochlea Mice-16,Male,Young Control
GSM1201569,CBA Cochlea Mice-17,Male,Young Control
GSM1201570,CBA Cochlea Mice-18,Male,Young Control
GSM1201571,CBA Cochlea Mice-25,Male,Young Control
GSM1201572,CBA Cochlea Mice-36,Female,Young Control
GSM1201573,CBA Cochlea Mice-41,Male,Young Control
GSM1201574,CBA Cochlea Mice-7,Female,Middle-Aged
GSM1201575,CBA Cochlea Mice-8,Female,Middle-Aged
GSM1201576,CBA Cochlea Mice-9,Female,Middle-Aged
GSM1201577,CBA Cochlea Mice-10,Female,Middle-Aged
GSM1201578,CBA Cochlea Mice-14,Male,Middle-Aged
GSM1201579,CBA Cochlea Mice-15,Male,Middle-Aged
GSM1201580,CBA Cochlea Mice-19,Male,Middle-Aged
GSM1201581,CBA Cochlea Mice-20,Male,Middle-Aged
GSM1201582,CBA Cochlea Mice-23,Female,Middle-Aged
GSM1201583,CBA Cochlea Mice-24,Female,Middle-Aged
GSM1201584,CBA Cochlea Mice-26,Female,Middle-Aged
GSM1201585,CBA Cochlea Mice-27,Female,Middle-Aged
GSM1201586,CBA Cochlea Mice-28,Female,Middle-Aged
GSM1201587,CBA Cochlea Mice-29,Female,Middle-Aged
GSM1201588,CBA Cochlea Mice-31,Male,Middle-Aged
GSM1201589,CBA Cochlea Mice-38,Male,Middle-Aged
GSM1201590,CBA Cochlea Mice-39,Male,Middle-Aged
GSM1201591,CBA Cochlea Mice-2,Female,Mild Presbycusis
GSM1201592,CBA Cochlea Mice-3,Female,Mild Presbycusis
GSM1201593,CBA Cochlea Mice-12,Male,Mild Presbycusis
GSM1201594,CBA Cochlea Mice-21,Female,Mild Presbycusis
GSM1201595,CBA Cochlea Mice-22,Female,Mild Presbycusis
GSM1201596,CBA Cochlea Mice-37,Male,Mild Presbycusis
GSM1201597,CBA Cochlea Mice-34,Male,Mild Presbycusis
GSM1201598,CBA Cochlea Mice-35,Male,Mild Presbycusis
GSM1201599,CBA Cochlea Mice-40,Male,Mild Presbycusis
GSM1201600,CBA Cochlea Mice-1,Female,Severe Presbycusis
GSM1201601,CBA Cochlea Mice-11,Female,Severe Presbycusis
GSM1201602,CBA Cochlea Mice-13,Male,Severe Presbycusis
GSM1201603,CBA Cochlea Mice-30,Female,Severe Presbycusis
GSM1201604,CBA Cochlea Mice-32,Male,Severe Presbycusis
GSM1201605,CBA Cochlea Mice-33,Female,Severe Presbycusis
