gene,module
Ctss,M2
Mpeg1,M2
Ms4a7,M2
Clec4d,M2
Fcgr3,M2
Clec4n,M2
Clec7a,M2
Cd68,M2
Bcl2a1a /// Bcl2a1b /// Bcl2a1d,M2
Ms4a6d,M2
Cd84,M2
Il2rg,M4
C3ar1,M4
Htr2b,M4
C1qc,M4
Ch25h,M2
Fcer1g,M2
Cd300lf,M2
Tyrobp,M4
H2-K1,M2
Csn3,M2
Gp49a /// Lilrb4,M2
Lcp1,M2
Uros,M1
Csf2rb2,M2
H2-Bl,M2
Cxcl13,M4
Emr1,M2
Csf1r,M4
Glipr1,M2
Nckap1l,M2
Ubd,M2
Cd48,M2
Lgals3,M2
Lyz1,M2
Trim30a,M4
Ly86,M2
Il7r,M2
Cd53,M2
Clca2,M2
Ccl5,M4
H2-Aa,M2
Lyz2,M2
Fgf1,M3
Serpine1,M2
Ptprc,M2
Lynx1,M3
Itgb2,M2
P2ry6,M4
Ms4a6b,M4
C920025E04Rik,M2
Ms4a6c,M4
Fyb,M4
Naalad2,M3
Ncf4,M4
Ttl,M1
Icam1,M2
Alox5ap,M2
Clca1 /// Clca2,M2
Mdfi,M4
Expi,M2
Tnnt2,M4
Il18r1,M2
Amz2,M3
Mmp12,M2
Cxcl1,M4
Prss16,M4
Otor,M3
Pla1a,M2
Serpina3n,M4
Cyth3,M1
Timp1,M2
C1qb,M2
Cd93,M2
Hdgfrp3,M3
A630038E17Rik,M2
AF251705,M4
Fam176a,M4
Clec4e,M4
Rab3gap2,M3
Abhd10,M3
P2ry14,M4
Ctla2b,M2
Cebpd,M4
Plek,M2
Slc15a3,M2
Lpxn,M2
Epb4.1l5,M2
Igsf6,M2
Evl,M1
Ccrl2,M2
Pcolce,M4
Aass,M3
Ankrd40,M3
Gdpd1,M3
H2-Eb1,M2
Pfkm,M3
Arxes1 /// Arxes2,M1
Cxcl2,M4
Pdlim4,M4
Pfkl,M3
Prkar2a,M4
2610019E17Rik,M4
Acp5,M2
Fam136a,M3
Zdhhc3,M3
Nde1,M1
Dym,M1
Lrg1,M2
Oas1a,M4
Tgtp1 /// Tgtp2,M2
Dbp,M1
Odz3,M1
Rhot1,M3
Rras2,M2
Tmem98,M4
Clca1,M2
Cldn13,M2
Gspt2,M1
Fzd4,M4
Sspn,M3
Vit,M1
Musk,M4
Nprl2,M1
Tmem71,M4
Slc25a14,M1
3110043O21Rik,M3
Fos,M2
Pxmp2,M2
Necap1,M1
Psmb8,M4
Gm9923 /// Hbs1l,M3
Gipc2,M2
Nkiras1,M3
Irx4,M4
Anxa7,M3
Fstl1,M1
Msl3,M3
H2-D1 /// H2-K1,M2
C4b /// LOC675521,M2
Tceal3 /// Tceal5 /// Tceal6,M1
Bub3,M4
Gpx6,M2
Apcdd1,M1
Osmr,M2
Cdh2,M3
Anxa3,M4
Ctnnd2,M1
Rlbp1,M1
Atf3,M2
Rhbdd1,M4
Kifc1,M4
Mrpl49,M1
Crebbp,M3
Cd99l2,M3
Arhgdib,M4
Havcr2,M2
Rbm47,M4
Ddx19b,M3
Ifi47,M2
Vcp,M3
Serf1,M1
Plekhb2,M3
Smap2,M3
Naip5,M2
Tlr7,M4
Bcl2l2,M3
Trp53inp2,M1
Vapb,M1
Gpr65,M2
Srsf7,M3
Mapkap1,M1
Hes1,M4
Asf1b,M4
Prss22,M4
Cytip,M2
Bhmt,M4
Capn2,M3
B130024G19Rik,M4
Ppp1r2,M4
Ly6a,M2
H2-Q6 /// LOC68395,M2
Ndn,M1
Tmem119,M1
Sult1c2,M4
Cd14,M2
Igfbp7,M4
Ddr1,M2
Sfpi1,M2
Entpd1,M2
Clic4,M1
1810009A15Rik,M1
Gars,M3
Fcgr4,M4
Depdc7,M1
Selplg,M2
Jak3,M4
Ube3c,M1
Casp4,M4
H2-Ob,M4
