dataset,cell_type,correlation_with_severity,p_value,genes_used,fdr_bh
GSE49543,Macrophage/Microglia,0.847128163168539,2.3828564113717347e-23,15,2.1445707702345614e-22
GSE49543,Microglia-like,0.038640842478915666,0.8091735532764573,5,0.9161367463567665
GSE49543,Monocytes,0.5357341942715312,7.425121876233915e-05,4,0.0003341304844305262
GSE49543,Neutrophils,0.49930443533674057,0.00031960510197104845,4,0.0011505783670957745
GSE49543,T cells,0.4243259930255595,0.0034287079545766226,5,0.010286123863729868
GSE49543,B cells,0.18877164900237237,0.22996009499596984,3,0.41228591401218523
GSE49543,NK cells,0.3376762488127435,0.025066110146483248,3,0.05639874782958731
GSE49543,Dendritic cells,0.36163718068687567,0.015419545599870096,4,0.039650260113951674
GSE49543,Mast cells,0.18043506525713188,0.25195250300744654,3,0.41228591401218523
GSE49522,Macrophage/Microglia,0.8535275987597621,2.1869926193464306e-23,15,2.1445707702345614e-22
GSE49522,Microglia-like,0.629853992576263,8.112350122074205e-07,5,4.867410073244523e-06
GSE49522,Monocytes,0.0284675106264761,0.8624696103509444,4,0.9161367463567665
GSE49522,Neutrophils,0.01730883058813927,0.9161367463567665,4,0.9161367463567665
GSE49522,T cells,-0.02285913160697059,0.8893845520687749,5,0.9161367463567665
GSE49522,B cells,-0.04861799526876364,0.7671675724543219,3,0.9161367463567665
GSE49522,NK cells,0.039488599918388934,0.8100300436889833,2,0.9161367463567665
GSE49522,Dendritic cells,0.22326107449657076,0.16355612552592358,4,0.32711225105184716
GSE49522,Mast cells,0.08899470721907009,0.5867923463271512,3,0.8801885194907267
