,B cells naive,Plasma cells,T cells CD8,T cells CD4 memory resting,T cells follicular helper,T cells regulatory (Tregs),NK cells resting,NK cells activated,Monocytes_CIBERSORT,Macrophages M0,Macrophages M1,Macrophages M2,Dendritic cells resting,Mast cells resting,Mast cells activated,Eosinophils,Neutrophils_CIBERSORT,Macrophage/Microglia,Microglia-like,Monocytes_marker,Neutrophils_marker,T cells,B cells,NK cells,Dendritic cells,Mast cells
B cells naive,1.0,-0.6845799387926308,0.19719416781038385,-0.6121184196669498,0.3711845317905727,-0.021930936091303282,-0.12613958993564203,-0.20089879876620984,-0.6880691913817912,-0.504004070242683,-0.5358765056550121,0.3957071519577911,0.15742667407935862,-0.24170363315264567,0.5859953271429101,0.05108678790885269,0.7095921571040875,0.1541581357848421,0.5422577026102101,-0.012117944624136293,-0.044423210688211756,0.3227743066849141,0.11756589013636973,0.18627057664352034,0.22393001725373318,0.2953921214839097
Plasma cells,-0.6845799387926308,1.0,-0.323298971395867,0.47061377651984826,-0.26299700614236776,0.060510348672025406,-0.046244621911423964,0.4134838688385664,0.3989333650715102,0.41330432019536373,0.5584070094726975,-0.45889248976716396,-0.12827318484664904,0.19161687957907061,-0.5988521131719767,-0.08232170336806158,-0.4624164064857349,-0.15302798083211583,-0.32623890719455434,-0.044879086217795204,0.011201099815053904,-0.2825928931499256,-0.2133331402047251,-0.21632333725500483,-0.27641031063883076,-0.22573343618395916
T cells CD8,0.19719416781038385,-0.323298971395867,1.0,-0.3300808861348906,0.17225456866502045,-0.0009574172729369012,0.11372258712810125,-0.176817165695772,-0.08400616364360525,-0.2881941740256192,-0.21264060934255177,0.3651361963141606,-0.15517863431372908,-0.023556713356199008,0.14229392945350783,-0.0509990545081427,0.005023923161267962,0.08337921689950659,-0.12855038170675523,-0.1288663884559885,-0.06852123938288082,-0.0987461319780405,-0.24563060857382762,-0.11597755479465137,-0.08052460152419037,-0.055047585864303424
T cells CD4 memory resting,-0.6121184196669498,0.47061377651984826,-0.3300808861348906,1.0,-0.7369559852424208,-0.07754270197756866,-0.07733996724718813,-0.08238904949312796,0.4183044871366826,0.4267140556157908,0.4184586403955465,-0.444513222127413,-0.04582979655502143,-0.027671058437014086,-0.450136237935072,-0.058065876980352434,-0.5019033736747784,-0.15134526139627616,-0.17647050411425916,-0.04223015914093115,0.03878878455841541,-0.15068844089488556,-0.04373169140430831,-0.1659272002224189,-0.12527590481329554,-0.2848034411014339
T cells follicular helper,0.3711845317905727,-0.26299700614236776,0.17225456866502045,-0.7369559852424208,1.0,-0.26208920990184004,-0.16446170472472432,0.40693866779227716,-0.4110508097396137,-0.5187048658550494,-0.3302339916747582,0.382534273321099,0.12331082073769598,0.05250976305600423,0.11213406724921925,0.016718255939324318,0.4572296885649358,0.37180867221465025,0.1608179096002335,0.14217597122201975,-0.043490156968646373,0.3184075701757836,0.027702571733802233,0.2525170180223221,0.3569107841208727,0.3788699959668649
T cells regulatory (Tregs),-0.021930936091303282,0.060510348672025406,-0.0009574172729369012,-0.07754270197756866,-0.26208920990184004,1.0,0.22137257762000265,-0.11174361583371674,0.11785596937130868,0.15912474049561004,-0.09575696085587387,-0.1951177580660061,-0.1604984061773107,-0.13764060584323787,0.14385765558927438,0.17167395430230872,-0.25064543929390226,-0.24790939420167044,0.026706366768532386,-0.18150193182645719,-0.0791468666339007,-0.28237220543052755,-0.10630102922253273,-0.22845120463826749,-0.3098372576087948,-0.15456371681087677
NK cells resting,-0.12613958993564203,-0.046244621911423964,0.11372258712810125,-0.07733996724718813,-0.16446170472472432,0.22137257762000265,1.0,-0.48071810362553247,-0.10107552807497065,-0.09518206584301905,0.12970871632733344,-0.0766390926820105,0.16423826807326392,-0.13662721089281818,0.3320735500246291,-0.04406518153476937,-0.11337329631946548,-0.0006243044817442037,-0.06459897378948194,0.097468909120648,0.17898121971344055,-0.09313981059582987,0.09641426100670311,0.13740587966906237,-0.09381142804179354,-0.01584262663897938
NK cells activated,-0.20089879876620984,0.4134838688385664,-0.176817165695772,-0.08238904949312796,0.40693866779227716,-0.11174361583371674,-0.48071810362553247,1.0,0.12818220416767398,0.15309351375321886,0.06105582891386986,-0.18185598369201286,-0.17792290034309918,0.439573958843363,-0.6540415520649278,0.1451292957730106,-0.14265607681801526,-0.06642103703737126,-0.25968264962904714,-0.12691484411598336,-0.3046952981866759,-0.06575488787682617,-0.23703224966111575,-0.21099594361704235,-0.05854592769304639,0.20023901964154087
Monocytes_CIBERSORT,-0.6880691913817912,0.3989333650715102,-0.08400616364360525,0.4183044871366826,-0.4110508097396137,0.11785596937130868,-0.10107552807497065,0.12818220416767398,1.0,0.5739736034025734,0.21537279207012058,-0.5756943621029142,-0.3112413598750719,0.27104938017066016,-0.5677113517320612,-0.1290599710175457,-0.8207243368238734,-0.3484883671776834,-0.5132339856175078,-0.0479856793917977,-0.14556252366851014,-0.3868892881334028,-0.11923047890026453,-0.25926303435241155,-0.37708319205801627,-0.4114242130410846
Macrophages M0,-0.504004070242683,0.41330432019536373,-0.2881941740256192,0.4267140556157908,-0.5187048658550494,0.15912474049561004,-0.09518206584301905,0.15309351375321886,0.5739736034025734,1.0,0.4250377257938595,-0.6645856963046904,-0.12987220950654874,0.13095603076686854,-0.47779168499528035,-0.017599893120081467,-0.6820226761945377,-0.2528581844273342,-0.3942391239323443,-0.18371798433650754,-0.03201654553429751,-0.4796443902049504,-0.44172552103970436,-0.5283813517190471,-0.5892476132414235,-0.5868888667375205
Macrophages M1,-0.5358765056550121,0.5584070094726975,-0.21264060934255177,0.4184586403955465,-0.3302339916747582,-0.09575696085587387,0.12970871632733344,0.06105582891386986,0.21537279207012058,0.4250377257938595,1.0,-0.3212359160003231,-0.15735544049142847,0.24644422434035146,-0.2512332005231562,-0.04122017113632097,-0.4027659117051904,0.13798352741062733,-0.39789878187846656,0.2568315166226612,0.3819721678627051,-0.00584719589281646,-0.15282792972710701,-0.07652541183910581,-0.19600630197999833,-0.2784930408724533
Macrophages M2,0.3957071519577911,-0.45889248976716396,0.3651361963141606,-0.444513222127413,0.382534273321099,-0.1951177580660061,-0.0766390926820105,-0.18185598369201286,-0.5756943621029142,-0.6645856963046904,-0.3212359160003231,1.0,-0.06317135495563406,-0.2002524110587614,0.5323336158489557,0.04785701854587772,0.7245986546136141,0.2750540776723747,0.23263787399559022,-0.017538661422138096,0.056651956690741016,0.24522457258369174,0.22259508234736589,0.3007930908997339,0.44787417682034497,0.37180205877614897
Dendritic cells resting,0.15742667407935862,-0.12827318484664904,-0.15517863431372908,-0.04582979655502143,0.12331082073769598,-0.1604984061773107,0.16423826807326392,-0.17792290034309918,-0.3112413598750719,-0.12987220950654874,-0.15735544049142847,-0.06317135495563406,1.0,-0.09296304352634642,0.007081138508308899,-0.11256192117676576,0.1424338824875075,0.11123296548489356,0.43477365316941924,0.3281847101597395,0.20376608404851257,0.3954032798587188,0.2937425167780959,0.07780471368268617,0.358183557214414,0.15292849702161146
Mast cells resting,-0.24170363315264567,0.19161687957907061,-0.023556713356199008,-0.027671058437014086,0.05250976305600423,-0.13764060584323787,-0.13662721089281818,0.439573958843363,0.27104938017066016,0.13095603076686854,0.24644422434035146,-0.2002524110587614,-0.09296304352634642,1.0,-0.517675027943579,0.061060525154681806,-0.24838582735310377,-0.2783312812453707,-0.38919964863348877,0.03942498705896165,-0.09112123751896962,-0.03638498922736066,-0.04483708927012021,-0.1660309071566255,-0.1747352984413696,0.17808524819353222
Mast cells activated,0.5859953271429101,-0.5988521131719767,0.14229392945350783,-0.450136237935072,0.11213406724921925,0.14385765558927438,0.3320735500246291,-0.6540415520649278,-0.5677113517320612,-0.47779168499528035,-0.2512332005231562,0.5323336158489557,0.007081138508308899,-0.517675027943579,1.0,-0.020162834534441423,0.6281068840196256,0.24627336464241176,0.4246928755205156,0.10987335192810342,0.25944801975020376,0.20552962576204756,0.2935855900295632,0.4050654905349977,0.2299978792566551,0.1570397502936373
Eosinophils,0.05108678790885269,-0.08232170336806158,-0.0509990545081427,-0.058065876980352434,0.016718255939324318,0.17167395430230872,-0.04406518153476937,0.1451292957730106,-0.1290599710175457,-0.017599893120081467,-0.04122017113632097,0.04785701854587772,-0.11256192117676576,0.061060525154681806,-0.020162834534441423,1.0,0.02279799339980326,-0.06588759673131506,0.0542179513405485,-0.13415294216322055,-0.17871259322136446,-0.10577741503463717,-0.10876678117560154,-0.07951358302084278,-0.023737283370087167,0.21413555890408065
Neutrophils_CIBERSORT,0.7095921571040875,-0.4624164064857349,0.005023923161267962,-0.5019033736747784,0.4572296885649358,-0.25064543929390226,-0.11337329631946548,-0.14265607681801526,-0.8207243368238734,-0.6820226761945377,-0.4027659117051904,0.7245986546136141,0.1424338824875075,-0.24838582735310377,0.6281068840196256,0.02279799339980326,1.0,0.263137827280441,0.46015245907472135,0.032486907460897135,0.07180548124378774,0.40047765715124073,0.3491133155441605,0.4004293396081668,0.4648657843289357,0.4575922696897574
Macrophage/Microglia,0.1541581357848421,-0.15302798083211583,0.08337921689950659,-0.15134526139627616,0.37180867221465025,-0.24790939420167044,-0.0006243044817442037,-0.06642103703737126,-0.3484883671776834,-0.2528581844273342,0.13798352741062733,0.2750540776723747,0.11123296548489356,-0.2783312812453707,0.24627336464241176,-0.06588759673131506,0.263137827280441,1.0,0.21202496379848576,0.617363875085398,0.6364101476625442,0.49622330667464487,0.16603931862428387,0.3253900005244246,0.38232652801326306,0.10082827155297636
Microglia-like,0.5422577026102101,-0.32623890719455434,-0.12855038170675523,-0.17647050411425916,0.1608179096002335,0.026706366768532386,-0.06459897378948194,-0.25968264962904714,-0.5132339856175078,-0.3942391239323443,-0.39789878187846656,0.23263787399559022,0.43477365316941924,-0.38919964863348877,0.4246928755205156,0.0542179513405485,0.46015245907472135,0.21202496379848576,1.0,0.028107631937522987,-0.02760548435689338,0.40915350795890953,0.2312158809154578,0.2281074162659562,0.4882105446666028,0.27334875527463004
Monocytes_marker,-0.012117944624136293,-0.044879086217795204,-0.1288663884559885,-0.04223015914093115,0.14217597122201975,-0.18150193182645719,0.097468909120648,-0.12691484411598336,-0.0479856793917977,-0.18371798433650754,0.2568315166226612,-0.017538661422138096,0.3281847101597395,0.03942498705896165,0.10987335192810342,-0.13415294216322055,0.032486907460897135,0.617363875085398,0.028107631937522987,1.0,0.8335236640876773,0.6494139029357041,0.42002362190664905,0.5369583976217944,0.3017284156548997,0.19343884151586963
Neutrophils_marker,-0.044423210688211756,0.011201099815053904,-0.06852123938288082,0.03878878455841541,-0.043490156968646373,-0.0791468666339007,0.17898121971344055,-0.3046952981866759,-0.14556252366851014,-0.03201654553429751,0.3819721678627051,0.056651956690741016,0.20376608404851257,-0.09112123751896962,0.25944801975020376,-0.17871259322136446,0.07180548124378774,0.6364101476625442,-0.02760548435689338,0.8335236640876773,1.0,0.4858687995976324,0.2714089760877263,0.45259909917953184,0.1303255493149371,-0.0030557125913680443
T cells,0.3227743066849141,-0.2825928931499256,-0.0987461319780405,-0.15068844089488556,0.3184075701757836,-0.28237220543052755,-0.09313981059582987,-0.06575488787682617,-0.3868892881334028,-0.4796443902049504,-0.00584719589281646,0.24522457258369174,0.3954032798587188,-0.03638498922736066,0.20552962576204756,-0.10577741503463717,0.40047765715124073,0.49622330667464487,0.40915350795890953,0.6494139029357041,0.4858687995976324,1.0,0.5795730813768833,0.6533393390940576,0.7163878813765973,0.49941017303036495
B cells,0.11756589013636973,-0.2133331402047251,-0.24563060857382762,-0.04373169140430831,0.027702571733802233,-0.10630102922253273,0.09641426100670311,-0.23703224966111575,-0.11923047890026453,-0.44172552103970436,-0.15282792972710701,0.22259508234736589,0.2937425167780959,-0.04483708927012021,0.2935855900295632,-0.10876678117560154,0.3491133155441605,0.16603931862428387,0.2312158809154578,0.42002362190664905,0.2714089760877263,0.5795730813768833,1.0,0.5507060913507859,0.5745443508114492,0.5359415438109577
NK cells,0.18627057664352034,-0.21632333725500483,-0.11597755479465137,-0.1659272002224189,0.2525170180223221,-0.22845120463826749,0.13740587966906237,-0.21099594361704235,-0.25926303435241155,-0.5283813517190471,-0.07652541183910581,0.3007930908997339,0.07780471368268617,-0.1660309071566255,0.4050654905349977,-0.07951358302084278,0.4004293396081668,0.3253900005244246,0.2281074162659562,0.5369583976217944,0.45259909917953184,0.6533393390940576,0.5507060913507859,1.0,0.6211882999808861,0.42173333851366596
Dendritic cells,0.22393001725373318,-0.27641031063883076,-0.08052460152419037,-0.12527590481329554,0.3569107841208727,-0.3098372576087948,-0.09381142804179354,-0.05854592769304639,-0.37708319205801627,-0.5892476132414235,-0.19600630197999833,0.44787417682034497,0.358183557214414,-0.1747352984413696,0.2299978792566551,-0.023737283370087167,0.4648657843289357,0.38232652801326306,0.4882105446666028,0.3017284156548997,0.1303255493149371,0.7163878813765973,0.5745443508114492,0.6211882999808861,1.0,0.40524502151346486
Mast cells,0.2953921214839097,-0.22573343618395916,-0.055047585864303424,-0.2848034411014339,0.3788699959668649,-0.15456371681087677,-0.01584262663897938,0.20023901964154087,-0.4114242130410846,-0.5868888667375205,-0.2784930408724533,0.37180205877614897,0.15292849702161146,0.17808524819353222,0.1570397502936373,0.21413555890408065,0.4575922696897574,0.10082827155297636,0.27334875527463004,0.19343884151586963,-0.0030557125913680443,0.49941017303036495,0.5359415438109577,0.42173333851366596,0.40524502151346486,1.0
