dataset,cell_type,old_mean,young_mean,difference,p_value,mannwhitney_u,fdr_bh
GSE233798,Macrophage/Microglia,0.2804104271271379,-0.2804104271271366,0.5608208542542745,0.2,8.0,0.2571428571428572
GSE233798,Microglia-like,0.0989314412422335,-0.09893144124223102,0.19786288248446454,1.0,5.0,1.0
GSE233798,Monocytes,-0.5864962697131947,0.5864962697131947,-1.1729925394263894,0.1,0.0,0.18
GSE233798,Neutrophils,-0.77526440996321,0.7752644099632103,-1.5505288199264204,0.1,0.0,0.18
GSE233798,T cells,0.2618612329891598,-0.2618612329891598,0.5237224659783196,0.4,7.0,0.45
GSE233798,B cells,-0.8972925034709721,0.8972925034709719,-1.794585006941944,0.1,0.0,0.18
GSE233798,NK cells,-0.8284845207860835,0.8284845207860833,-1.6569690415721667,0.1,0.0,0.18
GSE233798,Dendritic cells,0.398154168269234,-0.398154168269234,0.796308336538468,0.2,8.0,0.2571428571428572
GSE233798,Mast cells,-0.7373020678163593,0.7373020678163605,-1.47460413563272,0.1,0.0,0.18
