"","umap_1","umap_2","myeloid_state","age_months"
"AATGGAATCGTGCGAC-1-0",-3.1555599590548,1.70558202834356,"Myeloid_C0",3
"ACCAAACTCTGCGTCT-1-0",2.35242610967078,1.51968801589239,"Myeloid_C0",3
"ACGATCATCTAGATCG-1-0",2.56922870671668,1.62920797438849,"Myeloid_C0",3
"ACTGCAATCGGACGTC-1-0",2.46877199208655,-1.07864343552362,"Myeloid_C0",3
"ACTTATCCAACCAATC-1-0",-4.4058828970202,-0.141208285377139,"Myeloid_C0",3
"AGATAGAGTAAGACCG-1-0",2.47975164449134,0.463113194420224,"Myeloid_C0",3
"AGCGATTCAGTCTGGC-1-0",0.556634006857061,0.555620556785946,"Myeloid_C0",3
"AGCGCTGTCGCAATTG-1-0",-4.24260574781976,0.227395420982724,"Myeloid_C1",3
"AGGAGGTCACTAACGT-1-0",-4.10264724695764,-0.722052210853214,"Myeloid_C0",3
"AGGATCTCAAGGATGC-1-0",1.91202074086585,1.93051851363409,"Myeloid_C0",3
"AGTCAACTCAAGTAAG-1-0",-4.09371632540307,0.292854672386532,"Myeloid_C1",3
"ATCGTCCCATTCACAG-1-0",-4.34173441135964,0.00876939864385662,"Myeloid_C1",3
"ATGAGTCTCCGCTTAC-1-0",-4.23635864460549,-0.465868586585636,"Myeloid_C1",3
"ATGGATCTCTCCGAGG-1-0",-2.75335473024926,1.51426637740362,"Myeloid_C0",3
"ATGGGTTGTCTGATCA-1-0",1.4619560817472,-0.996606463477725,"Myeloid_C0",3
"ATTCTTGTCACCGGTG-1-0",2.06070571935096,0.754723912193661,"Myeloid_C0",3
"CACAGGCGTACTTGTG-1-0",0.517104206442022,1.99976957411993,"Myeloid_C0",3
"CACCAAAGTTGCTCAA-1-0",0.257221756338263,0.23424566359747,"Myeloid_C0",3
"CAGATTGTCGGACTTA-1-0",-3.46256834471307,0.205512410118466,"Myeloid_C1",3
"CCTCATGTCAAAGGTA-1-0",0.944238243459845,1.48434198470343,"Myeloid_C0",3
"CGGGACTCAACAGCTT-1-0",0.301964817403936,0.79689157576788,"Myeloid_C0",3
"CGTGATAGTCGCAGTC-1-0",-4.24320316517434,0.680153256370907,"Myeloid_C1",3
"CTACAGACAGGCCCTA-1-0",-1.58732003176293,0.459269886925107,"Myeloid_C0",3
"CTACATTTCCTACGAA-1-0",-0.889733256936884,0.53192747206915,"Myeloid_C0",3
"CTATCCGGTGGTCTAT-1-0",2.83860975301185,1.03932130904425,"Myeloid_C0",3
"CTCCCAATCGACGACC-1-0",1.93595224416175,-2.67094575791132,"Myeloid_C0",3
"CTGAATGTCCGGTAGC-1-0",1.67392021214881,-2.41255580811274,"Myeloid_C0",3
"CTGAGGCTCATTCACT-1-0",-3.87336963617883,0.575498944237118,"Myeloid_C1",3
"CTGTGAAAGTCATTGC-1-0",1.48259836232581,0.648450261070614,"Myeloid_C0",3
"CTTCTAAGTTGAGTCT-1-0",1.11922222173133,1.00558412642706,"Myeloid_C0",3
"GAAGGACTCACCTCAC-1-0",-3.30281275713525,-0.416983241126651,"Myeloid_C1",3
"GACAGCCTCGCGGACT-1-0",-3.77190941774926,-0.196013087318057,"Myeloid_C1",3
"GACGTTAGTCGTTATG-1-0",-3.5775912424334,0.419322377159482,"Myeloid_C0",3
"GAGGCCTAGTACAGCG-1-0",3.26751476323524,0.723144894554501,"Myeloid_C0",3
"GATGACTGTCCGAAAG-1-0",0.419467506765509,1.58736074538458,"Myeloid_C0",3
"GATTTCTAGCCTTTCC-1-0",-3.17568475210748,-0.461844080970401,"Myeloid_C1",3
"GCATTAGCAAAGTGTA-1-0",2.12764221227088,1.68098867507208,"Myeloid_C0",3
"GGCGTCAGTTCACCGG-1-0",1.9193478206388,1.58444631667364,"Myeloid_C0",3
"GGTGATTAGATACGAT-1-0",-2.71846240961633,-0.808992499396915,"Myeloid_C0",3
"GTAGATCTCCACGAAT-1-0",-2.07284659349999,-0.688853854224796,"Myeloid_C1",3
"GTAGGAGTCATACGGT-1-0",1.12661605870643,-1.38546382813227,"Myeloid_C0",3
"GTGCTTCCATGGCCAC-1-0",-0.284888209939814,1.00299680800665,"Myeloid_C0",3
"GTTCGCTTCCGATGCG-1-0",-3.8564592024096,-0.190219515845889,"Myeloid_C1",3
"TACAACGAGACCGTTT-1-0",1.51073938405433,-2.02460348038446,"Myeloid_C0",3
"TACCCGTAGCAGCCCT-1-0",1.43158298528113,2.21871603102911,"Myeloid_C0",3
"TACCGAAAGCACTTTG-1-0",-1.98157376253686,-0.284769648597354,"Myeloid_C1",3
"TATCTGTCACAATCTG-1-0",1.42095809972205,1.56458414168585,"Myeloid_C0",3
"TCATGTTGTCCGATCG-1-0",2.67934375798621,0.985420590355282,"Myeloid_C0",3
"TCGTAGAAGGAACTAT-1-0",0.142585811971808,0.78075445265997,"Myeloid_C0",3
"TGTAACGGTTTCGGCG-1-0",-3.97651010954461,0.307676678612118,"Myeloid_C1",3
"TTCTAACCATACATCG-1-0",-2.10367506945214,-0.703366869971866,"Myeloid_C1",3
"TTCTAGTGTGGTCTAT-1-0",-2.81801074946008,1.60890329451788,"Myeloid_C0",3
"TTGCCTGTCGTAGCTA-1-0",3.10886150395789,1.06603372664679,"Myeloid_C0",3
"AAGACTCGTCATCCCT-1-1",3.03342205083289,1.54586446852911,"Myeloid_C0",12
"AAGTCGTTCGACATTG-1-1",1.52043539082923,1.85945737929571,"Myeloid_C0",12
"ACCCAAAAGAGGATGA-1-1",-0.944120826364374,-1.38100873856317,"Myeloid_C0",12
"ACTTAGGTCATCACTT-1-1",3.39698177373328,-2.37327062515985,"Myeloid_C0",12
"AGATGAAAGCGCATCC-1-1",2.0910802463285,-0.992479437873477,"Myeloid_C0",12
"AGCTACAGTCCTCCTA-1-1",3.28482395207801,1.28729379744757,"Myeloid_C0",12
"AGCTCAAGTCCGAAAG-1-1",0.095139084219122,1.14094675154913,"Myeloid_C0",12
"AGGTCTAGTCATCACA-1-1",2.21060234105506,-2.10840284256708,"Myeloid_C0",12
"AGGTTACCATGTGGCC-1-1",-2.54051798784814,-0.280777567908878,"Myeloid_C1",12
"AGTAACCGTCTTTATC-1-1",1.76141935384192,-0.545310610816593,"Myeloid_C0",12
"AGTGATCCAACACGAG-1-1",2.87360435521522,-2.47423850922358,"Myeloid_C0",12
"ATCACGATCTTGTTAC-1-1",3.20894294774451,-2.36560546784174,"Myeloid_C0",12
"CAATGACGTTTCTTAC-1-1",3.18248325383582,0.120174771263486,"Myeloid_C0",12
"CCATCACCAAGCTCTA-1-1",3.05348545110145,-0.256303423926944,"Myeloid_C0",12
"CCCAACTAGACGTCGA-1-1",3.50495582616248,-1.88567506699335,"Myeloid_C0",12
"CCCGAAGAGCTGGTGA-1-1",3.4872623065702,-2.45916902451288,"Myeloid_C0",12
"CCCTTAGGTTCTAAGC-1-1",0.927558479665899,-0.166283244178409,"Myeloid_C0",12
"CCTAACCGTACGAGCA-1-1",2.5876041034452,1.20429456801642,"Myeloid_C0",12
"CCTCTCCGTATCAGGG-1-1",-2.82649773562036,-0.938455695197696,"Myeloid_C0",12
"CCTTTGGAGAAACTCA-1-1",3.3136554340116,-1.44585525421869,"Myeloid_C0",12
"CGAATTGCATACATCG-1-1",-0.862863483072138,-1.04223358063471,"Myeloid_C0",12
"CGTCCATTCATCTACT-1-1",2.96888452565589,0.520738011314755,"Myeloid_C0",12
"CTCAAGACATCACCAA-1-1",-2.41687792742333,-0.328713053748722,"Myeloid_C1",12
"CTCCTTTAGTGGCGAT-1-1",2.78165298497596,1.78750074477423,"Myeloid_C0",12
"CTCTCAGCAAGCCATT-1-1",2.52265029942908,0.0564206895374113,"Myeloid_C0",12
"CTCTGGTCAGAACTTC-1-1",3.64417034184852,-2.00094901947748,"Myeloid_C0",12
"CTGAGCGAGAGGTCGT-1-1",-0.566049518228388,1.69394243331183,"Myeloid_C0",12
"GAAACCTAGAAGCCAC-1-1",-2.73325389826379,0.0560220536731535,"Myeloid_C1",12
"GACATCACACAGCCAC-1-1",3.4850535968534,-2.53884851364862,"Myeloid_C0",12
"GATCATGAGGTGCATG-1-1",-2.43803209269128,1.1854947862171,"Myeloid_C0",12
"GATGTTGTCGTAACTG-1-1",0.942741928457403,-2.17813121704828,"Myeloid_C0",12
"GCAGCCAGTTATGTCG-1-1",-0.597495975137567,-1.1965385618664,"Myeloid_C0",12
"GCATCTCGTCACCGCA-1-1",0.507178840994024,-1.64720641999018,"Myeloid_C0",12
"GCCAGCACAGCGACAA-1-1",3.00942188298621,1.79308260054815,"Myeloid_C0",12
"GCGGAAATCTGGGCCA-1-1",-3.70251995527825,1.03377760024298,"Myeloid_C1",12
"GCTACCTCACACCTAA-1-1",-1.84202593767724,-0.507923716590518,"Myeloid_C1",12
"GCTTCACCACCGGAAA-1-1",-1.12419003450952,1.44809949965704,"Myeloid_C0",12
"GGCGTCAGTTCTCTCG-1-1",1.47637229955115,-2.58992635636103,"Myeloid_C0",12
"GGGCGTTCAATCGCGC-1-1",0.7096891978971,0.984162693931943,"Myeloid_C0",12
"GGTTAACCAATTGAGA-1-1",0.565999088644171,-0.81856834320795,"Myeloid_C0",12
"GTAGCTAAGGAAACGA-1-1",1.08123069798865,1.293015843346,"Myeloid_C0",12
"GTAGCTACATGGATCT-1-1",2.52807003056922,-2.54537116913568,"Myeloid_C0",12
"GTCATGAGTCAGCTTA-1-1",0.605636654256964,0.332311039879208,"Myeloid_C0",12
"GTGAGGAAGAGACAAG-1-1",3.72658210790076,-1.95285856156122,"Myeloid_C0",12
"GTTCGCTGTAGCTGTT-1-1",3.11044460332313,-2.10660755066645,"Myeloid_C0",12
"TAAGCACAGCACGATG-1-1",-1.9202346225985,0.0842498597644621,"Myeloid_C0",12
"TAAGTCGCAATTCGTG-1-1",2.62865072286048,-0.487014407203311,"Myeloid_C0",12
"TAATCTCTCTTAGTTC-1-1",-2.98296994173608,0.222894078209286,"Myeloid_C1",12
"TACAACGCATGGATCT-1-1",2.15973001515784,-2.53946220307123,"Myeloid_C0",12
"TCAGTCCCATCGTGCG-1-1",-0.0642275234468936,0.327793484642392,"Myeloid_C0",12
"TCCGTGTCATACGCAT-1-1",3.11810833012977,-2.138953322456,"Myeloid_C0",12
"TCCTTCTTCTGTTGGA-1-1",1.69580560719886,-1.21480237869989,"Myeloid_C0",12
"TCGCTTGGTTGGGTTT-1-1",2.38599926030555,-0.551702136085147,"Myeloid_C0",12
"TCTCTGGTCGGTGTTA-1-1",0.389630852102423,1.0646919068836,"Myeloid_C0",12
"TGAGGGAGTACTGCCG-1-1",0.887030659078741,1.52553117842901,"Myeloid_C0",12
"TGCAGGCGTCTTCGAA-1-1",0.805930672048712,-0.267540568397159,"Myeloid_C0",12
"TGTTGAGTCCCTATTA-1-1",1.41552310979285,-0.403654688880557,"Myeloid_C0",12
"TTAGGCAGTGCCGAAA-1-1",-3.97512763941369,0.997611409141903,"Myeloid_C1",12
"TTCAGGAAGACGGTTG-1-1",3.2119823077909,1.18934095473517,"Myeloid_C0",12
"TTGCCTGAGGCATCTT-1-1",2.04016834294715,-2.85352241425287,"Myeloid_C0",12
"TTTATGCCAACATCGT-1-1",1.90507799184241,1.1737235841297,"Myeloid_C0",12
"AAGCATCAGCATGTTC-1-2",-3.37299162352166,1.11344564528692,"Myeloid_C1",24
"AAGTACCCAGTCGGTC-1-2",0.21566015279212,-0.9222670736767,"Myeloid_C0",24
"AATAGAGTCGAGATAA-1-2",-3.38275236094079,1.75447309584845,"Myeloid_C1",24
"ACATTTCTCACTGTTT-1-2",1.42897373235145,-1.44270145325434,"Myeloid_C0",24
"AGAGCAGAGTCATGCT-1-2",-2.6272076984652,0.621910458519345,"Myeloid_C1",24
"AGATGCTGTTAAGTCC-1-2",-4.22698974812112,1.23379266829718,"Myeloid_C1",24
"AGGGCTCTCCATATGG-1-2",0.677581367849493,0.181232815697079,"Myeloid_C0",24
"AGGTCATTCAAGCTTG-1-2",1.5231919864408,-1.60079061417353,"Myeloid_C0",24
"AGTCATGCAAGTGCAG-1-2",0.23406368291297,-0.180825823829288,"Myeloid_C0",24
"ATCGGATTCCACTGGG-1-2",-2.51353019678674,0.8251375016712,"Myeloid_C1",24
"ATTCAGGCAAAGTATG-1-2",1.08076149022498,-0.638001078651065,"Myeloid_C0",24
"CAGCACGGTGTTTACG-1-2",-3.43578404390893,1.32745206923712,"Myeloid_C1",24
"CAGCGTGGTCGGCCTA-1-2",-0.493673743844843,-1.28457891373407,"Myeloid_C0",24
"CATCGGGGTGTTGACT-1-2",-0.323863925577021,-0.954121226356143,"Myeloid_C0",24
"CATGCAAGTGGTCTTA-1-2",-1.27506321871362,-0.082970255897159,"Myeloid_C0",24
"CCGGACAAGCTAAACA-1-2",-3.26018768751702,1.13668382735479,"Myeloid_C1",24
"CCGGGTAAGTTCCGGC-1-2",-3.10019570791802,0.591085797264462,"Myeloid_C1",24
"CTCCAACCAATCGCAT-1-2",0.875143108724737,0.219457035972958,"Myeloid_C0",24
"GAATCGTTCCACGGAC-1-2",-3.85925024950585,1.68083704085577,"Myeloid_C1",24
"GAGAAATCATTGTACG-1-2",1.90639835393348,-1.3274446669079,"Myeloid_C0",24
"GGACGTCGTGTCCAAT-1-2",2.09308963811316,1.00898874373663,"Myeloid_C0",24
"GGTGATTTCCCTCGAT-1-2",-3.58664530718408,0.509117489769345,"Myeloid_C1",24
"GTAACCAAGGTTCCGC-1-2",-3.44899207556329,0.974985485985165,"Myeloid_C1",24
"GTAGATCTCCGAACGC-1-2",0.755142269491339,-1.10425769715082,"Myeloid_C0",24
"GTCTAGAGTCTCACGG-1-2",-3.89013666117272,1.50910223098028,"Myeloid_C1",24
"GTTGCTCGTTGAATCC-1-2",0.29402929341712,-0.722119921729679,"Myeloid_C0",24
"TAAGCGTGTTACCCTC-1-2",1.67146783864417,1.41513479323614,"Myeloid_C0",24
"TATTCCACACTTCATT-1-2",1.30345922505775,-2.30825769333612,"Myeloid_C0",24
"TCATTACGTGGCATCC-1-2",-2.55535763704858,0.228824978783017,"Myeloid_C0",24
"TCCACCAAGTATGTAG-1-2",-3.78146869146905,1.35331190200079,"Myeloid_C1",24
"TCTATCAGTGGTCTTA-1-2",1.55962234532752,-1.98859035401117,"Myeloid_C0",24
"TGGGTTAAGTGAGCCA-1-2",-3.53730148279748,1.50003278823126,"Myeloid_C1",24
"TGTGATGTCCTAGCGG-1-2",1.68843132054725,0.882783299400693,"Myeloid_C0",24
