task,fold,model,auc,accuracy,f1,best_params
severe_vs_rest,1,logistic,0.5714285714285714,0.5555555555555556,0.3333333333333333,"{'model__C': 0.1, 'select__k': 10}"
severe_vs_rest,1,svm,0.5714285714285714,0.6666666666666666,0.0,"{'model__C': 0.1, 'select__k': 10}"
severe_vs_rest,2,logistic,1.0,0.875,0.6666666666666666,"{'model__C': 0.1, 'select__k': 20}"
severe_vs_rest,2,svm,1.0,1.0,1.0,"{'model__C': 0.1, 'select__k': 10}"
severe_vs_rest,3,logistic,0.8571428571428572,0.625,0.4,"{'model__C': 0.1, 'select__k': 20}"
severe_vs_rest,3,svm,0.8571428571428572,0.75,0.0,"{'model__C': 0.1, 'select__k': 20}"
severe_vs_rest,4,logistic,1.0,0.75,0.5,"{'model__C': 0.1, 'select__k': 10}"
severe_vs_rest,4,svm,1.0,0.875,0.6666666666666666,"{'model__C': 0.1, 'select__k': 100}"
severe_vs_rest,5,logistic,1.0,1.0,1.0,"{'model__C': 0.1, 'select__k': 50}"
severe_vs_rest,5,svm,1.0,0.875,0.0,"{'model__C': 0.1, 'select__k': 50}"
severe_vs_rest,6,logistic,0.8571428571428572,0.6666666666666666,0.5714285714285714,"{'model__C': 0.1, 'select__k': 10}"
severe_vs_rest,6,svm,0.8571428571428572,0.6666666666666666,0.0,"{'model__C': 0.1, 'select__k': 10}"
severe_vs_rest,7,logistic,1.0,1.0,1.0,"{'model__C': 0.1, 'select__k': 20}"
severe_vs_rest,7,svm,1.0,1.0,1.0,"{'model__C': 0.1, 'select__k': 20}"
severe_vs_rest,8,logistic,1.0,1.0,1.0,"{'model__C': 0.1, 'select__k': 100}"
severe_vs_rest,8,svm,1.0,0.875,0.0,"{'model__C': 0.1, 'select__k': 100}"
severe_vs_rest,9,logistic,1.0,0.875,0.6666666666666666,"{'model__C': 0.1, 'select__k': 50}"
severe_vs_rest,9,svm,1.0,0.875,0.6666666666666666,"{'model__C': 0.1, 'select__k': 50}"
severe_vs_rest,10,logistic,0.5714285714285714,0.375,0.2857142857142857,"{'model__C': 0.1, 'select__k': 20}"
severe_vs_rest,10,svm,0.5714285714285714,0.5,0.0,"{'model__C': 0.1, 'select__k': 10}"
severe_vs_rest,11,logistic,0.7857142857142857,0.7777777777777778,0.5,"{'model__C': 0.1, 'select__k': 10}"
severe_vs_rest,11,svm,0.8571428571428572,0.7777777777777778,0.0,"{'model__C': 0.1, 'select__k': 10}"
severe_vs_rest,12,logistic,1.0,1.0,1.0,"{'model__C': 0.1, 'select__k': 20}"
severe_vs_rest,12,svm,0.7142857142857143,0.875,0.0,"{'model__C': 0.1, 'select__k': 50}"
severe_vs_rest,13,logistic,1.0,0.75,0.5,"{'model__C': 10.0, 'select__k': 20}"
severe_vs_rest,13,svm,1.0,0.875,0.6666666666666666,"{'model__C': 0.1, 'select__k': 10}"
severe_vs_rest,14,logistic,0.8571428571428572,0.875,0.6666666666666666,"{'model__C': 0.1, 'select__k': 100}"
severe_vs_rest,14,svm,0.8571428571428572,0.75,0.0,"{'model__C': 0.1, 'select__k': 50}"
severe_vs_rest,15,logistic,0.4285714285714286,0.5,0.3333333333333333,"{'model__C': 0.1, 'select__k': 20}"
severe_vs_rest,15,svm,0.4285714285714286,0.625,0.0,"{'model__C': 0.1, 'select__k': 10}"
severe_vs_rest,16,logistic,0.8571428571428572,0.7777777777777778,0.6666666666666666,"{'model__C': 0.1, 'select__k': 10}"
severe_vs_rest,16,svm,0.8571428571428572,0.7777777777777778,0.0,"{'model__C': 0.1, 'select__k': 10}"
severe_vs_rest,17,logistic,1.0,1.0,1.0,"{'model__C': 0.1, 'select__k': 10}"
severe_vs_rest,17,svm,1.0,1.0,1.0,"{'model__C': 1.0, 'select__k': 10}"
severe_vs_rest,18,logistic,1.0,0.5,0.3333333333333333,"{'model__C': 0.1, 'select__k': 100}"
severe_vs_rest,18,svm,1.0,0.75,0.5,"{'model__C': 0.1, 'select__k': 50}"
severe_vs_rest,19,logistic,0.7142857142857143,0.625,0.4,"{'model__C': 0.1, 'select__k': 20}"
severe_vs_rest,19,svm,0.7142857142857143,0.75,0.5,"{'model__C': 0.1, 'select__k': 20}"
severe_vs_rest,20,logistic,0.8571428571428572,0.75,0.5,"{'model__C': 0.1, 'select__k': 10}"
severe_vs_rest,20,svm,0.8571428571428572,0.875,0.0,"{'model__C': 0.1, 'select__k': 50}"
severe_vs_rest,21,logistic,0.9285714285714286,0.7777777777777778,0.6666666666666666,"{'model__C': 0.1, 'select__k': 10}"
severe_vs_rest,21,svm,0.8571428571428572,0.8888888888888888,0.6666666666666666,"{'model__C': 0.1, 'select__k': 10}"
severe_vs_rest,22,logistic,1.0,0.75,0.5,"{'model__C': 0.1, 'select__k': 20}"
severe_vs_rest,22,svm,1.0,1.0,1.0,"{'model__C': 0.1, 'select__k': 20}"
severe_vs_rest,23,logistic,0.8571428571428572,0.875,0.6666666666666666,"{'model__C': 0.1, 'select__k': 50}"
severe_vs_rest,23,svm,0.8571428571428572,0.75,0.0,"{'model__C': 0.1, 'select__k': 50}"
severe_vs_rest,24,logistic,0.7142857142857143,0.75,0.5,"{'model__C': 0.1, 'select__k': 50}"
severe_vs_rest,24,svm,0.7142857142857143,0.875,0.0,"{'model__C': 0.1, 'select__k': 50}"
severe_vs_rest,25,logistic,0.8571428571428572,0.625,0.4,"{'model__C': 0.1, 'select__k': 50}"
severe_vs_rest,25,svm,0.8571428571428572,0.875,0.0,"{'model__C': 0.1, 'select__k': 50}"
