gene,severity_correlation,welch_t,p_value,fdr_bh,central_severity_correlation,central_p_value,central_fdr_bh,same_direction,shared_significant
Cd74,0.4757466682926183,3.3777815080676183,0.0007307311616817,0.0384578542647321,0.5695829099925587,2.49527498160325e-05,0.0031922395328373345,True,True
H2-Aa,0.6519693832765288,5.369697029463245,7.886902767033304e-08,2.563055615886609e-05,0.6619336128279264,7.802072807077036e-08,1.9578701549913124e-05,True,True
H2-Eb1,0.5656090128775398,4.283182362259951,1.8423904627599815e-05,0.0026194570235636,0.4153087594736729,0.005485542735270312,0.16646708640126118,True,False
Setd1a,0.3754108064002564,2.529447234768603,0.0114242350263252,0.1979053017674709,0.18774579188252774,0.24495595104602846,0.7929620950631668,True,False
Nfatc2,0.3526782095901831,2.3537133497262426,0.0185869381584192,0.2465830179679768,-0.11071651006341007,0.4980074116726688,0.9156186117500831,False,False
Ctss,0.8876041864062717,12.034307706488466,2.345936304978513e-33,3.2019684626651724e-29,0.6793296604885213,1.7918744323294104e-08,5.083080319014451e-06,True,True
Fcgr3,0.8219425987472927,9.01210892762614,2.0213142475835762e-19,5.517783633053645e-16,0.8105216623527352,3.8455762064623733e-17,7.168703416875359e-14,True,True
Cd68,0.8105294719287857,8.642263076399441,5.511035203181448e-18,9.402514936027946e-15,0.7586256739430541,1.4141729130899856e-12,7.68897597621301e-10,True,True
Tyrobp,0.7471172636560997,7.0194075204227255,2.2281103353432026e-12,1.600604103531546e-09,0.7700492974716532,2.105594454151271e-13,1.4461001069589438e-10,True,True
Clec4d,0.8442380517946498,9.836895367627717,7.808323951671511e-23,2.664395340409111e-19,0.2424141659889981,0.1285407533782983,0.6751051496701199,True,False
Mpeg1,0.8808337591160809,11.61915189497264,3.2938979149777688e-31,2.2479206320765784e-27,0.8721971897369483,2.083477835459393e-27,2.718730227490962e-23,True,True
Lgals3,0.6796159743359297,5.785693949013237,7.221358703938752e-09,2.8989507338252947e-06,0.4870724249314577,0.0006929651839329624,0.042553510425829916,True,True
C1qa,0.4951909601761136,3.5595337773181353,0.0003715137501926,0.02444740176514,0.7472596406116251,7.91908735915328e-12,4.133446837983646e-09,True,True
C1qb,0.5922271105126503,4.5899600586078355,4.433308345091707e-06,0.0008289072000295,0.771182572886141,1.7249779213899478e-13,1.2505131609009683e-10,True,True
C3ar1,0.7598966401598685,7.300357499048045,2.8700411712299525e-13,3.0133224573936635e-10,0.733837329397486,5.0021916979626135e-11,2.1757866488904713e-08,True,True
Ms4a7,0.853801497854121,10.242032272156376,1.2850819666920272e-24,5.84669458779316e-21,0.12772452400587717,0.4334311780439431,0.888218496561249,True,False
Apoe,-0.0583152305927888,-0.3647993068898466,0.7152612225185788,0.9134745720883444,0.38619190289066496,0.010875007003586496,0.24382812094467385,False,False
Mif,-0.0843311231843534,-0.5285304339221787,0.5971312295691441,0.8678781974645137,-0.1479319900614782,0.36290388392456185,0.8613554427207183,True,False
Ddx1,-0.4776390659955712,-3.3951785371703576,0.0006858386092341,0.0371468697517354,-0.06462781571932286,0.693625920528177,0.954646683886966,True,False
Tbk1,-0.2594853789102804,-1.6779608023530734,0.0933547513908314,0.4843895430755479,0.2386480023658068,0.13495866991410047,0.6849769287083224,False,False
Fgf16,0.3665608277504981,2.4604322666706206,0.0138769763253645,0.2167126428660198,0.06548738244093681,0.6897450163608434,0.9538158121882199,True,False
