,group,positive_signature,negative_signature
YC-4,YC,-0.8853568630188023,0.4753393377230767
YC-5,YC,-0.8214402148276367,0.9089649500275755
YC-6,YC,-1.095314030828614,0.32619712298121406
YC-16,YC,-1.0718944073560341,0.7476410849101829
YC-17,YC,-0.8501067341746447,0.9270623947028073
YC-18,YC,-1.048796015712482,1.2298628029208984
YC-25,YC,-0.7244652418901362,0.42005071790558296
YC-36,YC,-0.33304372414806344,0.5495699148320375
YC-41,YC,-0.3526800334105371,-0.27894970817694315
MA-7,MA,-0.16731228214507965,0.013869491616708592
MA-8,MA,-0.4567561170803986,0.5107330645887057
MA-9,MA,-0.7319750411407624,-0.17859629717946035
MA-10,MA,-0.33568826019085096,0.6023820107683862
MA-14,MA,-0.3890233321304229,0.001866445933385589
MA-15,MA,-0.7238321720589643,0.6076484768337551
MA-19,MA,-0.6673339615524749,0.8767194827508903
MA-20,MA,-0.5434689097532391,0.13955086654928328
MA-23,MA,-0.5076997098204178,0.4328644151685802
MA-24,MA,-0.5095485808932068,0.39842332256080215
MA-26,MA,-0.26470319219403066,0.2139731425324771
MA-27,MA,-0.4960714429389062,0.4001530958268799
MA-28,MA,-0.5493258356353307,0.213600429431521
MA-29,MA,-0.6880703857757201,0.2933489734165616
MA-31,MA,0.02662048069663413,-0.08862445819232308
MA-38,MA,-0.2493502807199252,0.27677924553228656
MA-39,MA,-0.6294535547585723,0.46487088464749876
MP-2,MP,0.970364385543918,-0.7046275959786954
MP-3,MP,0.7770050365789836,-1.0593645247106316
MP-12,MP,0.7474132329643756,-0.4840508417267896
MP-21,MP,0.046563944197123654,0.17430094832719004
MP-22,MP,0.2232175782583862,0.2598483940742474
MP-34,MP,1.3911161908094671,-0.6047368806968579
MP-35,MP,1.0960280090613612,-0.19825819980687473
MP-37,MP,0.9531496554203392,-0.9753856598429409
MP-40,MP,1.0504908332748946,-0.084762663583716
SP-1,SP,1.6131381049554367,-1.1600373862615843
SP-11,SP,1.1700250752146866,-1.5495545902209333
SP-13,SP,1.8377309632078278,-1.702891060484661
SP-30,SP,1.456358383768946,-1.0601686514022863
SP-32,SP,0.726382902773364,-0.6233048397737342
SP-33,SP,1.0071055474295123,-0.712307658524109
