"interaction","sig_3","sig_12","sig_24","pattern","n_ages"
"TGFB1_TGFBR1_TGFBR2",FALSE,TRUE,FALSE,"-12-",1
"TGFB2_TGFBR1_TGFBR2",TRUE,TRUE,TRUE,"31224",3
"TGFB3_TGFBR1_TGFBR2",FALSE,FALSE,FALSE,"---",0
"TGFB1_ACVR1B_TGFBR2",FALSE,FALSE,FALSE,"---",0
"TGFB1_ACVR1C_TGFBR2",FALSE,FALSE,FALSE,"---",0
"TGFB2_ACVR1B_TGFBR2",FALSE,FALSE,FALSE,"---",0
"TGFB2_ACVR1C_TGFBR2",FALSE,FALSE,FALSE,"---",0
"TGFB3_ACVR1B_TGFBR2",FALSE,FALSE,FALSE,"---",0
"TGFB3_ACVR1C_TGFBR2",FALSE,FALSE,FALSE,"---",0
"TGFB1_ACVR1_TGFBR1",FALSE,TRUE,FALSE,"-12-",1
"TGFB2_ACVR1_TGFBR1",TRUE,TRUE,TRUE,"31224",3
"TGFB3_ACVR1_TGFBR1",FALSE,FALSE,FALSE,"---",0
"BMP2_BMPR1A_ACVR2A",FALSE,FALSE,FALSE,"---",0
"BMP2_BMPR1A_ACVR2B",FALSE,FALSE,FALSE,"---",0
"BMP2_BMPR1A_BMPR2",FALSE,FALSE,FALSE,"---",0
"BMP2_BMPR1B_ACVR2A",FALSE,FALSE,FALSE,"---",0
"BMP2_BMPR1B_ACVR2B",FALSE,FALSE,FALSE,"---",0
"BMP2_BMPR1B_BMPR2",FALSE,FALSE,FALSE,"---",0
"BMP4_BMPR1A_ACVR2A",FALSE,FALSE,FALSE,"---",0
"BMP4_BMPR1A_ACVR2B",FALSE,FALSE,FALSE,"---",0
"BMP4_BMPR1A_BMPR2",FALSE,FALSE,FALSE,"---",0
"BMP4_BMPR1B_ACVR2A",FALSE,FALSE,FALSE,"---",0
"BMP4_BMPR1B_ACVR2B",FALSE,FALSE,FALSE,"---",0
"BMP4_BMPR1B_BMPR2",FALSE,FALSE,FALSE,"---",0
"GDF5_BMPR1A_ACVR2A",FALSE,FALSE,FALSE,"---",0
"GDF5_BMPR1A_ACVR2B",FALSE,FALSE,FALSE,"---",0
"GDF5_BMPR1A_BMPR2",FALSE,FALSE,FALSE,"---",0
"GDF5_BMPR1B_ACVR2A",FALSE,FALSE,FALSE,"---",0
"GDF5_BMPR1B_ACVR2B",FALSE,FALSE,FALSE,"---",0
"GDF5_BMPR1B_BMPR2",FALSE,FALSE,FALSE,"---",0
"GDF6_BMPR1A_ACVR2A",FALSE,FALSE,FALSE,"---",0
"GDF6_BMPR1A_ACVR2B",FALSE,FALSE,FALSE,"---",0
"GDF6_BMPR1A_BMPR2",FALSE,FALSE,FALSE,"---",0
"GDF6_BMPR1B_ACVR2A",FALSE,FALSE,FALSE,"---",0
"GDF6_BMPR1B_ACVR2B",FALSE,FALSE,FALSE,"---",0
"GDF6_BMPR1B_BMPR2",FALSE,FALSE,FALSE,"---",0
"GDF7_BMPR1A_ACVR2A",FALSE,FALSE,FALSE,"---",0
"GDF7_BMPR1A_ACVR2B",FALSE,FALSE,FALSE,"---",0
"GDF7_BMPR1A_BMPR2",FALSE,FALSE,FALSE,"---",0
"GDF7_BMPR1B_ACVR2A",FALSE,FALSE,FALSE,"---",0
"GDF7_BMPR1B_ACVR2B",FALSE,FALSE,FALSE,"---",0
"GDF7_BMPR1B_BMPR2",FALSE,FALSE,FALSE,"---",0
"BMP15_BMPR1B_BMPR2",FALSE,FALSE,FALSE,"---",0
"BMP5_ACVR1_ACVR2A",TRUE,TRUE,TRUE,"31224",3
"BMP5_ACVR1_ACVR2B",FALSE,FALSE,FALSE,"---",0
"BMP5_ACVR1_BMPR2",TRUE,TRUE,TRUE,"31224",3
"BMP5_BMPR1A_ACVR2A",TRUE,TRUE,TRUE,"31224",3
"BMP5_BMPR1A_ACVR2B",FALSE,FALSE,FALSE,"---",0
"BMP5_BMPR1A_BMPR2",TRUE,TRUE,TRUE,"31224",3
"BMP5_BMPR1B_ACVR2A",TRUE,TRUE,TRUE,"31224",3
"BMP5_BMPR1B_ACVR2B",FALSE,FALSE,FALSE,"---",0
"BMP5_BMPR1B_BMPR2",TRUE,TRUE,TRUE,"31224",3
"BMP6_ACVR1_ACVR2A",TRUE,TRUE,TRUE,"31224",3
"BMP6_ACVR1_ACVR2B",FALSE,FALSE,FALSE,"---",0
"BMP6_ACVR1_BMPR2",TRUE,TRUE,FALSE,"312-",2
"BMP6_BMPR1A_ACVR2A",TRUE,TRUE,TRUE,"31224",3
"BMP6_BMPR1A_ACVR2B",FALSE,FALSE,FALSE,"---",0
"BMP6_BMPR1A_BMPR2",TRUE,TRUE,FALSE,"312-",2
"BMP6_BMPR1B_ACVR2A",TRUE,TRUE,TRUE,"31224",3
"BMP6_BMPR1B_ACVR2B",FALSE,FALSE,FALSE,"---",0
"BMP6_BMPR1B_BMPR2",TRUE,TRUE,TRUE,"31224",3
"BMP7_ACVR1_ACVR2A",FALSE,FALSE,FALSE,"---",0
"BMP7_ACVR1_ACVR2B",FALSE,FALSE,FALSE,"---",0
"BMP7_ACVR1_BMPR2",FALSE,FALSE,FALSE,"---",0
"BMP7_BMPR1A_ACVR2A",FALSE,FALSE,FALSE,"---",0
"BMP7_BMPR1A_ACVR2B",FALSE,FALSE,FALSE,"---",0
"BMP7_BMPR1A_BMPR2",FALSE,FALSE,FALSE,"---",0
"BMP7_BMPR1B_ACVR2A",FALSE,FALSE,FALSE,"---",0
"BMP7_BMPR1B_ACVR2B",FALSE,FALSE,FALSE,"---",0
"BMP7_BMPR1B_BMPR2",FALSE,FALSE,FALSE,"---",0
"BMP8A_ACVR1_ACVR2A",FALSE,FALSE,FALSE,"---",0
"BMP8A_ACVR1_ACVR2B",FALSE,FALSE,FALSE,"---",0
"BMP8A_ACVR1_BMPR2",FALSE,FALSE,FALSE,"---",0
"BMP8A_BMPR1A_ACVR2A",FALSE,FALSE,FALSE,"---",0
"BMP8A_BMPR1A_ACVR2B",FALSE,FALSE,FALSE,"---",0
"BMP8A_BMPR1A_BMPR2",FALSE,FALSE,FALSE,"---",0
"BMP8A_BMPR1B_ACVR2A",FALSE,FALSE,FALSE,"---",0
"BMP8A_BMPR1B_ACVR2B",FALSE,FALSE,FALSE,"---",0
"BMP8A_BMPR1B_BMPR2",FALSE,FALSE,FALSE,"---",0
"BMP8B_ACVR1_ACVR2A",TRUE,FALSE,FALSE,"3--",1
"BMP8B_ACVR1_ACVR2B",FALSE,FALSE,FALSE,"---",0
"BMP8B_ACVR1_BMPR2",TRUE,FALSE,FALSE,"3--",1
"BMP8B_BMPR1A_ACVR2A",TRUE,FALSE,FALSE,"3--",1
"BMP8B_BMPR1A_ACVR2B",FALSE,FALSE,FALSE,"---",0
"BMP8B_BMPR1A_BMPR2",TRUE,FALSE,FALSE,"3--",1
"BMP8B_BMPR1B_ACVR2A",TRUE,FALSE,FALSE,"3--",1
"BMP8B_BMPR1B_ACVR2B",FALSE,FALSE,FALSE,"---",0
"BMP8B_BMPR1B_BMPR2",TRUE,FALSE,FALSE,"3--",1
"BMP10_ACVRL1_BMPR2",FALSE,FALSE,FALSE,"---",0
"BMP10_ACVRL1_ACVR2A",FALSE,FALSE,FALSE,"---",0
"GDF2_ACVRL1_BMPR2",FALSE,FALSE,FALSE,"---",0
"GDF2_ACVRL1_ACVR2A",FALSE,FALSE,FALSE,"---",0
"GDF9_ACVR1B_BMPR2",FALSE,FALSE,FALSE,"---",0
"GDF10_ACVR1B_ACVR2A",FALSE,FALSE,FALSE,"---",0
"GDF11_TGFBR1_ACVR2A",FALSE,FALSE,FALSE,"---",0
"GDF11_TGFBR1_ACVR2B",FALSE,FALSE,FALSE,"---",0
"GDF11_ACVR1B_ACVR2B",FALSE,FALSE,FALSE,"---",0
"GDF15_TGFBR2",FALSE,FALSE,FALSE,"---",0
"MSTN_TGFBR1_ACVR2B",FALSE,FALSE,FALSE,"---",0
"MSTN_ACVR1B_ACVR2B",FALSE,FALSE,FALSE,"---",0
"MSTN_ACVR1B_ACVR2A",FALSE,FALSE,FALSE,"---",0
"MSTN_TGFBR1_ACVR2A",FALSE,FALSE,FALSE,"---",0
"AMH_AMHR2_ACVR1",FALSE,FALSE,FALSE,"---",0
"AMH_AMHR2_BMPR1A",FALSE,FALSE,FALSE,"---",0
"GDNF_GFRA1",FALSE,FALSE,FALSE,"---",0
"NRTN_GFRA2",FALSE,FALSE,FALSE,"---",0
"ARTN_GFRA3",FALSE,FALSE,FALSE,"---",0
"PSPN_GFRA4",FALSE,FALSE,FALSE,"---",0
"ARTN_GFRA1",FALSE,FALSE,FALSE,"---",0
"NODAL_ACVR1B_ACVR2A",FALSE,FALSE,FALSE,"---",0
"NODAL_ACVR1C_ACVR2A",FALSE,FALSE,FALSE,"---",0
"NODAL_ACVR1B_ACVR2B",FALSE,FALSE,FALSE,"---",0
"NODAL_ACVR1C_ACVR2B",FALSE,FALSE,FALSE,"---",0
"GDF1_ACVR1B_ACVR2A",FALSE,FALSE,FALSE,"---",0
"GDF1_ACVR1B_ACVR2B",FALSE,FALSE,FALSE,"---",0
"GDF1_ACVR1C_ACVR2A",FALSE,FALSE,FALSE,"---",0
"GDF1_ACVR1C_ACVR2B",FALSE,FALSE,FALSE,"---",0
"GDF3_ACVR1B_ACVR2A",FALSE,FALSE,FALSE,"---",0
"GDF3_ACVR1B_ACVR2B",FALSE,FALSE,FALSE,"---",0
"GDF3_ACVR1C_ACVR2A",FALSE,FALSE,FALSE,"---",0
"GDF3_ACVR1C_ACVR2B",FALSE,FALSE,FALSE,"---",0
"INHBA_ACVR1B_ACVR2A",FALSE,FALSE,FALSE,"---",0
"INHBA_ACVR1B_ACVR2B",FALSE,FALSE,FALSE,"---",0
"INHBB_ACVR1B_ACVR2A",FALSE,FALSE,FALSE,"---",0
"INHBB_ACVR1B_ACVR2B",FALSE,FALSE,FALSE,"---",0
"INHBB_ACVR1C_ACVR2A",FALSE,FALSE,FALSE,"---",0
"INHBB_ACVR1C_ACVR2B",FALSE,FALSE,FALSE,"---",0
"INHBC_ACVR1B_ACVR2A",FALSE,FALSE,FALSE,"---",0
"INHBC_ACVR1B_ACVR2B",FALSE,FALSE,FALSE,"---",0
"INHBC_ACVR1C_ACVR2A",FALSE,FALSE,FALSE,"---",0
"INHBC_ACVR1C_ACVR2B",FALSE,FALSE,FALSE,"---",0
"INHBE_ACVR1B_ACVR2A",FALSE,FALSE,FALSE,"---",0
"INHBE_ACVR1B_ACVR2B",FALSE,FALSE,FALSE,"---",0
"INHBE_ACVR1C_ACVR2A",FALSE,FALSE,FALSE,"---",0
"INHBE_ACVR1C_ACVR2B",FALSE,FALSE,FALSE,"---",0
"INHBABB_ACVR1B_ACVR2A",FALSE,FALSE,FALSE,"---",0
"INHBABB_ACVR1B_ACVR2B",FALSE,FALSE,FALSE,"---",0
"INHBABB_ACVR1C_ACVR2A",FALSE,FALSE,FALSE,"---",0
"INHB_ACVR1C_ACVR2B",FALSE,FALSE,FALSE,"---",0
"INHABA_ACVR2A",FALSE,FALSE,FALSE,"---",0
"INHABB_ACVR2B",FALSE,FALSE,FALSE,"---",0
"WNT1_FZD1_LRP5",FALSE,FALSE,FALSE,"---",0
"WNT1_FZD10_LRP5",FALSE,FALSE,FALSE,"---",0
"WNT1_FZD2_LRP5",FALSE,FALSE,FALSE,"---",0
"WNT1_FZD3_LRP5",FALSE,FALSE,FALSE,"---",0
"WNT1_FZD4_LRP5",FALSE,FALSE,FALSE,"---",0
"WNT1_FZD5_LRP5",FALSE,FALSE,FALSE,"---",0
"WNT1_FZD6_LRP5",FALSE,FALSE,FALSE,"---",0
"WNT1_FZD7_LRP5",FALSE,FALSE,FALSE,"---",0
"WNT1_FZD8_LRP5",FALSE,FALSE,FALSE,"---",0
"WNT1_FZD9_LRP5",FALSE,FALSE,FALSE,"---",0
"WNT10A_FZD1_LRP5",FALSE,FALSE,FALSE,"---",0
"WNT10A_FZD10_LRP5",FALSE,FALSE,FALSE,"---",0
"WNT10A_FZD2_LRP5",FALSE,FALSE,FALSE,"---",0
"WNT10A_FZD3_LRP5",FALSE,FALSE,FALSE,"---",0
"WNT10A_FZD4_LRP5",FALSE,FALSE,FALSE,"---",0
"WNT10A_FZD5_LRP5",FALSE,FALSE,FALSE,"---",0
"WNT10A_FZD6_LRP5",FALSE,FALSE,FALSE,"---",0
"WNT10A_FZD7_LRP5",FALSE,FALSE,FALSE,"---",0
"WNT10A_FZD8_LRP5",FALSE,FALSE,FALSE,"---",0
"WNT10A_FZD9_LRP5",FALSE,FALSE,FALSE,"---",0
"WNT10B_FZD1_LRP5",FALSE,FALSE,FALSE,"---",0
"WNT10B_FZD10_LRP5",FALSE,FALSE,FALSE,"---",0
"WNT10B_FZD2_LRP5",FALSE,FALSE,FALSE,"---",0
"WNT10B_FZD3_LRP5",FALSE,FALSE,FALSE,"---",0
"WNT10B_FZD4_LRP5",FALSE,FALSE,FALSE,"---",0
"WNT10B_FZD5_LRP5",FALSE,FALSE,FALSE,"---",0
"WNT10B_FZD6_LRP5",FALSE,FALSE,FALSE,"---",0
"WNT10B_FZD7_LRP5",FALSE,FALSE,FALSE,"---",0
"WNT10B_FZD8_LRP5",FALSE,FALSE,FALSE,"---",0
"WNT10B_FZD9_LRP5",FALSE,FALSE,FALSE,"---",0
"WNT16_FZD1_LRP5",FALSE,FALSE,FALSE,"---",0
"WNT16_FZD10_LRP5",FALSE,FALSE,FALSE,"---",0
"WNT16_FZD2_LRP5",FALSE,FALSE,FALSE,"---",0
"WNT16_FZD3_LRP5",FALSE,FALSE,FALSE,"---",0
"WNT16_FZD4_LRP5",FALSE,FALSE,FALSE,"---",0
"WNT16_FZD5_LRP5",FALSE,FALSE,FALSE,"---",0
"WNT16_FZD6_LRP5",FALSE,FALSE,FALSE,"---",0
"WNT16_FZD7_LRP5",FALSE,FALSE,FALSE,"---",0
"WNT16_FZD8_LRP5",FALSE,FALSE,FALSE,"---",0
"WNT16_FZD9_LRP5",FALSE,FALSE,FALSE,"---",0
"WNT2_FZD1_LRP5",FALSE,FALSE,FALSE,"---",0
"WNT2_FZD10_LRP5",FALSE,FALSE,FALSE,"---",0
"WNT2_FZD2_LRP5",FALSE,FALSE,FALSE,"---",0
"WNT2_FZD3_LRP5",FALSE,FALSE,FALSE,"---",0
"WNT2_FZD4_LRP5",FALSE,FALSE,FALSE,"---",0
"WNT2_FZD5_LRP5",FALSE,FALSE,FALSE,"---",0
"WNT2_FZD6_LRP5",FALSE,FALSE,FALSE,"---",0
"WNT2_FZD7_LRP5",FALSE,FALSE,FALSE,"---",0
"WNT2_FZD8_LRP5",FALSE,FALSE,FALSE,"---",0
"WNT2_FZD9_LRP5",FALSE,FALSE,FALSE,"---",0
"WNT2B_FZD1_LRP5",FALSE,FALSE,FALSE,"---",0
"WNT2B_FZD10_LRP5",FALSE,FALSE,FALSE,"---",0
"WNT2B_FZD2_LRP5",FALSE,FALSE,FALSE,"---",0
"WNT2B_FZD3_LRP5",FALSE,FALSE,FALSE,"---",0
"WNT2B_FZD4_LRP5",FALSE,FALSE,FALSE,"---",0
"WNT2B_FZD5_LRP5",FALSE,FALSE,FALSE,"---",0
"WNT2B_FZD6_LRP5",FALSE,FALSE,FALSE,"---",0
"WNT2B_FZD7_LRP5",FALSE,FALSE,FALSE,"---",0
"WNT2B_FZD8_LRP5",FALSE,FALSE,FALSE,"---",0
"WNT2B_FZD9_LRP5",FALSE,FALSE,FALSE,"---",0
"WNT3_FZD1_LRP5",FALSE,FALSE,FALSE,"---",0
"WNT3_FZD10_LRP5",FALSE,FALSE,FALSE,"---",0
"WNT3_FZD2_LRP5",FALSE,FALSE,FALSE,"---",0
"WNT3_FZD3_LRP5",FALSE,FALSE,FALSE,"---",0
"WNT3_FZD4_LRP5",FALSE,FALSE,FALSE,"---",0
"WNT3_FZD5_LRP5",FALSE,FALSE,FALSE,"---",0
"WNT3_FZD6_LRP5",FALSE,FALSE,FALSE,"---",0
"WNT3_FZD7_LRP5",FALSE,FALSE,FALSE,"---",0
"WNT3_FZD8_LRP5",FALSE,FALSE,FALSE,"---",0
"WNT3_FZD9_LRP5",FALSE,FALSE,FALSE,"---",0
"WNT3A_FZD1_LRP5",FALSE,FALSE,FALSE,"---",0
"WNT3A_FZD10_LRP5",FALSE,FALSE,FALSE,"---",0
"WNT3A_FZD2_LRP5",FALSE,FALSE,FALSE,"---",0
"WNT3A_FZD3_LRP5",FALSE,FALSE,FALSE,"---",0
"WNT3A_FZD4_LRP5",FALSE,FALSE,FALSE,"---",0
"WNT3A_FZD5_LRP5",FALSE,FALSE,FALSE,"---",0
"WNT3A_FZD6_LRP5",FALSE,FALSE,FALSE,"---",0
"WNT3A_FZD7_LRP5",FALSE,FALSE,FALSE,"---",0
"WNT3A_FZD8_LRP5",FALSE,FALSE,FALSE,"---",0
"WNT3A_FZD9_LRP5",FALSE,FALSE,FALSE,"---",0
"WNT4_FZD1_LRP5",FALSE,FALSE,FALSE,"---",0
"WNT4_FZD10_LRP5",FALSE,FALSE,FALSE,"---",0
"WNT4_FZD2_LRP5",FALSE,FALSE,FALSE,"---",0
"WNT4_FZD3_LRP5",FALSE,FALSE,FALSE,"---",0
"WNT4_FZD4_LRP5",FALSE,FALSE,FALSE,"---",0
"WNT4_FZD5_LRP5",FALSE,FALSE,FALSE,"---",0
"WNT4_FZD6_LRP5",FALSE,FALSE,FALSE,"---",0
"WNT4_FZD7_LRP5",FALSE,FALSE,FALSE,"---",0
"WNT4_FZD8_LRP5",FALSE,FALSE,FALSE,"---",0
"WNT4_FZD9_LRP5",FALSE,FALSE,FALSE,"---",0
"WNT6_FZD1_LRP5",FALSE,FALSE,FALSE,"---",0
"WNT6_FZD10_LRP5",FALSE,FALSE,FALSE,"---",0
"WNT6_FZD2_LRP5",FALSE,FALSE,FALSE,"---",0
"WNT6_FZD3_LRP5",FALSE,FALSE,FALSE,"---",0
"WNT6_FZD4_LRP5",FALSE,FALSE,FALSE,"---",0
"WNT6_FZD5_LRP5",FALSE,FALSE,FALSE,"---",0
"WNT6_FZD6_LRP5",FALSE,FALSE,FALSE,"---",0
"WNT6_FZD7_LRP5",FALSE,FALSE,FALSE,"---",0
"WNT6_FZD8_LRP5",FALSE,FALSE,FALSE,"---",0
"WNT6_FZD9_LRP5",FALSE,FALSE,FALSE,"---",0
"WNT7A_FZD1_LRP5",FALSE,FALSE,FALSE,"---",0
"WNT7A_FZD10_LRP5",FALSE,FALSE,FALSE,"---",0
"WNT7A_FZD2_LRP5",FALSE,FALSE,FALSE,"---",0
"WNT7A_FZD3_LRP5",FALSE,FALSE,FALSE,"---",0
"WNT7A_FZD4_LRP5",FALSE,FALSE,FALSE,"---",0
"WNT7A_FZD5_LRP5",FALSE,FALSE,FALSE,"---",0
"WNT7A_FZD6_LRP5",FALSE,FALSE,FALSE,"---",0
"WNT7A_FZD7_LRP5",FALSE,FALSE,FALSE,"---",0
"WNT7A_FZD8_LRP5",FALSE,FALSE,FALSE,"---",0
"WNT7A_FZD9_LRP5",FALSE,FALSE,FALSE,"---",0
"WNT7B_FZD1_LRP5",FALSE,FALSE,FALSE,"---",0
"WNT7B_FZD10_LRP5",FALSE,FALSE,FALSE,"---",0
"WNT7B_FZD2_LRP5",FALSE,FALSE,FALSE,"---",0
"WNT7B_FZD3_LRP5",FALSE,FALSE,FALSE,"---",0
"WNT7B_FZD4_LRP5",FALSE,FALSE,FALSE,"---",0
"WNT7B_FZD5_LRP5",FALSE,FALSE,FALSE,"---",0
"WNT7B_FZD6_LRP5",FALSE,FALSE,FALSE,"---",0
"WNT7B_FZD7_LRP5",FALSE,FALSE,FALSE,"---",0
"WNT7B_FZD8_LRP5",FALSE,FALSE,FALSE,"---",0
"WNT7B_FZD9_LRP5",FALSE,FALSE,FALSE,"---",0
"WNT8A_FZD1_LRP5",FALSE,FALSE,FALSE,"---",0
"WNT8A_FZD10_LRP5",FALSE,FALSE,FALSE,"---",0
"WNT8A_FZD2_LRP5",FALSE,FALSE,FALSE,"---",0
"WNT8A_FZD3_LRP5",FALSE,FALSE,FALSE,"---",0
"WNT8A_FZD4_LRP5",FALSE,FALSE,FALSE,"---",0
"WNT8A_FZD5_LRP5",FALSE,FALSE,FALSE,"---",0
"WNT8A_FZD6_LRP5",FALSE,FALSE,FALSE,"---",0
"WNT8A_FZD7_LRP5",FALSE,FALSE,FALSE,"---",0
"WNT8A_FZD8_LRP5",FALSE,FALSE,FALSE,"---",0
"WNT8A_FZD9_LRP5",FALSE,FALSE,FALSE,"---",0
"WNT8B_FZD1_LRP5",FALSE,FALSE,FALSE,"---",0
"WNT8B_FZD10_LRP5",FALSE,FALSE,FALSE,"---",0
"WNT8B_FZD2_LRP5",FALSE,FALSE,FALSE,"---",0
"WNT8B_FZD3_LRP5",FALSE,FALSE,FALSE,"---",0
"WNT8B_FZD4_LRP5",FALSE,FALSE,FALSE,"---",0
"WNT8B_FZD5_LRP5",FALSE,FALSE,FALSE,"---",0
"WNT8B_FZD6_LRP5",FALSE,FALSE,FALSE,"---",0
"WNT8B_FZD7_LRP5",FALSE,FALSE,FALSE,"---",0
"WNT8B_FZD8_LRP5",FALSE,FALSE,FALSE,"---",0
"WNT8B_FZD9_LRP5",FALSE,FALSE,FALSE,"---",0
"WNT9A_FZD1_LRP5",FALSE,FALSE,FALSE,"---",0
"WNT9A_FZD10_LRP5",FALSE,FALSE,FALSE,"---",0
"WNT9A_FZD2_LRP5",FALSE,FALSE,FALSE,"---",0
"WNT9A_FZD3_LRP5",FALSE,FALSE,FALSE,"---",0
"WNT9A_FZD4_LRP5",FALSE,FALSE,FALSE,"---",0
"WNT9A_FZD5_LRP5",FALSE,FALSE,FALSE,"---",0
"WNT9A_FZD6_LRP5",FALSE,FALSE,FALSE,"---",0
"WNT9A_FZD7_LRP5",FALSE,FALSE,FALSE,"---",0
"WNT9A_FZD8_LRP5",FALSE,FALSE,FALSE,"---",0
"WNT9A_FZD9_LRP5",FALSE,FALSE,FALSE,"---",0
"WNT9B_FZD1_LRP5",FALSE,FALSE,FALSE,"---",0
"WNT9B_FZD10_LRP5",FALSE,FALSE,FALSE,"---",0
"WNT9B_FZD2_LRP5",FALSE,FALSE,FALSE,"---",0
"WNT9B_FZD3_LRP5",FALSE,FALSE,FALSE,"---",0
"WNT9B_FZD4_LRP5",FALSE,FALSE,FALSE,"---",0
"WNT9B_FZD5_LRP5",FALSE,FALSE,FALSE,"---",0
"WNT9B_FZD6_LRP5",FALSE,FALSE,FALSE,"---",0
"WNT9B_FZD7_LRP5",FALSE,FALSE,FALSE,"---",0
"WNT9B_FZD8_LRP5",FALSE,FALSE,FALSE,"---",0
"WNT9B_FZD9_LRP5",FALSE,FALSE,FALSE,"---",0
"WNT1_FZD1_LRP6",FALSE,FALSE,FALSE,"---",0
"WNT1_FZD10_LRP6",FALSE,FALSE,FALSE,"---",0
"WNT1_FZD2_LRP6",FALSE,FALSE,FALSE,"---",0
"WNT1_FZD3_LRP6",FALSE,FALSE,FALSE,"---",0
"WNT1_FZD4_LRP6",FALSE,FALSE,FALSE,"---",0
"WNT1_FZD5_LRP6",FALSE,FALSE,FALSE,"---",0
"WNT1_FZD6_LRP6",FALSE,FALSE,FALSE,"---",0
"WNT1_FZD7_LRP6",FALSE,FALSE,FALSE,"---",0
"WNT1_FZD8_LRP6",FALSE,FALSE,FALSE,"---",0
"WNT1_FZD9_LRP6",FALSE,FALSE,FALSE,"---",0
"WNT10A_FZD1_LRP6",FALSE,FALSE,FALSE,"---",0
"WNT10A_FZD10_LRP6",FALSE,FALSE,FALSE,"---",0
"WNT10A_FZD2_LRP6",FALSE,FALSE,FALSE,"---",0
"WNT10A_FZD3_LRP6",FALSE,FALSE,FALSE,"---",0
"WNT10A_FZD4_LRP6",FALSE,FALSE,FALSE,"---",0
"WNT10A_FZD5_LRP6",FALSE,FALSE,FALSE,"---",0
"WNT10A_FZD6_LRP6",FALSE,FALSE,FALSE,"---",0
"WNT10A_FZD7_LRP6",FALSE,FALSE,FALSE,"---",0
"WNT10A_FZD8_LRP6",FALSE,FALSE,FALSE,"---",0
"WNT10A_FZD9_LRP6",FALSE,FALSE,FALSE,"---",0
"WNT10B_FZD1_LRP6",FALSE,FALSE,FALSE,"---",0
"WNT10B_FZD10_LRP6",FALSE,FALSE,FALSE,"---",0
"WNT10B_FZD2_LRP6",FALSE,FALSE,FALSE,"---",0
"WNT10B_FZD3_LRP6",FALSE,FALSE,FALSE,"---",0
"WNT10B_FZD4_LRP6",FALSE,FALSE,FALSE,"---",0
"WNT10B_FZD5_LRP6",FALSE,FALSE,FALSE,"---",0
"WNT10B_FZD6_LRP6",FALSE,FALSE,FALSE,"---",0
"WNT10B_FZD7_LRP6",FALSE,FALSE,FALSE,"---",0
"WNT10B_FZD8_LRP6",FALSE,FALSE,FALSE,"---",0
"WNT10B_FZD9_LRP6",FALSE,FALSE,FALSE,"---",0
"WNT16_FZD1_LRP6",FALSE,FALSE,FALSE,"---",0
"WNT16_FZD10_LRP6",FALSE,FALSE,FALSE,"---",0
"WNT16_FZD2_LRP6",FALSE,FALSE,FALSE,"---",0
"WNT16_FZD3_LRP6",FALSE,FALSE,FALSE,"---",0
"WNT16_FZD4_LRP6",FALSE,FALSE,FALSE,"---",0
"WNT16_FZD5_LRP6",FALSE,FALSE,FALSE,"---",0
"WNT16_FZD6_LRP6",FALSE,FALSE,FALSE,"---",0
"WNT16_FZD7_LRP6",FALSE,FALSE,FALSE,"---",0
"WNT16_FZD8_LRP6",FALSE,FALSE,FALSE,"---",0
"WNT16_FZD9_LRP6",FALSE,FALSE,FALSE,"---",0
"WNT2_FZD1_LRP6",FALSE,FALSE,FALSE,"---",0
"WNT2_FZD10_LRP6",FALSE,FALSE,FALSE,"---",0
"WNT2_FZD2_LRP6",FALSE,FALSE,FALSE,"---",0
"WNT2_FZD3_LRP6",FALSE,FALSE,FALSE,"---",0
"WNT2_FZD4_LRP6",FALSE,FALSE,FALSE,"---",0
"WNT2_FZD5_LRP6",FALSE,FALSE,FALSE,"---",0
"WNT2_FZD6_LRP6",FALSE,FALSE,FALSE,"---",0
"WNT2_FZD7_LRP6",FALSE,FALSE,FALSE,"---",0
"WNT2_FZD8_LRP6",FALSE,FALSE,FALSE,"---",0
"WNT2_FZD9_LRP6",FALSE,FALSE,FALSE,"---",0
"WNT2B_FZD1_LRP6",FALSE,FALSE,FALSE,"---",0
"WNT2B_FZD10_LRP6",FALSE,FALSE,FALSE,"---",0
"WNT2B_FZD2_LRP6",FALSE,FALSE,FALSE,"---",0
"WNT2B_FZD3_LRP6",FALSE,FALSE,FALSE,"---",0
"WNT2B_FZD4_LRP6",FALSE,FALSE,FALSE,"---",0
"WNT2B_FZD5_LRP6",FALSE,FALSE,FALSE,"---",0
"WNT2B_FZD6_LRP6",FALSE,FALSE,FALSE,"---",0
"WNT2B_FZD7_LRP6",FALSE,FALSE,FALSE,"---",0
"WNT2B_FZD8_LRP6",FALSE,FALSE,FALSE,"---",0
"WNT2B_FZD9_LRP6",FALSE,FALSE,FALSE,"---",0
"WNT3_FZD1_LRP6",FALSE,FALSE,FALSE,"---",0
"WNT3_FZD10_LRP6",FALSE,FALSE,FALSE,"---",0
"WNT3_FZD2_LRP6",FALSE,FALSE,FALSE,"---",0
"WNT3_FZD3_LRP6",FALSE,FALSE,FALSE,"---",0
"WNT3_FZD4_LRP6",FALSE,FALSE,FALSE,"---",0
"WNT3_FZD5_LRP6",FALSE,FALSE,FALSE,"---",0
"WNT3_FZD6_LRP6",FALSE,FALSE,FALSE,"---",0
"WNT3_FZD7_LRP6",FALSE,FALSE,FALSE,"---",0
"WNT3_FZD8_LRP6",FALSE,FALSE,FALSE,"---",0
"WNT3_FZD9_LRP6",FALSE,FALSE,FALSE,"---",0
"WNT3A_FZD1_LRP6",FALSE,FALSE,FALSE,"---",0
"WNT3A_FZD10_LRP6",FALSE,FALSE,FALSE,"---",0
"WNT3A_FZD2_LRP6",FALSE,FALSE,FALSE,"---",0
"WNT3A_FZD3_LRP6",FALSE,FALSE,FALSE,"---",0
"WNT3A_FZD4_LRP6",FALSE,FALSE,FALSE,"---",0
"WNT3A_FZD5_LRP6",FALSE,FALSE,FALSE,"---",0
"WNT3A_FZD6_LRP6",FALSE,FALSE,FALSE,"---",0
"WNT3A_FZD7_LRP6",FALSE,FALSE,FALSE,"---",0
"WNT3A_FZD8_LRP6",FALSE,FALSE,FALSE,"---",0
"WNT3A_FZD9_LRP6",FALSE,FALSE,FALSE,"---",0
"WNT4_FZD1_LRP6",FALSE,FALSE,FALSE,"---",0
"WNT4_FZD10_LRP6",FALSE,FALSE,FALSE,"---",0
"WNT4_FZD2_LRP6",FALSE,FALSE,FALSE,"---",0
"WNT4_FZD3_LRP6",FALSE,FALSE,FALSE,"---",0
"WNT4_FZD4_LRP6",FALSE,FALSE,FALSE,"---",0
"WNT4_FZD5_LRP6",FALSE,FALSE,FALSE,"---",0
"WNT4_FZD6_LRP6",FALSE,FALSE,FALSE,"---",0
"WNT4_FZD7_LRP6",FALSE,FALSE,FALSE,"---",0
"WNT4_FZD8_LRP6",FALSE,FALSE,FALSE,"---",0
"WNT4_FZD9_LRP6",FALSE,FALSE,FALSE,"---",0
"WNT6_FZD1_LRP6",FALSE,FALSE,FALSE,"---",0
"WNT6_FZD10_LRP6",FALSE,FALSE,FALSE,"---",0
"WNT6_FZD2_LRP6",FALSE,FALSE,FALSE,"---",0
"WNT6_FZD3_LRP6",FALSE,FALSE,FALSE,"---",0
"WNT6_FZD4_LRP6",FALSE,FALSE,FALSE,"---",0
"WNT6_FZD5_LRP6",FALSE,FALSE,FALSE,"---",0
"WNT6_FZD6_LRP6",FALSE,FALSE,FALSE,"---",0
"WNT6_FZD7_LRP6",FALSE,FALSE,FALSE,"---",0
"WNT6_FZD8_LRP6",FALSE,FALSE,FALSE,"---",0
"WNT6_FZD9_LRP6",FALSE,FALSE,FALSE,"---",0
"WNT7A_FZD1_LRP6",FALSE,FALSE,FALSE,"---",0
"WNT7A_FZD10_LRP6",FALSE,FALSE,FALSE,"---",0
"WNT7A_FZD2_LRP6",FALSE,FALSE,FALSE,"---",0
"WNT7A_FZD3_LRP6",FALSE,FALSE,FALSE,"---",0
"WNT7A_FZD4_LRP6",FALSE,FALSE,FALSE,"---",0
"WNT7A_FZD5_LRP6",FALSE,FALSE,FALSE,"---",0
"WNT7A_FZD6_LRP6",FALSE,FALSE,FALSE,"---",0
"WNT7A_FZD7_LRP6",FALSE,FALSE,FALSE,"---",0
"WNT7A_FZD8_LRP6",FALSE,FALSE,FALSE,"---",0
"WNT7A_FZD9_LRP6",FALSE,FALSE,FALSE,"---",0
"WNT7B_FZD1_LRP6",FALSE,FALSE,FALSE,"---",0
"WNT7B_FZD10_LRP6",FALSE,FALSE,FALSE,"---",0
"WNT7B_FZD2_LRP6",FALSE,FALSE,FALSE,"---",0
"WNT7B_FZD3_LRP6",FALSE,FALSE,FALSE,"---",0
"WNT7B_FZD4_LRP6",FALSE,FALSE,FALSE,"---",0
"WNT7B_FZD5_LRP6",FALSE,FALSE,FALSE,"---",0
"WNT7B_FZD6_LRP6",FALSE,FALSE,FALSE,"---",0
"WNT7B_FZD7_LRP6",FALSE,FALSE,FALSE,"---",0
"WNT7B_FZD8_LRP6",FALSE,FALSE,FALSE,"---",0
"WNT7B_FZD9_LRP6",FALSE,FALSE,FALSE,"---",0
"WNT8A_FZD1_LRP6",FALSE,FALSE,FALSE,"---",0
"WNT8A_FZD10_LRP6",FALSE,FALSE,FALSE,"---",0
"WNT8A_FZD2_LRP6",FALSE,FALSE,FALSE,"---",0
"WNT8A_FZD3_LRP6",FALSE,FALSE,FALSE,"---",0
"WNT8A_FZD4_LRP6",FALSE,FALSE,FALSE,"---",0
"WNT8A_FZD5_LRP6",FALSE,FALSE,FALSE,"---",0
"WNT8A_FZD6_LRP6",FALSE,FALSE,FALSE,"---",0
"WNT8A_FZD7_LRP6",FALSE,FALSE,FALSE,"---",0
"WNT8A_FZD8_LRP6",FALSE,FALSE,FALSE,"---",0
"WNT8A_FZD9_LRP6",FALSE,FALSE,FALSE,"---",0
"WNT8B_FZD1_LRP6",FALSE,FALSE,FALSE,"---",0
"WNT8B_FZD10_LRP6",FALSE,FALSE,FALSE,"---",0
"WNT8B_FZD2_LRP6",FALSE,FALSE,FALSE,"---",0
"WNT8B_FZD3_LRP6",FALSE,FALSE,FALSE,"---",0
"WNT8B_FZD4_LRP6",FALSE,FALSE,FALSE,"---",0
"WNT8B_FZD5_LRP6",FALSE,FALSE,FALSE,"---",0
"WNT8B_FZD6_LRP6",FALSE,FALSE,FALSE,"---",0
"WNT8B_FZD7_LRP6",FALSE,FALSE,FALSE,"---",0
"WNT8B_FZD8_LRP6",FALSE,FALSE,FALSE,"---",0
"WNT8B_FZD9_LRP6",FALSE,FALSE,FALSE,"---",0
"WNT9A_FZD1_LRP6",FALSE,FALSE,FALSE,"---",0
"WNT9A_FZD10_LRP6",FALSE,FALSE,FALSE,"---",0
"WNT9A_FZD2_LRP6",FALSE,FALSE,FALSE,"---",0
"WNT9A_FZD3_LRP6",FALSE,FALSE,FALSE,"---",0
"WNT9A_FZD4_LRP6",FALSE,FALSE,FALSE,"---",0
"WNT9A_FZD5_LRP6",FALSE,FALSE,FALSE,"---",0
"WNT9A_FZD6_LRP6",FALSE,FALSE,FALSE,"---",0
"WNT9A_FZD7_LRP6",FALSE,FALSE,FALSE,"---",0
"WNT9A_FZD8_LRP6",FALSE,FALSE,FALSE,"---",0
"WNT9A_FZD9_LRP6",FALSE,FALSE,FALSE,"---",0
"WNT9B_FZD1_LRP6",FALSE,FALSE,FALSE,"---",0
"WNT9B_FZD10_LRP6",FALSE,FALSE,FALSE,"---",0
"WNT9B_FZD2_LRP6",FALSE,FALSE,FALSE,"---",0
"WNT9B_FZD3_LRP6",FALSE,FALSE,FALSE,"---",0
"WNT9B_FZD4_LRP6",FALSE,FALSE,FALSE,"---",0
"WNT9B_FZD5_LRP6",FALSE,FALSE,FALSE,"---",0
"WNT9B_FZD6_LRP6",FALSE,FALSE,FALSE,"---",0
"WNT9B_FZD7_LRP6",FALSE,FALSE,FALSE,"---",0
"WNT9B_FZD8_LRP6",FALSE,FALSE,FALSE,"---",0
"WNT9B_FZD9_LRP6",FALSE,FALSE,FALSE,"---",0
"WNT5A_FZD1",FALSE,FALSE,FALSE,"---",0
"WNT5A_FZD10",FALSE,FALSE,FALSE,"---",0
"WNT5A_FZD2",FALSE,FALSE,FALSE,"---",0
"WNT5A_FZD3",FALSE,TRUE,FALSE,"-12-",1
"WNT5A_FZD4",FALSE,FALSE,FALSE,"---",0
"WNT5A_FZD5",FALSE,FALSE,FALSE,"---",0
"WNT5A_FZD6",FALSE,TRUE,FALSE,"-12-",1
"WNT5A_FZD7",FALSE,FALSE,FALSE,"---",0
"WNT5A_FZD8",FALSE,FALSE,FALSE,"---",0
"WNT5A_FZD9",FALSE,FALSE,FALSE,"---",0
"WNT5A_MCAM",FALSE,FALSE,FALSE,"---",0
"WNT5B_FZD1",FALSE,FALSE,FALSE,"---",0
"WNT5B_FZD10",FALSE,FALSE,FALSE,"---",0
"WNT5B_FZD2",FALSE,FALSE,FALSE,"---",0
"WNT5B_FZD3",FALSE,FALSE,FALSE,"---",0
"WNT5B_FZD4",FALSE,FALSE,FALSE,"---",0
"WNT5B_FZD5",FALSE,FALSE,FALSE,"---",0
"WNT5B_FZD6",FALSE,FALSE,FALSE,"---",0
"WNT5B_FZD7",FALSE,FALSE,FALSE,"---",0
"WNT5B_FZD8",FALSE,FALSE,FALSE,"---",0
"WNT5B_FZD9",FALSE,FALSE,FALSE,"---",0
"WNT11_FZD1",FALSE,FALSE,FALSE,"---",0
"WNT11_FZD10",FALSE,FALSE,FALSE,"---",0
"WNT11_FZD2",FALSE,FALSE,FALSE,"---",0
"WNT11_FZD3",FALSE,FALSE,FALSE,"---",0
"WNT11_FZD4",FALSE,FALSE,FALSE,"---",0
"WNT11_FZD5",FALSE,FALSE,FALSE,"---",0
"WNT11_FZD6",FALSE,FALSE,FALSE,"---",0
"WNT11_FZD7",FALSE,FALSE,FALSE,"---",0
"WNT11_FZD8",FALSE,FALSE,FALSE,"---",0
"WNT11_FZD9",FALSE,FALSE,FALSE,"---",0
"EGF_EGFR",FALSE,FALSE,FALSE,"---",0
"EGF_EGFR_ERBB2",FALSE,FALSE,FALSE,"---",0
"TGFA_EGFR",FALSE,FALSE,FALSE,"---",0
"TGFA_EGFR_ERBB2",FALSE,FALSE,FALSE,"---",0
"AREG_EGFR",FALSE,FALSE,FALSE,"---",0
"AREG_EGFR_ERBB2",FALSE,FALSE,FALSE,"---",0
"BTC_EGFR",FALSE,FALSE,FALSE,"---",0
"BTC_EGFR_ERBB2",FALSE,FALSE,FALSE,"---",0
"BTC_ERBB4",FALSE,FALSE,FALSE,"---",0
"BTC_ERBB2_ERBB4",FALSE,FALSE,FALSE,"---",0
"HBEGF_EGFR",FALSE,FALSE,FALSE,"---",0
"HBEGF_EGFR_ERBB2",FALSE,FALSE,FALSE,"---",0
"HBEGF_ERBB4",FALSE,FALSE,FALSE,"---",0
"HBEGF_ERBB2_ERBB4",FALSE,FALSE,FALSE,"---",0
"EREG_EGFR",FALSE,FALSE,FALSE,"---",0
"EREG_EGFR_ERBB2",FALSE,FALSE,FALSE,"---",0
"EREG_ERBB4",FALSE,FALSE,FALSE,"---",0
"EREG_ERBB2_ERBB4",FALSE,FALSE,FALSE,"---",0
"NRG1_ERBB3",FALSE,FALSE,FALSE,"---",0
"NRG1_ERBB2_ERBB3",FALSE,FALSE,FALSE,"---",0
"NRG1_ERBB4",TRUE,FALSE,TRUE,"3-24",2
"NRG1_ERBB2_ERBB4",FALSE,FALSE,FALSE,"---",0
"NRG2_ERBB3",FALSE,FALSE,FALSE,"---",0
"NRG2_ERBB2_ERBB3",FALSE,FALSE,FALSE,"---",0
"NRG2_ERBB4",TRUE,FALSE,TRUE,"3-24",2
"NRG2_ERBB2_ERBB4",FALSE,FALSE,FALSE,"---",0
"NRG3_ERBB4",TRUE,TRUE,TRUE,"31224",3
"NRG3_ERBB2_ERBB4",FALSE,FALSE,FALSE,"---",0
"NRG4_ERBB4",FALSE,FALSE,FALSE,"---",0
"NRG4_ERBB2_ERBB4",FALSE,FALSE,FALSE,"---",0
"NRG1_ITGAV_ITGB3",FALSE,FALSE,FALSE,"---",0
"FGF1_FGFR1",TRUE,FALSE,FALSE,"3--",1
"FGF1_FGFR2",TRUE,FALSE,FALSE,"3--",1
"FGF1_FGFR3",FALSE,FALSE,FALSE,"---",0
"FGF1_FGFR4",TRUE,FALSE,FALSE,"3--",1
"FGF2_FGFR1",FALSE,FALSE,FALSE,"---",0
"FGF2_FGFR2",FALSE,FALSE,FALSE,"---",0
"FGF2_FGFR3",FALSE,FALSE,FALSE,"---",0
"FGF2_FGFR4",FALSE,FALSE,FALSE,"---",0
"FGF4_FGFR1",FALSE,FALSE,FALSE,"---",0
"FGF4_FGFR2",FALSE,FALSE,FALSE,"---",0
"FGF4_FGFR3",FALSE,FALSE,FALSE,"---",0
"FGF4_FGFR4",FALSE,FALSE,FALSE,"---",0
"FGF5_FGFR1",FALSE,FALSE,FALSE,"---",0
"FGF5_FGFR2",FALSE,FALSE,FALSE,"---",0
"FGF5_FGFR3",FALSE,FALSE,FALSE,"---",0
"FGF5_FGFR4",FALSE,FALSE,FALSE,"---",0
"FGF6_FGFR1",FALSE,FALSE,FALSE,"---",0
"FGF6_FGFR2",FALSE,FALSE,FALSE,"---",0
"FGF6_FGFR3",FALSE,FALSE,FALSE,"---",0
"FGF6_FGFR4",FALSE,FALSE,FALSE,"---",0
"FGF7_FGFR1",FALSE,FALSE,FALSE,"---",0
"FGF7_FGFR2",FALSE,FALSE,FALSE,"---",0
"FGF3_FGFR1",FALSE,FALSE,FALSE,"---",0
"FGF3_FGFR2",FALSE,FALSE,FALSE,"---",0
"FGF10_FGFR1",TRUE,FALSE,TRUE,"3-24",2
"FGF10_FGFR2",TRUE,FALSE,TRUE,"3-24",2
"FGF22_FGFR2",FALSE,FALSE,FALSE,"---",0
"FGF8_FGFR1",FALSE,FALSE,FALSE,"---",0
"FGF8_FGFR2",FALSE,FALSE,FALSE,"---",0
"FGF8_FGFR3",FALSE,FALSE,FALSE,"---",0
"FGF8_FGFR4",FALSE,FALSE,FALSE,"---",0
"FGF17_FGFR1",FALSE,FALSE,FALSE,"---",0
"FGF17_FGFR2",FALSE,FALSE,FALSE,"---",0
"FGF17_FGFR3",FALSE,FALSE,FALSE,"---",0
"FGF17_FGFR4",FALSE,FALSE,FALSE,"---",0
"FGF18_FGFR1",FALSE,FALSE,FALSE,"---",0
"FGF18_FGFR2",FALSE,FALSE,FALSE,"---",0
"FGF18_FGFR3",FALSE,FALSE,FALSE,"---",0
"FGF18_FGFR4",FALSE,FALSE,FALSE,"---",0
"FGF9_FGFR1",FALSE,FALSE,FALSE,"---",0
"FGF9_FGFR2",FALSE,FALSE,FALSE,"---",0
"FGF9_FGFR3",FALSE,FALSE,FALSE,"---",0
"FGF9_FGFR4",FALSE,FALSE,FALSE,"---",0
"FGF20_FGFR1",FALSE,FALSE,FALSE,"---",0
"FGF20_FGFR2",FALSE,FALSE,FALSE,"---",0
"FGF20_FGFR3",FALSE,FALSE,FALSE,"---",0
"FGF20_FGFR4",FALSE,FALSE,FALSE,"---",0
"FGF16_FGFR1",FALSE,FALSE,FALSE,"---",0
"FGF16_FGFR2",FALSE,FALSE,FALSE,"---",0
"FGF16_FGFR3",FALSE,FALSE,FALSE,"---",0
"FGF16_FGFR4",FALSE,FALSE,FALSE,"---",0
"FGF15_FGFR1",FALSE,FALSE,FALSE,"---",0
"FGF15_FGFR2",FALSE,FALSE,FALSE,"---",0
"FGF15_FGFR3",FALSE,FALSE,FALSE,"---",0
"FGF15_FGFR4",FALSE,FALSE,FALSE,"---",0
"FGF21_FGFR1",FALSE,FALSE,FALSE,"---",0
"FGF21_FGFR3",FALSE,FALSE,FALSE,"---",0
"FGF23_FGFR1",FALSE,FALSE,FALSE,"---",0
"FGF23_FGFR3",FALSE,FALSE,FALSE,"---",0
"FGF23_FGFR4",FALSE,FALSE,FALSE,"---",0
"PDGFA_PDGFRA",TRUE,FALSE,FALSE,"3--",1
"PDGFA_PDGFRB",FALSE,FALSE,FALSE,"---",0
"PDGFB_PDGFRA",FALSE,FALSE,FALSE,"---",0
"PDGFB_PDGFRB",FALSE,FALSE,FALSE,"---",0
"PDGFC_PDGFRA",FALSE,TRUE,FALSE,"-12-",1
"PDGFD_PDGFRB",FALSE,FALSE,TRUE,"--24",1
"VEGFA_VEGFR1",TRUE,FALSE,FALSE,"3--",1
"VEGFA_VEGFR2",FALSE,FALSE,FALSE,"---",0
"VEGFB_VEGFR1",FALSE,FALSE,FALSE,"---",0
"VEGFC_VEGFR3",FALSE,FALSE,FALSE,"---",0
"VEGFC_VEGFR2",FALSE,FALSE,FALSE,"---",0
"VEGFD_VEGFR3",FALSE,FALSE,FALSE,"---",0
"VEGFD_VEGFR2",FALSE,FALSE,FALSE,"---",0
"PGF_VEGFR1",FALSE,FALSE,FALSE,"---",0
"VEGFA_VEGFR1R2",FALSE,FALSE,FALSE,"---",0
"VEGFC_VEGFR2R3",FALSE,FALSE,FALSE,"---",0
"VEGFD_VEGFR2R3",FALSE,FALSE,FALSE,"---",0
"IGF1_IGF1R",TRUE,FALSE,FALSE,"3--",1
"IGF2_IGF1R",FALSE,FALSE,FALSE,"---",0
"IGF2_IGF2R",FALSE,FALSE,FALSE,"---",0
"IGF1_ITGAV_ITGB3",FALSE,FALSE,FALSE,"---",0
"IGF1_ITGA6_ITGB4",FALSE,FALSE,FALSE,"---",0
"IGF2_ITGAV_ITGB3",FALSE,FALSE,FALSE,"---",0
"IGF2_ITGA6_ITGB4",FALSE,FALSE,FALSE,"---",0
"IGFL3_IGFLR1",FALSE,FALSE,FALSE,"---",0
"INS1_INSSR",FALSE,FALSE,FALSE,"---",0
"INS2_INSSR",FALSE,FALSE,FALSE,"---",0
"APLN_APLNR",FALSE,FALSE,FALSE,"---",0
"DHH_PTCH1",FALSE,FALSE,FALSE,"---",0
"IHH_PTCH1",FALSE,FALSE,FALSE,"---",0
"SHH_PTCH1",FALSE,FALSE,FALSE,"---",0
"DHH_PTCH2",FALSE,FALSE,FALSE,"---",0
"IHH_PTCH2",FALSE,FALSE,FALSE,"---",0
"SHH_PTCH2",FALSE,FALSE,FALSE,"---",0
"CCL5_CCR1",FALSE,FALSE,FALSE,"---",0
"CCL3_CCR1",FALSE,FALSE,FALSE,"---",0
"CCL8_CCR1",FALSE,FALSE,FALSE,"---",0
"CCL9_CCR1",FALSE,FALSE,FALSE,"---",0
"CCL6_CCR1",FALSE,FALSE,FALSE,"---",0
"CCL7_CCR1",FALSE,FALSE,FALSE,"---",0
"CCL5_CCR1L1",FALSE,FALSE,FALSE,"---",0
"CCL3_CCR1L1",FALSE,FALSE,FALSE,"---",0
"CCL8_CCR1L1",FALSE,FALSE,FALSE,"---",0
"CCL9_CCR1L1",FALSE,FALSE,FALSE,"---",0
"CCL6_CCR1L1",FALSE,FALSE,FALSE,"---",0
"CCL7_CCR1L1",FALSE,FALSE,FALSE,"---",0
"CCL8_CCR2",FALSE,FALSE,FALSE,"---",0
"CCL6_CCR2",FALSE,FALSE,FALSE,"---",0
"CCL7_CCR2",FALSE,FALSE,FALSE,"---",0
"CCL2_CCR2",FALSE,FALSE,FALSE,"---",0
"CCL12_CCR2",FALSE,FALSE,FALSE,"---",0
"CCL27A_CCR2",FALSE,FALSE,FALSE,"---",0
"CCL27B_CCR2",FALSE,FALSE,FALSE,"---",0
"CCL5_CCR3",FALSE,FALSE,FALSE,"---",0
"CCL6_CCR3",FALSE,FALSE,FALSE,"---",0
"CCL7_CCR3",FALSE,FALSE,FALSE,"---",0
"CCL11_CCR3",FALSE,FALSE,FALSE,"---",0
"CCL24_CCR3",FALSE,FALSE,FALSE,"---",0
"CCL26_CCR3",FALSE,FALSE,FALSE,"---",0
"CCL28_CCR3",FALSE,FALSE,FALSE,"---",0
"CCL27A_CCR3",FALSE,FALSE,FALSE,"---",0
"CCL27B_CCR3",FALSE,FALSE,FALSE,"---",0
"CCL17_CCR4",FALSE,FALSE,FALSE,"---",0
"CCL22_CCR4",FALSE,FALSE,FALSE,"---",0
"CCL5_CCR4",FALSE,FALSE,FALSE,"---",0
"CCL4_CCR5",FALSE,FALSE,FALSE,"---",0
"CCL5_CCR5",FALSE,FALSE,FALSE,"---",0
"CCL3_CCR5",FALSE,FALSE,FALSE,"---",0
"CCL8_CCR5",FALSE,FALSE,FALSE,"---",0
"CCL20_CCR6",FALSE,FALSE,FALSE,"---",0
"CCL19_CCR7",FALSE,FALSE,FALSE,"---",0
"CCL21A_CCR7",FALSE,FALSE,FALSE,"---",0
"CCL21B_CCR7",FALSE,FALSE,FALSE,"---",0
"CCL21C_CCR7",FALSE,FALSE,FALSE,"---",0
"CCL19_ACKR4",FALSE,FALSE,FALSE,"---",0
"CCL21A_ACKR4",FALSE,FALSE,FALSE,"---",0
"CCL21B_ACKR4",FALSE,FALSE,FALSE,"---",0
"CCL21C_ACKR4",FALSE,FALSE,FALSE,"---",0
"CCL1_CCR8",FALSE,FALSE,FALSE,"---",0
"CCL25_CCR9",FALSE,FALSE,FALSE,"---",0
"CCL25_ACKR4",FALSE,FALSE,FALSE,"---",0
"CCL28_CCR10",FALSE,FALSE,FALSE,"---",0
"CCL27A_CCR10",FALSE,FALSE,FALSE,"---",0
"CCL27B_CCR10",FALSE,FALSE,FALSE,"---",0
"CCL1_ACKR4",FALSE,FALSE,FALSE,"---",0
"CCL8_ACKR4",FALSE,FALSE,FALSE,"---",0
"CCL1_ACKR1",FALSE,FALSE,FALSE,"---",0
"CCL2_ACKR1",FALSE,FALSE,FALSE,"---",0
"CCL2_ACKR2",FALSE,FALSE,FALSE,"---",0
"CCL3_ACKR2",FALSE,FALSE,FALSE,"---",0
"CCL4_ACKR2",FALSE,FALSE,FALSE,"---",0
"CCL5_ACKR1",FALSE,FALSE,FALSE,"---",0
"CCL5_ACKR2",FALSE,FALSE,FALSE,"---",0
"CCL7_ACKR1",FALSE,FALSE,FALSE,"---",0
"CCL8_ACKR1",FALSE,FALSE,FALSE,"---",0
"CCL11_ACKR1",FALSE,FALSE,FALSE,"---",0
"CCL11_ACKR2",FALSE,FALSE,FALSE,"---",0
"CCL22_ACKR2",FALSE,FALSE,FALSE,"---",0
"CCL24_ACKR2",FALSE,FALSE,FALSE,"---",0
"CCL26_ACKR2",FALSE,FALSE,FALSE,"---",0
"CCL17_ACKR1",FALSE,FALSE,FALSE,"---",0
"CCL17_ACKR2",FALSE,FALSE,FALSE,"---",0
"CXCL1_CXCR1",FALSE,FALSE,FALSE,"---",0
"CXCL5_CXCR1",FALSE,FALSE,FALSE,"---",0
"CXCL2_CXCR1",FALSE,FALSE,FALSE,"---",0
"CXCL3_CXCR1",FALSE,FALSE,FALSE,"---",0
"CXCL1_CXCR2",FALSE,FALSE,FALSE,"---",0
"CXCL5_CXCR2",FALSE,FALSE,FALSE,"---",0
"CXCL2_CXCR2",FALSE,FALSE,FALSE,"---",0
"CXCL3_CXCR2",FALSE,FALSE,FALSE,"---",0
"PPBP_CXCR2",FALSE,FALSE,FALSE,"---",0
"CXCL4_CXCR3",FALSE,FALSE,FALSE,"---",0
"CXCL9_CXCR3",FALSE,FALSE,FALSE,"---",0
"CXCL10_CXCR3",FALSE,FALSE,FALSE,"---",0
"CXCL11_CXCR3",FALSE,FALSE,FALSE,"---",0
"CXCL13_CXCR3",FALSE,FALSE,FALSE,"---",0
"PF4_CXCR3",FALSE,FALSE,FALSE,"---",0
"CXCL12_CXCR4",FALSE,FALSE,FALSE,"---",0
"CXCL12_ACKR3",FALSE,FALSE,FALSE,"---",0
"CXCL13_CXCR5",FALSE,FALSE,FALSE,"---",0
"CXCL16_CXCR6",FALSE,FALSE,FALSE,"---",0
"CXCL1_ACKR1",FALSE,FALSE,FALSE,"---",0
"CXCL2_ACKR1",FALSE,FALSE,FALSE,"---",0
"CXCL3_ACKR1",FALSE,FALSE,FALSE,"---",0
"CXCL5_ACKR1",FALSE,FALSE,FALSE,"---",0
"CXCL9_ACKR1",FALSE,FALSE,FALSE,"---",0
"CXCL10_ACKR1",FALSE,FALSE,FALSE,"---",0
"CXCL11_ACKR1",FALSE,FALSE,FALSE,"---",0
"CXCL11_ACKR3",FALSE,FALSE,FALSE,"---",0
"CXCL13_ACKR1",FALSE,FALSE,FALSE,"---",0
"MIF_CD74_CXCR4",FALSE,FALSE,FALSE,"---",0
"MIF_CD74_CD44",FALSE,FALSE,FALSE,"---",0
"MIF_CD74_CXCR2",FALSE,FALSE,FALSE,"---",0
"MIF_ACKR3",FALSE,FALSE,FALSE,"---",0
"CX3CL1_CX3CR1",FALSE,FALSE,FALSE,"---",0
"XCL1_XCR1",FALSE,FALSE,FALSE,"---",0
"IL2_IL2RA_IL2RB",FALSE,FALSE,FALSE,"---",0
"IL2_IL2RB_IL2RG",FALSE,FALSE,FALSE,"---",0
"IL4_IL4R_IL2RG",FALSE,FALSE,FALSE,"---",0
"IL7_IL7R_IL2RG",FALSE,FALSE,FALSE,"---",0
"IL9_IL9R_IL2RG",FALSE,FALSE,FALSE,"---",0
"IL15_IL15RA_IL2RB",FALSE,FALSE,FALSE,"---",0
"IL21_IL21R_IL2RG",FALSE,FALSE,FALSE,"---",0
"TSLP_IL7R_CRLF2",FALSE,FALSE,FALSE,"---",0
"IL3_IL3RA_CSF2RB",FALSE,FALSE,FALSE,"---",0
"IL5_IL5RA_CSF2RB",FALSE,FALSE,FALSE,"---",0
"CSF2_CSF2RA_CSF2RB",FALSE,FALSE,FALSE,"---",0
"IL4_IL4R",FALSE,FALSE,FALSE,"---",0
"IL4_IL4R_IL13RA1",FALSE,FALSE,FALSE,"---",0
"IL4_IL4R_IL13RA2",FALSE,FALSE,FALSE,"---",0
"IL13_IL4R_IL13RA1",FALSE,FALSE,FALSE,"---",0
"IL13_IL4R_IL13RA2",FALSE,FALSE,FALSE,"---",0
"IL13_IL13RA1",FALSE,FALSE,FALSE,"---",0
"IL13_IL13RA2",FALSE,FALSE,FALSE,"---",0
"IL6_IL6R_IL6ST",FALSE,FALSE,FALSE,"---",0
"IL11_IL11RA1_IL6ST",FALSE,FALSE,FALSE,"---",0
"IL11_IL11RA2_IL6ST",FALSE,FALSE,FALSE,"---",0
"IL12B_IL12RB1_IL12RB2",FALSE,FALSE,FALSE,"---",0
"IL23A_IL23R_IL12RB1",FALSE,FALSE,FALSE,"---",0
"EBI3_IL27RA_IL6ST",FALSE,FALSE,FALSE,"---",0
"IL31_IL31RA_OSMR",FALSE,FALSE,FALSE,"---",0
"CNTF_CNTFR_LIFR",FALSE,FALSE,FALSE,"---",0
"CLCF1_CNTFR_LIFR",FALSE,FALSE,FALSE,"---",0
"CTF1_LIFR_IL6ST",FALSE,FALSE,FALSE,"---",0
"LIF_LIFR_IL6ST",FALSE,FALSE,FALSE,"---",0
"OSM_LIFR_IL6ST",FALSE,FALSE,FALSE,"---",0
"OSM_OSMR_IL6ST",FALSE,FALSE,FALSE,"---",0
"IL10_IL10RA_IL10RB",FALSE,FALSE,FALSE,"---",0
"IL19_IL20RA_IL20RB",FALSE,FALSE,FALSE,"---",0
"IL20_IL20RA_IL20RB",FALSE,FALSE,FALSE,"---",0
"IL24_IL20RA_IL20RB",FALSE,FALSE,FALSE,"---",0
"IL20_IL22RA1_IL20RB",FALSE,FALSE,FALSE,"---",0
"IL24_IL22RA1_IL20RB",FALSE,FALSE,FALSE,"---",0
"IL22_IL22RA1_IL10RB",FALSE,FALSE,FALSE,"---",0
"IL1A_IL1R1_IL1RAP",FALSE,FALSE,FALSE,"---",0
"IL1B_IL1R1_IL1RAP",FALSE,FALSE,FALSE,"---",0
"IL1F5_IL1RL2_IL1RAP",FALSE,FALSE,FALSE,"---",0
"IL1F6_IL1RL2_IL1RAP",FALSE,FALSE,FALSE,"---",0
"IL1F8_IL1RL2_IL1RAP",FALSE,FALSE,FALSE,"---",0
"IL1F9_IL1RL2_IL1RAP",FALSE,FALSE,FALSE,"---",0
"IL1F10_IL1RL2_IL1RAP",FALSE,FALSE,FALSE,"---",0
"IL18_IL18R1_IL18RAP",FALSE,FALSE,FALSE,"---",0
"IL33_IL1RL1_IL1RAP",FALSE,FALSE,FALSE,"---",0
"IL17A_IL17RA_IL17RC",FALSE,FALSE,FALSE,"---",0
"IL17F_IL17RA_IL17RC",FALSE,FALSE,FALSE,"---",0
"IL17AF_IL17RA_IL17RC",FALSE,FALSE,FALSE,"---",0
"IL17B_IL17RB",FALSE,FALSE,FALSE,"---",0
"IL17C_IL17RA_IL17RE",FALSE,FALSE,FALSE,"---",0
"IL25_IL17RA_IL17RB",FALSE,FALSE,FALSE,"---",0
"IL34_CSF1R",FALSE,FALSE,FALSE,"---",0
"CSF1_CSF1R",FALSE,FALSE,FALSE,"---",0
"IL16_CD4",FALSE,FALSE,FALSE,"---",0
"EPO_EPOR",FALSE,FALSE,FALSE,"---",0
"GH1_GHR",FALSE,FALSE,FALSE,"---",0
"PRL_PRLR",FALSE,FALSE,FALSE,"---",0
"THPO_MPL",FALSE,FALSE,FALSE,"---",0
"CSF3_CSF3R",FALSE,FALSE,FALSE,"---",0
"IFNA_IFNAR1_IFNAR2",FALSE,FALSE,FALSE,"---",0
"IFNB1_IFNAR1_IFNAR2",FALSE,FALSE,FALSE,"---",0
"IFNK_IFNAR1_IFNAR2",FALSE,FALSE,FALSE,"---",0
"IFNE_IFNAR1_IFNAR2",FALSE,FALSE,FALSE,"---",0
"IFNA11_IFNAR1_IFNAR2",FALSE,FALSE,FALSE,"---",0
"IFNA1_IFNAR1_IFNAR2",FALSE,FALSE,FALSE,"---",0
"IFNA2_IFNAR1_IFNAR2",FALSE,FALSE,FALSE,"---",0
"IFNA4_IFNAR1_IFNAR2",FALSE,FALSE,FALSE,"---",0
"IFNA5_IFNAR1_IFNAR2",FALSE,FALSE,FALSE,"---",0
"IFNA6_IFNAR1_IFNAR2",FALSE,FALSE,FALSE,"---",0
"IFNA7_IFNAR1_IFNAR2",FALSE,FALSE,FALSE,"---",0
"IFNA9_IFNAR1_IFNAR2",FALSE,FALSE,FALSE,"---",0
"IFNAB_IFNAR1_IFNAR2",FALSE,FALSE,FALSE,"---",0
"IFNA12_IFNAR1_IFNAR2",FALSE,FALSE,FALSE,"---",0
"IFNA13_IFNAR1_IFNAR2",FALSE,FALSE,FALSE,"---",0
"IFNA14_IFNAR1_IFNAR2",FALSE,FALSE,FALSE,"---",0
"IFNA15_IFNAR1_IFNAR2",FALSE,FALSE,FALSE,"---",0
"IFNG_IFNGR1_IFNGR2",FALSE,FALSE,FALSE,"---",0
"IFNL2_IFNLR1_IL10RB",FALSE,FALSE,FALSE,"---",0
"IFNL3_IFNLR1_IL10RB",FALSE,FALSE,FALSE,"---",0
"TNF_TNFRSF1A",FALSE,FALSE,FALSE,"---",0
"TNF_TNFRSF1B",FALSE,FALSE,FALSE,"---",0
"LTA_TNFRSF1A",FALSE,FALSE,FALSE,"---",0
"LTA_TNFRSF1B",FALSE,FALSE,FALSE,"---",0
"LTA_TNFRSF14",FALSE,FALSE,FALSE,"---",0
"LTA_LTB_LTBR",FALSE,FALSE,FALSE,"---",0
"TNFSF14_LTBR",FALSE,FALSE,FALSE,"---",0
"TNFSF14_TNFRSF14",FALSE,FALSE,FALSE,"---",0
"FASL_FAS",FALSE,FALSE,FALSE,"---",0
"TNFSF15_TNFRSF25",FALSE,FALSE,FALSE,"---",0
"TNFSF10_TNFRSF10B",FALSE,FALSE,FALSE,"---",0
"EDA_EDAR",FALSE,FALSE,FALSE,"---",0
"EDA_EDA2R",FALSE,FALSE,FALSE,"---",0
"NGF_NGFR",FALSE,FALSE,FALSE,"---",0
"KLK1B4_NGFR",FALSE,FALSE,FALSE,"---",0
"TNFSF11_TNFRSF11A",FALSE,FALSE,FALSE,"---",0
"TNFSF11_TNFRSF11B",FALSE,FALSE,FALSE,"---",0
"TNFSF12_TNFRSF12A",FALSE,FALSE,FALSE,"---",0
"CD70_CD27",FALSE,FALSE,FALSE,"---",0
"TNFSF8_TNFRSF8",FALSE,FALSE,FALSE,"---",0
"TNFSF9_TNFRSF9",FALSE,FALSE,FALSE,"---",0
"TNFSF4_TNFRSF4",FALSE,FALSE,FALSE,"---",0
"TNFSF18_TNFRSF18",FALSE,FALSE,FALSE,"---",0
"TNFSF13_TNFRSF17",FALSE,FALSE,FALSE,"---",0
"TNFSF13_TNFRSF13B",FALSE,FALSE,FALSE,"---",0
"TNFSF13B_TNFRSF17",FALSE,FALSE,FALSE,"---",0
"TNFSF13B_TNFRSF13B",FALSE,FALSE,FALSE,"---",0
"TNFSF13B_TNFRSF13C",FALSE,FALSE,FALSE,"---",0
"CD40LG_ITGA2B_ITGB3",FALSE,FALSE,FALSE,"---",0
"CD40LG_ITGA5_ITGB1",FALSE,FALSE,FALSE,"---",0
"CD40LG_ITGAM_ITGB2",FALSE,FALSE,FALSE,"---",0
"SPP1_CD44",FALSE,FALSE,FALSE,"---",0
"SPP1_ITGAV_ITGB3",FALSE,FALSE,FALSE,"---",0
"SPP1_ITGAV_ITGB1",TRUE,TRUE,FALSE,"312-",2
"SPP1_ITGAV_ITGB5",TRUE,TRUE,FALSE,"312-",2
"SPP1_ITGAV_ITGB6",FALSE,FALSE,FALSE,"---",0
"SPP1_ITGA4_ITGB1",FALSE,TRUE,TRUE,"-1224",2
"SPP1_ITGA9_ITGB1",TRUE,TRUE,TRUE,"31224",3
"SPP1_ITGA8_ITGB1",TRUE,TRUE,TRUE,"31224",3
"SPP1_ITGA5_ITGB1",FALSE,FALSE,FALSE,"---",0
"ADIPOQ_ADIPOR1",FALSE,FALSE,FALSE,"---",0
"ADIPOQ_ADIPOR2",FALSE,FALSE,FALSE,"---",0
"RETN_TLR4",FALSE,FALSE,FALSE,"---",0
"RETN_CAP1",FALSE,FALSE,FALSE,"---",0
"NAMPT_INSR",FALSE,TRUE,FALSE,"-12-",1
"NAMPT_ITGA5_ITGB1",FALSE,FALSE,FALSE,"---",0
"ANGPTL1_ITGA1_ITGB1",FALSE,FALSE,FALSE,"---",0
"ANGPTL2_ITGA5_ITGB1",FALSE,FALSE,FALSE,"---",0
"ANGPTL2_TLR4",FALSE,FALSE,FALSE,"---",0
"ANGPTL2_PIRB",FALSE,FALSE,FALSE,"---",0
"ANGPTL1_PIRB",FALSE,FALSE,FALSE,"---",0
"ANGPTL7_PIRB",FALSE,FALSE,FALSE,"---",0
"ANGPTL4_ITGA5_ITGB1",FALSE,FALSE,FALSE,"---",0
"ANGPTL4_ITGAV_ITGB3",FALSE,FALSE,FALSE,"---",0
"ANGPTL4_CDH5",FALSE,FALSE,FALSE,"---",0
"ANGPTL4_CDH11",FALSE,FALSE,FALSE,"---",0
"ANGPTL4_SDC1",FALSE,FALSE,FALSE,"---",0
"ANGPTL4_SDC2",FALSE,FALSE,FALSE,"---",0
"ANGPTL4_SDC3",FALSE,FALSE,FALSE,"---",0
"ANGPTL4_SDC4",FALSE,FALSE,FALSE,"---",0
"ANGPTL3_ITGAV_ITGB3",FALSE,FALSE,FALSE,"---",0
"ANGPT1_TEK",FALSE,FALSE,FALSE,"---",0
"ANGPT2_TEK",FALSE,FALSE,FALSE,"---",0
"ANGPT2_ITGA5_ITGB1",FALSE,FALSE,FALSE,"---",0
"MDK_SDC1",FALSE,FALSE,FALSE,"---",0
"MDK_SDC2",FALSE,TRUE,FALSE,"-12-",1
"MDK_SDC4",FALSE,FALSE,FALSE,"---",0
"MDK_PTPRZ1",FALSE,TRUE,FALSE,"-12-",1
"MDK_ITGA4_ITGB1",FALSE,TRUE,FALSE,"-12-",1
"MDK_ITGA6_ITGB1",FALSE,TRUE,FALSE,"-12-",1
"MDK_LRP1",FALSE,TRUE,FALSE,"-12-",1
"MDK_NCL",FALSE,TRUE,FALSE,"-12-",1
"MDK_ALK",FALSE,TRUE,FALSE,"-12-",1
"PTN_PTPRZ1",TRUE,TRUE,TRUE,"31224",3
"PTN_SDC1",FALSE,FALSE,FALSE,"---",0
"PTN_SDC2",TRUE,TRUE,TRUE,"31224",3
"PTN_SDC3",FALSE,TRUE,FALSE,"-12-",1
"PTN_SDC4",FALSE,FALSE,FALSE,"---",0
"PTN_ITGAV_ITGB3",FALSE,FALSE,FALSE,"---",0
"PTN_NCL",FALSE,TRUE,FALSE,"-12-",1
"PTN_ALK",TRUE,TRUE,TRUE,"31224",3
"POSTN_ITGAV_ITGB3",FALSE,FALSE,FALSE,"---",0
"POSTN_ITGAV_ITGB5",FALSE,FALSE,FALSE,"---",0
"AGT_AGTR1A",FALSE,FALSE,FALSE,"---",0
"AGT_AGTR1B",FALSE,FALSE,FALSE,"---",0
"GRP_GRPR",FALSE,FALSE,FALSE,"---",0
"NMB_NMBR",FALSE,FALSE,FALSE,"---",0
"KNG1_BDKRB1",FALSE,FALSE,FALSE,"---",0
"KNG1_BDKRB2",FALSE,FALSE,FALSE,"---",0
"KNG2_BDKRB1",FALSE,FALSE,FALSE,"---",0
"KNG2_BDKRB2",FALSE,FALSE,FALSE,"---",0
"C3_C3AR1",FALSE,FALSE,FALSE,"---",0
"C3_CR2",FALSE,FALSE,FALSE,"---",0
"C3_ITGAM_ITGB2",FALSE,FALSE,FALSE,"---",0
"C3_ITGAX_ITGB2",FALSE,FALSE,FALSE,"---",0
"C4A_C3AR1",FALSE,FALSE,FALSE,"---",0
"C4B_CR2",FALSE,FALSE,FALSE,"---",0
"HC_C5AR1",FALSE,FALSE,FALSE,"---",0
"CCK_CCKAR",FALSE,FALSE,FALSE,"---",0
"CCK_CCKBR",FALSE,FALSE,FALSE,"---",0
"EDN1_EDNRA",FALSE,FALSE,FALSE,"---",0
"EDN2_EDNRA",FALSE,FALSE,FALSE,"---",0
"EDN3_EDNRA",FALSE,FALSE,FALSE,"---",0
"EDN1_EDNRB",FALSE,FALSE,FALSE,"---",0
"EDN2_EDNRB",FALSE,FALSE,FALSE,"---",0
"EDN3_EDNRB",FALSE,FALSE,FALSE,"---",0
"GAL_GALR1",FALSE,FALSE,FALSE,"---",0
"GAL_GALR2",FALSE,FALSE,FALSE,"---",0
"GAL_GALR3",FALSE,FALSE,FALSE,"---",0
"GALP_GALR1",FALSE,FALSE,FALSE,"---",0
"GALP_GALR2",FALSE,FALSE,FALSE,"---",0
"GHRL_GHSR",FALSE,FALSE,FALSE,"---",0
"KISS1_KISS1R",FALSE,FALSE,FALSE,"---",0
"POMC_MC1R",FALSE,FALSE,FALSE,"---",0
"POMC_MC2R",FALSE,FALSE,FALSE,"---",0
"POMC_MC3R",FALSE,FALSE,FALSE,"---",0
"POMC_MC4R",FALSE,FALSE,FALSE,"---",0
"POMC_MC5R",FALSE,FALSE,FALSE,"---",0
"NMU_NMUR1",FALSE,FALSE,FALSE,"---",0
"NMU_NMUR2",FALSE,FALSE,FALSE,"---",0
"NMS_NMUR1",FALSE,FALSE,FALSE,"---",0
"NMS_NMUR2",FALSE,FALSE,FALSE,"---",0
"NPFF_NPFFR1",FALSE,FALSE,FALSE,"---",0
"NPFF_NPFFR2",FALSE,FALSE,FALSE,"---",0
"NPY_NPY1R",FALSE,FALSE,FALSE,"---",0
"NPY_NPY2R",FALSE,FALSE,FALSE,"---",0
"NPY_NPY4R",FALSE,FALSE,FALSE,"---",0
"NPY_NPY5R",FALSE,FALSE,FALSE,"---",0
"NPY_NPY6R",FALSE,FALSE,FALSE,"---",0
"NPY_GPR83",FALSE,FALSE,FALSE,"---",0
"NPY_PGR15L",FALSE,FALSE,FALSE,"---",0
"PPY_NPY1R",FALSE,FALSE,FALSE,"---",0
"PPY_NPY2R",FALSE,FALSE,FALSE,"---",0
"PPY_NPY4R",FALSE,FALSE,FALSE,"---",0
"PPY_NPY5R",FALSE,FALSE,FALSE,"---",0
"PPY_NPY6R",FALSE,FALSE,FALSE,"---",0
"PPY_GPR83",FALSE,FALSE,FALSE,"---",0
"PPY_PGR15L",FALSE,FALSE,FALSE,"---",0
"PYY_NPY1R",FALSE,FALSE,FALSE,"---",0
"PYY_NPY2R",FALSE,FALSE,FALSE,"---",0
"PYY_NPY4R",FALSE,FALSE,FALSE,"---",0
"PYY_NPY5R",FALSE,FALSE,FALSE,"---",0
"PYY_NPY6R",FALSE,FALSE,FALSE,"---",0
"PYY_GPR83",FALSE,FALSE,FALSE,"---",0
"PYY_PGR15L",FALSE,FALSE,FALSE,"---",0
"NPB_NPBWR1",FALSE,FALSE,FALSE,"---",0
"NPW_NPBWR1",FALSE,FALSE,FALSE,"---",0
"NTS_NTSR1",FALSE,FALSE,FALSE,"---",0
"NTS_NTSR2",FALSE,FALSE,FALSE,"---",0
"PDYN_OPRD1",FALSE,FALSE,FALSE,"---",0
"PDYN_OPRK1",FALSE,FALSE,FALSE,"---",0
"PDYN_OPRL1",FALSE,FALSE,FALSE,"---",0
"PDYN_OPRM1",FALSE,FALSE,FALSE,"---",0
"PENK_OPRD1",FALSE,FALSE,FALSE,"---",0
"PENK_OPRK1",FALSE,FALSE,FALSE,"---",0
"PENK_OPRL1",FALSE,FALSE,FALSE,"---",0
"PENK_OPRM1",FALSE,FALSE,FALSE,"---",0
"POMC_OPRD1",FALSE,FALSE,FALSE,"---",0
"POMC_OPRK1",FALSE,FALSE,FALSE,"---",0
"POMC_OPRL1",FALSE,FALSE,FALSE,"---",0
"POMC_OPRM1",FALSE,FALSE,FALSE,"---",0
"HCRT_HCRTR1",FALSE,FALSE,FALSE,"---",0
"HCRT_HCRTR2",FALSE,FALSE,FALSE,"---",0
"OXT_OXTR",FALSE,FALSE,FALSE,"---",0
"SST_SSTR1",FALSE,FALSE,FALSE,"---",0
"SST_SSTR2",FALSE,FALSE,FALSE,"---",0
"SST_SSTR3",FALSE,FALSE,FALSE,"---",0
"SST_SSTR4",FALSE,FALSE,FALSE,"---",0
"SST_SSTR5",FALSE,FALSE,FALSE,"---",0
"CORT_SSTR1",FALSE,FALSE,FALSE,"---",0
"CORT_SSTR2",FALSE,FALSE,FALSE,"---",0
"CORT_SSTR3",FALSE,FALSE,FALSE,"---",0
"CORT_SSTR4",FALSE,FALSE,FALSE,"---",0
"CORT_SSTR5",FALSE,FALSE,FALSE,"---",0
"TAC1_TACR1",FALSE,FALSE,FALSE,"---",0
"TAC4_TACR1",FALSE,FALSE,FALSE,"---",0
"TAC1_TACR2",FALSE,FALSE,FALSE,"---",0
"TAC2_TACR3",FALSE,FALSE,FALSE,"---",0
"UTS2_UTS2R",FALSE,FALSE,FALSE,"---",0
"AVP_AVPR2",FALSE,FALSE,FALSE,"---",0
"AVP_AVPR1A",FALSE,FALSE,FALSE,"---",0
"AVP_AVPR1B",FALSE,FALSE,FALSE,"---",0
"PRLH_PRLHR",FALSE,FALSE,FALSE,"---",0
"GM10334_F2R",FALSE,FALSE,FALSE,"---",0
"TRY5_F2R",FALSE,FALSE,FALSE,"---",0
"CTSG_F2R",FALSE,FALSE,FALSE,"---",0
"F2_F2R",FALSE,FALSE,FALSE,"---",0
"GZMA_F2R",FALSE,FALSE,FALSE,"---",0
"PRSS2_F2R",FALSE,FALSE,FALSE,"---",0
"TRY4_F2R",FALSE,FALSE,FALSE,"---",0
"TRY10_F2R",FALSE,FALSE,FALSE,"---",0
"GM10334_F2RL1",FALSE,FALSE,FALSE,"---",0
"TRY5_F2RL1",FALSE,FALSE,FALSE,"---",0
"CTSG_F2RL1",FALSE,FALSE,FALSE,"---",0
"F2_F2RL1",FALSE,FALSE,FALSE,"---",0
"GZMA_F2RL1",FALSE,FALSE,FALSE,"---",0
"PRSS2_F2RL1",FALSE,FALSE,FALSE,"---",0
"TRY4_F2RL1",FALSE,FALSE,FALSE,"---",0
"TRY10_F2RL1",FALSE,FALSE,FALSE,"---",0
"GM10334_F2RL2",FALSE,FALSE,FALSE,"---",0
"TRY5_F2RL2",FALSE,FALSE,FALSE,"---",0
"CTSG_F2RL2",FALSE,FALSE,FALSE,"---",0
"F2_F2RL2",FALSE,FALSE,FALSE,"---",0
"GZMA_F2RL2",FALSE,FALSE,FALSE,"---",0
"PRSS2_F2RL2",FALSE,FALSE,FALSE,"---",0
"TRY4_F2RL2",FALSE,FALSE,FALSE,"---",0
"TRY10_F2RL2",FALSE,FALSE,FALSE,"---",0
"GM10334_F2RL3",FALSE,FALSE,FALSE,"---",0
"TRY5_F2RL3",FALSE,FALSE,FALSE,"---",0
"CTSG_F2RL3",FALSE,FALSE,FALSE,"---",0
"F2_F2RL3",FALSE,FALSE,FALSE,"---",0
"GZMA_F2RL3",FALSE,FALSE,FALSE,"---",0
"PLG_F2RL3",FALSE,FALSE,FALSE,"---",0
"PRSS2_F2RL3",FALSE,FALSE,FALSE,"---",0
"TRY4_F2RL3",FALSE,FALSE,FALSE,"---",0
"TRY10_F2RL3",FALSE,FALSE,FALSE,"---",0
"GM10334_PARD3",FALSE,FALSE,FALSE,"---",0
"TRY5_PARD3",FALSE,FALSE,FALSE,"---",0
"CTSG_PARD3",FALSE,FALSE,FALSE,"---",0
"F2_PARD3",FALSE,FALSE,FALSE,"---",0
"GZMA_PARD3",FALSE,FALSE,FALSE,"---",0
"PLG_PARD3",FALSE,FALSE,FALSE,"---",0
"PRSS2_PARD3",FALSE,FALSE,FALSE,"---",0
"TRY4_PARD3",FALSE,FALSE,FALSE,"---",0
"TRY10_PARD3",FALSE,FALSE,FALSE,"---",0
"PMCH_MCHR1",FALSE,FALSE,FALSE,"---",0
"PROK1_PROKR2",FALSE,FALSE,FALSE,"---",0
"PROK1_PROKR1",FALSE,FALSE,FALSE,"---",0
"PROK2_PROKR1",FALSE,FALSE,FALSE,"---",0
"PROK2_PROKR2",FALSE,FALSE,FALSE,"---",0
"ADCYAP1_ADCYAP1R1",FALSE,FALSE,FALSE,"---",0
"VIP_VIPR1",FALSE,FALSE,FALSE,"---",0
"VIP_VIPR2",FALSE,FALSE,FALSE,"---",0
"NPPA_NPR1",FALSE,FALSE,FALSE,"---",0
"NPPB_NPR1",FALSE,FALSE,FALSE,"---",0
"NPPC_NPR2",FALSE,FALSE,FALSE,"---",0
"KITL_KIT",FALSE,FALSE,FALSE,"---",0
"GCG_GIPR",FALSE,FALSE,FALSE,"---",0
"GIP_GIPR",FALSE,FALSE,FALSE,"---",0
"FSHB_FSHR",FALSE,FALSE,FALSE,"---",0
"CGA_FSHR",FALSE,FALSE,FALSE,"---",0
"LHB_LHCGR",FALSE,FALSE,FALSE,"---",0
"CGA_LHCGR",FALSE,FALSE,FALSE,"---",0
"TSHB_TSHR",FALSE,FALSE,FALSE,"---",0
"CGA_TSHR",FALSE,FALSE,FALSE,"---",0
"BDNF_NTRK2",FALSE,FALSE,FALSE,"---",0
"NGF_NTRK1",FALSE,FALSE,FALSE,"---",0
"FLT3L_FLT3",FALSE,FALSE,FALSE,"---",0
"HGF_MET",FALSE,FALSE,FALSE,"---",0
"NGFA_NTRK1",FALSE,FALSE,FALSE,"---",0
"NTF3_NTRK1",FALSE,FALSE,FALSE,"---",0
"NTF3_NTRK2",TRUE,FALSE,FALSE,"3--",1
"NTF3_NTRK3",TRUE,FALSE,FALSE,"3--",1
"NTF5_NTRK2",FALSE,FALSE,FALSE,"---",0
"SEMA3A_NRP1_PLXNA1",TRUE,FALSE,FALSE,"3--",1
"SEMA3A_NRP1_PLXNA2",TRUE,TRUE,TRUE,"31224",3
"SEMA3A_NRP1_PLXNA3",FALSE,FALSE,FALSE,"---",0
"SEMA3A_NRP1_PLXNA4",TRUE,TRUE,TRUE,"31224",3
"SEMA3B_NRP1_PLXNA1",FALSE,FALSE,FALSE,"---",0
"SEMA3B_NRP1_PLXNA2",FALSE,FALSE,FALSE,"---",0
"SEMA3B_NRP1_PLXNA3",FALSE,FALSE,FALSE,"---",0
"SEMA3B_NRP1_PLXNA4",FALSE,FALSE,FALSE,"---",0
"SEMA3C_NRP1_PLXNA1",FALSE,FALSE,FALSE,"---",0
"SEMA3C_NRP1_PLXNA2",FALSE,FALSE,FALSE,"---",0
"SEMA3C_NRP1_PLXNA3",FALSE,FALSE,FALSE,"---",0
"SEMA3C_NRP1_PLXNA4",FALSE,FALSE,FALSE,"---",0
"SEMA3D_NRP1_PLXNA1",FALSE,FALSE,FALSE,"---",0
"SEMA3D_NRP1_PLXNA2",FALSE,FALSE,FALSE,"---",0
"SEMA3D_NRP1_PLXNA3",FALSE,FALSE,FALSE,"---",0
"SEMA3D_NRP1_PLXNA4",FALSE,FALSE,FALSE,"---",0
"SEMA3B_NRP2_PLXNA1",FALSE,FALSE,FALSE,"---",0
"SEMA3B_NRP2_PLXNA2",FALSE,FALSE,FALSE,"---",0
"SEMA3B_NRP2_PLXNA3",FALSE,FALSE,FALSE,"---",0
"SEMA3B_NRP2_PLXNA4",FALSE,FALSE,FALSE,"---",0
"SEMA3C_NRP2_PLXNA1",FALSE,FALSE,FALSE,"---",0
"SEMA3C_NRP2_PLXNA2",FALSE,FALSE,FALSE,"---",0
"SEMA3C_NRP2_PLXNA3",FALSE,FALSE,FALSE,"---",0
"SEMA3C_NRP2_PLXNA4",FALSE,FALSE,FALSE,"---",0
"SEMA3D_NRP2_PLXNA1",FALSE,FALSE,FALSE,"---",0
"SEMA3D_NRP2_PLXNA2",FALSE,FALSE,FALSE,"---",0
"SEMA3D_NRP2_PLXNA3",FALSE,FALSE,FALSE,"---",0
"SEMA3D_NRP2_PLXNA4",FALSE,FALSE,FALSE,"---",0
"SEMA3F_NRP2_PLXNA1",FALSE,FALSE,FALSE,"---",0
"SEMA3F_NRP2_PLXNA2",FALSE,FALSE,FALSE,"---",0
"SEMA3F_NRP2_PLXNA3",FALSE,FALSE,FALSE,"---",0
"SEMA3F_NRP2_PLXNA4",FALSE,FALSE,FALSE,"---",0
"SEMA3G_NRP2_PLXNA1",FALSE,FALSE,FALSE,"---",0
"SEMA3G_NRP2_PLXNA2",FALSE,FALSE,FALSE,"---",0
"SEMA3G_NRP2_PLXNA3",FALSE,FALSE,FALSE,"---",0
"SEMA3G_NRP2_PLXNA4",FALSE,FALSE,FALSE,"---",0
"SEMA3C_NRP1_NRP2",FALSE,FALSE,FALSE,"---",0
"SEMA3C_PLXND1",FALSE,FALSE,FALSE,"---",0
"SEMA3E_PLXND1",FALSE,FALSE,FALSE,"---",0
"ADM_CALCR",FALSE,FALSE,FALSE,"---",0
"ADM_CALCRL",FALSE,FALSE,FALSE,"---",0
"AGT_MAS1",FALSE,FALSE,FALSE,"---",0
"ANXA1_FPR2",FALSE,FALSE,FALSE,"---",0
"ANXA1_FPR1",FALSE,FALSE,FALSE,"---",0
"APELA_APLNR",FALSE,FALSE,FALSE,"---",0
"CALCA_CALCR",FALSE,FALSE,FALSE,"---",0
"CALCA_CALCRL",FALSE,FALSE,FALSE,"---",0
"CALCB_CALCR",FALSE,FALSE,FALSE,"---",0
"CALCB_CALCRL",FALSE,FALSE,FALSE,"---",0
"CRH_CRHR1",FALSE,FALSE,FALSE,"---",0
"CRH_CRHR2",FALSE,FALSE,FALSE,"---",0
"ENHO_GPR19",FALSE,FALSE,FALSE,"---",0
"GAS6_AXL",TRUE,FALSE,FALSE,"3--",1
"GAS6_MERTK",TRUE,FALSE,FALSE,"3--",1
"GAS6_TYRO3",FALSE,FALSE,FALSE,"---",0
"GCG_GCGR",FALSE,FALSE,FALSE,"---",0
"GCG_GLP1R",FALSE,FALSE,FALSE,"---",0
"GCG_GLP2R",FALSE,FALSE,FALSE,"---",0
"GH_GHR",FALSE,FALSE,FALSE,"---",0
"GH_PRLR",FALSE,FALSE,FALSE,"---",0
"GHRH_VIPR1",FALSE,FALSE,FALSE,"---",0
"GHRH_VIPR2",FALSE,FALSE,FALSE,"---",0
"GHRH_GHSR",FALSE,FALSE,FALSE,"---",0
"GHRH_GHRHR",FALSE,FALSE,FALSE,"---",0
"GNRH1_GNRHR",FALSE,FALSE,FALSE,"---",0
"GRN_SORT1",TRUE,TRUE,TRUE,"31224",3
"GUCA2A_GUCY2C",FALSE,FALSE,FALSE,"---",0
"GUCA2B_GUCY2C",FALSE,FALSE,FALSE,"---",0
"IAPP_CALCR",FALSE,FALSE,FALSE,"---",0
"IAPP_CALCRL",FALSE,FALSE,FALSE,"---",0
"INSL3_RXFP2",FALSE,FALSE,FALSE,"---",0
"INSL3_RXFP1",FALSE,FALSE,FALSE,"---",0
"INSL3_RXFP4",FALSE,FALSE,FALSE,"---",0
"INSL3_RXFP3",FALSE,FALSE,FALSE,"---",0
"INSL5_RXFP4",FALSE,FALSE,FALSE,"---",0
"INSL5_RXFP3",FALSE,FALSE,FALSE,"---",0
"INSL5_RXFP2",FALSE,FALSE,FALSE,"---",0
"INSL5_RXFP1",FALSE,FALSE,FALSE,"---",0
"LEP_LEPR",FALSE,FALSE,FALSE,"---",0
"LGALS9_CD45",FALSE,FALSE,FALSE,"---",0
"LGALS9_IGHM",FALSE,FALSE,FALSE,"---",0
"NPS_NPSR1",FALSE,FALSE,FALSE,"---",0
"NPVF_NPFFR1",FALSE,FALSE,FALSE,"---",0
"NPVF_NPFFR2",FALSE,FALSE,FALSE,"---",0
"OSTN_NPR3",FALSE,FALSE,FALSE,"---",0
"PMCH_MERTK",FALSE,FALSE,FALSE,"---",0
"PROS1_AXL",TRUE,FALSE,FALSE,"3--",1
"PROS1_TYRO3",FALSE,FALSE,FALSE,"---",0
"PSAP_GPR37L1",FALSE,FALSE,FALSE,"---",0
"PSAP_GPR37",FALSE,FALSE,FALSE,"---",0
"PTH_PTH1R",FALSE,FALSE,FALSE,"---",0
"PTH_PTH2R",FALSE,FALSE,FALSE,"---",0
"PTH2_PTH1R",FALSE,FALSE,FALSE,"---",0
"PTH2_PTH2R",FALSE,FALSE,FALSE,"---",0
"PTHLH_PTH1R",FALSE,FALSE,FALSE,"---",0
"QRFP_QRFPR",FALSE,FALSE,FALSE,"---",0
"RARRES2_GPR1",FALSE,FALSE,FALSE,"---",0
"RARRES2_CMKLR1",FALSE,FALSE,FALSE,"---",0
"RLN1_RXFP2",FALSE,FALSE,FALSE,"---",0
"RLN1_RXFP1",FALSE,FALSE,FALSE,"---",0
"RLN1_RXFP3",FALSE,FALSE,FALSE,"---",0
"RLN1_RXFP4",FALSE,FALSE,FALSE,"---",0
"RLN3_RXFP3",FALSE,FALSE,FALSE,"---",0
"RLN3_RXFP1",FALSE,FALSE,FALSE,"---",0
"RLN3_RXFP4",FALSE,FALSE,FALSE,"---",0
"RLN3_RXFP2",FALSE,FALSE,FALSE,"---",0
"SAA2_FPR2",FALSE,FALSE,FALSE,"---",0
"SCGB3A2_MARCO",FALSE,FALSE,FALSE,"---",0
"SCT_SCTR",FALSE,FALSE,FALSE,"---",0
"SLURP1_CHRNB1",FALSE,FALSE,FALSE,"---",0
"SLURP1_CHRNB2",FALSE,FALSE,FALSE,"---",0
"SLURP1_CHRNB3",FALSE,FALSE,FALSE,"---",0
"SLURP1_CHRNB4",FALSE,FALSE,FALSE,"---",0
"SLURP1_CHRNA1",FALSE,FALSE,FALSE,"---",0
"SLURP1_CHRNA2",FALSE,FALSE,FALSE,"---",0
"SLURP1_CHRNA3",FALSE,FALSE,FALSE,"---",0
"SLURP1_CHRNA4",FALSE,FALSE,FALSE,"---",0
"SLURP1_CHRNA5",FALSE,FALSE,FALSE,"---",0
"SLURP1_CHRNA6",FALSE,FALSE,FALSE,"---",0
"SLURP1_CHRNA9",FALSE,FALSE,FALSE,"---",0
"SLURP1_CHRNA10",FALSE,FALSE,FALSE,"---",0
"SLURP1_CHRND",FALSE,FALSE,FALSE,"---",0
"SLURP1_CHRNE",FALSE,FALSE,FALSE,"---",0
"SLURP1_CHRNG",FALSE,FALSE,FALSE,"---",0
"SLURP1_CHRNA7",FALSE,FALSE,FALSE,"---",0
"SLURP2_CHRNB1",FALSE,FALSE,FALSE,"---",0
"SLURP2_CHRNB2",FALSE,FALSE,FALSE,"---",0
"SLURP2_CHRNB3",FALSE,FALSE,FALSE,"---",0
"SLURP2_CHRNB4",FALSE,FALSE,FALSE,"---",0
"SLURP2_CHRNA1",FALSE,FALSE,FALSE,"---",0
"SLURP2_CHRNA2",FALSE,FALSE,FALSE,"---",0
"SLURP2_CHRNA3",FALSE,FALSE,FALSE,"---",0
"SLURP2_CHRNA4",FALSE,FALSE,FALSE,"---",0
"SLURP2_CHRNA5",FALSE,FALSE,FALSE,"---",0
"SLURP2_CHRNA6",FALSE,FALSE,FALSE,"---",0
"SLURP2_CHRNA7",FALSE,FALSE,FALSE,"---",0
"SLURP2_CHRNA9",FALSE,FALSE,FALSE,"---",0
"SLURP2_CHRNA10",FALSE,FALSE,FALSE,"---",0
"SLURP2_CHRND",FALSE,FALSE,FALSE,"---",0
"SLURP2_CHRNE",FALSE,FALSE,FALSE,"---",0
"SLURP2_CHRNG",FALSE,FALSE,FALSE,"---",0
"BTLA_TNFRSF14",FALSE,FALSE,FALSE,"---",0
"TRH_TRHR",FALSE,FALSE,FALSE,"---",0
"TRH_TRHR2",FALSE,FALSE,FALSE,"---",0
"UCN_CRHR1",FALSE,FALSE,FALSE,"---",0
"UCN_CRHR2",FALSE,FALSE,FALSE,"---",0
"UCN2_CRHR1",FALSE,FALSE,FALSE,"---",0
"UCN2_CRHR2",FALSE,FALSE,FALSE,"---",0
"UCN3_CRHR1",FALSE,FALSE,FALSE,"---",0
"UCN3_CRHR2",FALSE,FALSE,FALSE,"---",0
"UTS2B_UTS2R",FALSE,FALSE,FALSE,"---",0
"UTS2B_SSTR5",FALSE,FALSE,FALSE,"---",0
"BAG6_NCR3-PS",FALSE,FALSE,FALSE,"---",0
"LGALS9_HAVCR2",FALSE,FALSE,FALSE,"---",0
"LGALS9_CD44",FALSE,FALSE,FALSE,"---",0
"COL1A1_ITGA1_ITGB1",FALSE,FALSE,FALSE,"---",0
"COL1A2_ITGA1_ITGB1",FALSE,FALSE,FALSE,"---",0
"COL2A1_ITGA1_ITGB1",FALSE,FALSE,FALSE,"---",0
"COL4A1_ITGA1_ITGB1",FALSE,FALSE,FALSE,"---",0
"COL4A2_ITGA1_ITGB1",FALSE,FALSE,FALSE,"---",0
"COL4A3_ITGA1_ITGB1",FALSE,FALSE,FALSE,"---",0
"COL4A4_ITGA1_ITGB1",FALSE,FALSE,FALSE,"---",0
"COL4A5_ITGA1_ITGB1",FALSE,FALSE,FALSE,"---",0
"COL4A6_ITGA1_ITGB1",FALSE,FALSE,FALSE,"---",0
"COL6A1_ITGA1_ITGB1",FALSE,FALSE,FALSE,"---",0
"COL6A2_ITGA1_ITGB1",FALSE,FALSE,FALSE,"---",0
"COL6A3_ITGA1_ITGB1",FALSE,FALSE,FALSE,"---",0
"COL6A4_ITGA1_ITGB1",FALSE,FALSE,FALSE,"---",0
"COL6A5_ITGA1_ITGB1",FALSE,FALSE,FALSE,"---",0
"COL6A6_ITGA1_ITGB1",FALSE,FALSE,FALSE,"---",0
"COL9A1_ITGA1_ITGB1",FALSE,FALSE,FALSE,"---",0
"COL9A2_ITGA1_ITGB1",FALSE,FALSE,FALSE,"---",0
"COL9A3_ITGA1_ITGB1",FALSE,FALSE,FALSE,"---",0
"COL1A1_ITGA2_ITGB1",FALSE,FALSE,FALSE,"---",0
"COL1A2_ITGA2_ITGB1",FALSE,FALSE,FALSE,"---",0
"COL2A1_ITGA2_ITGB1",FALSE,FALSE,FALSE,"---",0
"COL4A1_ITGA2_ITGB1",FALSE,FALSE,FALSE,"---",0
"COL4A2_ITGA2_ITGB1",FALSE,FALSE,FALSE,"---",0
"COL4A3_ITGA2_ITGB1",FALSE,FALSE,FALSE,"---",0
"COL4A4_ITGA2_ITGB1",FALSE,FALSE,FALSE,"---",0
"COL4A5_ITGA2_ITGB1",FALSE,FALSE,FALSE,"---",0
"COL4A6_ITGA2_ITGB1",FALSE,FALSE,FALSE,"---",0
"COL6A1_ITGA2_ITGB1",FALSE,FALSE,FALSE,"---",0
"COL6A2_ITGA2_ITGB1",FALSE,FALSE,FALSE,"---",0
"COL6A3_ITGA2_ITGB1",FALSE,FALSE,FALSE,"---",0
"COL6A4_ITGA2_ITGB1",FALSE,FALSE,FALSE,"---",0
"COL6A5_ITGA2_ITGB1",FALSE,FALSE,FALSE,"---",0
"COL6A6_ITGA2_ITGB1",FALSE,FALSE,FALSE,"---",0
"COL9A1_ITGA2_ITGB1",FALSE,FALSE,FALSE,"---",0
"COL9A2_ITGA2_ITGB1",FALSE,FALSE,FALSE,"---",0
"COL9A3_ITGA2_ITGB1",FALSE,FALSE,FALSE,"---",0
"FN1_ITGA3_ITGB1",TRUE,FALSE,FALSE,"3--",1
"FN1_ITGA4_ITGB1",FALSE,TRUE,TRUE,"-1224",2
"FN1_ITGA5_ITGB1",FALSE,FALSE,FALSE,"---",0
"FN1_ITGA8_ITGB1",TRUE,TRUE,TRUE,"31224",3
"LAMA1_ITGA1_ITGB1",FALSE,FALSE,FALSE,"---",0
"LAMA2_ITGA1_ITGB1",FALSE,FALSE,FALSE,"---",0
"LAMA3_ITGA1_ITGB1",FALSE,FALSE,FALSE,"---",0
"LAMA4_ITGA1_ITGB1",FALSE,FALSE,FALSE,"---",0
"LAMA5_ITGA1_ITGB1",FALSE,FALSE,FALSE,"---",0
"LAMB1_ITGA1_ITGB1",FALSE,FALSE,FALSE,"---",0
"LAMB2_ITGA1_ITGB1",FALSE,FALSE,FALSE,"---",0
"LAMB3_ITGA1_ITGB1",FALSE,FALSE,FALSE,"---",0
"LAMC1_ITGA1_ITGB1",FALSE,FALSE,FALSE,"---",0
"LAMC2_ITGA1_ITGB1",FALSE,FALSE,FALSE,"---",0
"LAMC3_ITGA1_ITGB1",FALSE,FALSE,FALSE,"---",0
"LAMA1_ITGA2_ITGB1",FALSE,FALSE,FALSE,"---",0
"LAMA2_ITGA2_ITGB1",FALSE,FALSE,FALSE,"---",0
"LAMA3_ITGA2_ITGB1",FALSE,FALSE,FALSE,"---",0
"LAMA4_ITGA2_ITGB1",FALSE,FALSE,FALSE,"---",0
"LAMA5_ITGA2_ITGB1",FALSE,FALSE,FALSE,"---",0
"LAMB1_ITGA2_ITGB1",FALSE,FALSE,FALSE,"---",0
"LAMB2_ITGA2_ITGB1",FALSE,FALSE,FALSE,"---",0
"LAMB3_ITGA2_ITGB1",FALSE,FALSE,FALSE,"---",0
"LAMC1_ITGA2_ITGB1",FALSE,FALSE,FALSE,"---",0
"LAMC2_ITGA2_ITGB1",FALSE,FALSE,FALSE,"---",0
"LAMC3_ITGA2_ITGB1",FALSE,FALSE,FALSE,"---",0
"CHAD_ITGA2_ITGB1",FALSE,FALSE,FALSE,"---",0
"LAMA1_ITGA3_ITGB1",FALSE,FALSE,FALSE,"---",0
"LAMA2_ITGA3_ITGB1",TRUE,FALSE,FALSE,"3--",1
"LAMA3_ITGA3_ITGB1",FALSE,FALSE,FALSE,"---",0
"LAMA4_ITGA3_ITGB1",TRUE,FALSE,FALSE,"3--",1
"LAMA5_ITGA3_ITGB1",TRUE,FALSE,FALSE,"3--",1
"LAMB1_ITGA3_ITGB1",TRUE,FALSE,FALSE,"3--",1
"LAMB2_ITGA3_ITGB1",FALSE,FALSE,FALSE,"---",0
"LAMB3_ITGA3_ITGB1",FALSE,FALSE,FALSE,"---",0
"LAMC1_ITGA3_ITGB1",TRUE,FALSE,FALSE,"3--",1
"LAMC2_ITGA3_ITGB1",FALSE,FALSE,FALSE,"---",0
"LAMC3_ITGA3_ITGB1",TRUE,FALSE,FALSE,"3--",1
"RELN_ITGA3_ITGB1",FALSE,FALSE,FALSE,"---",0
"THBS1_ITGA3_ITGB1",FALSE,FALSE,FALSE,"---",0
"THBS2_ITGA3_ITGB1",FALSE,FALSE,FALSE,"---",0
"THBS3_ITGA3_ITGB1",FALSE,FALSE,FALSE,"---",0
"THBS4_ITGA3_ITGB1",FALSE,FALSE,FALSE,"---",0
"COMP_ITGA3_ITGB1",FALSE,FALSE,FALSE,"---",0
"COL1A1_ITGA3_ITGB1",FALSE,FALSE,FALSE,"---",0
"COL1A2_ITGA3_ITGB1",TRUE,FALSE,FALSE,"3--",1
"COL2A1_ITGA3_ITGB1",FALSE,FALSE,FALSE,"---",0
"COL4A1_ITGA3_ITGB1",FALSE,FALSE,FALSE,"---",0
"COL4A2_ITGA3_ITGB1",FALSE,FALSE,FALSE,"---",0
"COL4A3_ITGA3_ITGB1",TRUE,FALSE,FALSE,"3--",1
"COL4A4_ITGA3_ITGB1",FALSE,FALSE,FALSE,"---",0
"COL4A5_ITGA3_ITGB1",TRUE,FALSE,FALSE,"3--",1
"COL4A6_ITGA3_ITGB1",FALSE,FALSE,FALSE,"---",0
"COL6A1_ITGA3_ITGB1",FALSE,FALSE,FALSE,"---",0
"COL6A2_ITGA3_ITGB1",FALSE,FALSE,FALSE,"---",0
"COL6A3_ITGA3_ITGB1",FALSE,FALSE,FALSE,"---",0
"COL6A4_ITGA3_ITGB1",FALSE,FALSE,FALSE,"---",0
"COL6A5_ITGA3_ITGB1",FALSE,FALSE,FALSE,"---",0
"COL6A6_ITGA3_ITGB1",FALSE,FALSE,FALSE,"---",0
"COL9A1_ITGA3_ITGB1",FALSE,FALSE,FALSE,"---",0
"COL9A2_ITGA3_ITGB1",FALSE,FALSE,FALSE,"---",0
"COL9A3_ITGA3_ITGB1",FALSE,FALSE,FALSE,"---",0
"LAMA1_ITGA6_ITGB1",FALSE,FALSE,FALSE,"---",0
"LAMA2_ITGA6_ITGB1",TRUE,TRUE,FALSE,"312-",2
"LAMA3_ITGA6_ITGB1",FALSE,FALSE,FALSE,"---",0
"LAMA4_ITGA6_ITGB1",TRUE,TRUE,FALSE,"312-",2
"LAMA5_ITGA6_ITGB1",TRUE,TRUE,FALSE,"312-",2
"LAMB1_ITGA6_ITGB1",TRUE,TRUE,FALSE,"312-",2
"LAMB2_ITGA6_ITGB1",FALSE,TRUE,FALSE,"-12-",1
"LAMB3_ITGA6_ITGB1",FALSE,FALSE,FALSE,"---",0
"LAMC1_ITGA6_ITGB1",TRUE,TRUE,FALSE,"312-",2
"LAMC2_ITGA6_ITGB1",FALSE,FALSE,FALSE,"---",0
"LAMC3_ITGA6_ITGB1",TRUE,TRUE,FALSE,"312-",2
"LAMA1_ITGA7_ITGB1",FALSE,FALSE,FALSE,"---",0
"LAMA2_ITGA7_ITGB1",FALSE,FALSE,FALSE,"---",0
"LAMA3_ITGA7_ITGB1",FALSE,FALSE,FALSE,"---",0
"LAMA4_ITGA7_ITGB1",FALSE,FALSE,FALSE,"---",0
"LAMA5_ITGA7_ITGB1",FALSE,FALSE,FALSE,"---",0
"LAMB1_ITGA7_ITGB1",FALSE,FALSE,FALSE,"---",0
"LAMB2_ITGA7_ITGB1",FALSE,FALSE,FALSE,"---",0
"LAMB3_ITGA7_ITGB1",FALSE,FALSE,FALSE,"---",0
"LAMC1_ITGA7_ITGB1",FALSE,FALSE,FALSE,"---",0
"LAMC2_ITGA7_ITGB1",FALSE,FALSE,FALSE,"---",0
"LAMC3_ITGA7_ITGB1",FALSE,FALSE,FALSE,"---",0
"VTN_ITGA8_ITGB1",FALSE,FALSE,FALSE,"---",0
"TNC_ITGA8_ITGB1",FALSE,FALSE,FALSE,"---",0
"TNR_ITGA8_ITGB1",FALSE,FALSE,FALSE,"---",0
"TNN_ITGA8_ITGB1",FALSE,FALSE,FALSE,"---",0
"TNXB_ITGA8_ITGB1",FALSE,FALSE,FALSE,"---",0
"NPNT1_ITGA8_ITGB1",FALSE,FALSE,FALSE,"---",0
"NPNT2_ITGA8_ITGB1",FALSE,FALSE,FALSE,"---",0
"TNC_ITGA9_ITGB1",FALSE,FALSE,FALSE,"---",0
"TNR_ITGA9_ITGB1",FALSE,FALSE,FALSE,"---",0
"TNN_ITGA9_ITGB1",FALSE,FALSE,FALSE,"---",0
"TNXB_ITGA9_ITGB1",FALSE,FALSE,FALSE,"---",0
"COL1A1_ITGA9_ITGB1",FALSE,FALSE,FALSE,"---",0
"COL1A2_ITGA9_ITGB1",TRUE,FALSE,FALSE,"3--",1
"COL2A1_ITGA9_ITGB1",FALSE,FALSE,FALSE,"---",0
"COL4A1_ITGA9_ITGB1",FALSE,FALSE,FALSE,"---",0
"COL4A2_ITGA9_ITGB1",FALSE,FALSE,FALSE,"---",0
"COL4A3_ITGA9_ITGB1",TRUE,TRUE,TRUE,"31224",3
"COL4A4_ITGA9_ITGB1",FALSE,TRUE,TRUE,"-1224",2
"COL4A5_ITGA9_ITGB1",TRUE,TRUE,TRUE,"31224",3
"COL4A6_ITGA9_ITGB1",FALSE,FALSE,FALSE,"---",0
"COL6A1_ITGA9_ITGB1",FALSE,FALSE,FALSE,"---",0
"COL6A2_ITGA9_ITGB1",FALSE,FALSE,FALSE,"---",0
"COL6A3_ITGA9_ITGB1",FALSE,FALSE,FALSE,"---",0
"COL6A4_ITGA9_ITGB1",FALSE,FALSE,FALSE,"---",0
"COL6A5_ITGA9_ITGB1",FALSE,FALSE,FALSE,"---",0
"COL6A6_ITGA9_ITGB1",FALSE,FALSE,FALSE,"---",0
"COL9A1_ITGA9_ITGB1",FALSE,FALSE,FALSE,"---",0
"COL9A2_ITGA9_ITGB1",FALSE,FALSE,FALSE,"---",0
"COL9A3_ITGA9_ITGB1",FALSE,TRUE,FALSE,"-12-",1
"LAMA1_ITGA9_ITGB1",FALSE,FALSE,FALSE,"---",0
"LAMA2_ITGA9_ITGB1",TRUE,TRUE,TRUE,"31224",3
"LAMA3_ITGA9_ITGB1",FALSE,FALSE,FALSE,"---",0
"LAMA4_ITGA9_ITGB1",TRUE,TRUE,TRUE,"31224",3
"LAMA5_ITGA9_ITGB1",TRUE,TRUE,FALSE,"312-",2
"LAMB1_ITGA9_ITGB1",TRUE,TRUE,TRUE,"31224",3
"LAMB2_ITGA9_ITGB1",FALSE,TRUE,FALSE,"-12-",1
"LAMB3_ITGA9_ITGB1",FALSE,FALSE,FALSE,"---",0
"LAMC1_ITGA9_ITGB1",TRUE,TRUE,TRUE,"31224",3
"LAMC2_ITGA9_ITGB1",FALSE,FALSE,FALSE,"---",0
"LAMC3_ITGA9_ITGB1",TRUE,TRUE,FALSE,"312-",2
"COL1A1_ITGA10_ITGB1",FALSE,FALSE,FALSE,"---",0
"COL1A2_ITGA10_ITGB1",TRUE,FALSE,FALSE,"3--",1
"COL2A1_ITGA10_ITGB1",FALSE,FALSE,FALSE,"---",0
"COL4A1_ITGA10_ITGB1",FALSE,FALSE,FALSE,"---",0
"COL4A2_ITGA10_ITGB1",FALSE,FALSE,FALSE,"---",0
"COL4A3_ITGA10_ITGB1",TRUE,FALSE,FALSE,"3--",1
"COL4A4_ITGA10_ITGB1",FALSE,FALSE,FALSE,"---",0
"COL4A5_ITGA10_ITGB1",TRUE,FALSE,FALSE,"3--",1
"COL4A6_ITGA10_ITGB1",FALSE,FALSE,FALSE,"---",0
"COL6A1_ITGA10_ITGB1",FALSE,FALSE,FALSE,"---",0
"COL6A2_ITGA10_ITGB1",FALSE,FALSE,FALSE,"---",0
"COL6A3_ITGA10_ITGB1",FALSE,FALSE,FALSE,"---",0
"COL6A4_ITGA10_ITGB1",FALSE,FALSE,FALSE,"---",0
"COL6A5_ITGA10_ITGB1",FALSE,FALSE,FALSE,"---",0
"COL6A6_ITGA10_ITGB1",FALSE,FALSE,FALSE,"---",0
"COL9A1_ITGA10_ITGB1",FALSE,FALSE,FALSE,"---",0
"COL9A2_ITGA10_ITGB1",FALSE,FALSE,FALSE,"---",0
"COL9A3_ITGA10_ITGB1",FALSE,FALSE,FALSE,"---",0
"COL1A1_ITGA11_ITGB1",FALSE,FALSE,FALSE,"---",0
"COL1A2_ITGA11_ITGB1",FALSE,FALSE,FALSE,"---",0
"COL2A1_ITGA11_ITGB1",FALSE,FALSE,FALSE,"---",0
"COL4A1_ITGA11_ITGB1",FALSE,FALSE,FALSE,"---",0
"COL4A2_ITGA11_ITGB1",FALSE,FALSE,FALSE,"---",0
"COL4A3_ITGA11_ITGB1",FALSE,FALSE,FALSE,"---",0
"COL4A4_ITGA11_ITGB1",FALSE,FALSE,FALSE,"---",0
"COL4A5_ITGA11_ITGB1",FALSE,FALSE,FALSE,"---",0
"COL4A6_ITGA11_ITGB1",FALSE,FALSE,FALSE,"---",0
"COL6A1_ITGA11_ITGB1",FALSE,FALSE,FALSE,"---",0
"COL6A2_ITGA11_ITGB1",FALSE,FALSE,FALSE,"---",0
"COL6A3_ITGA11_ITGB1",FALSE,FALSE,FALSE,"---",0
"COL6A4_ITGA11_ITGB1",FALSE,FALSE,FALSE,"---",0
"COL6A5_ITGA11_ITGB1",FALSE,FALSE,FALSE,"---",0
"COL6A6_ITGA11_ITGB1",FALSE,FALSE,FALSE,"---",0
"COL9A1_ITGA11_ITGB1",FALSE,FALSE,FALSE,"---",0
"COL9A2_ITGA11_ITGB1",FALSE,FALSE,FALSE,"---",0
"COL9A3_ITGA11_ITGB1",FALSE,FALSE,FALSE,"---",0
"FN1_ITGAV_ITGB1",TRUE,TRUE,FALSE,"312-",2
"VTN_ITGAV_ITGB1",FALSE,FALSE,FALSE,"---",0
"DSPP_ITGAV_ITGB1",FALSE,FALSE,FALSE,"---",0
"FN1_ITGA4_ITGB7",FALSE,FALSE,FALSE,"---",0
"FN1_ITGAV_ITGB3",FALSE,FALSE,FALSE,"---",0
"VTN_ITGAV_ITGB3",FALSE,FALSE,FALSE,"---",0
"VWF_ITGAV_ITGB3",FALSE,FALSE,FALSE,"---",0
"TNC_ITGAV_ITGB3",FALSE,FALSE,FALSE,"---",0
"TNR_ITGAV_ITGB3",FALSE,FALSE,FALSE,"---",0
"TNN_ITGAV_ITGB3",FALSE,FALSE,FALSE,"---",0
"TNXB_ITGAV_ITGB3",FALSE,FALSE,FALSE,"---",0
"IBSP_ITGAV_ITGB3",FALSE,FALSE,FALSE,"---",0
"THBS1_ITGAV_ITGB3",FALSE,FALSE,FALSE,"---",0
"THBS2_ITGAV_ITGB3",FALSE,FALSE,FALSE,"---",0
"THBS3_ITGAV_ITGB3",FALSE,FALSE,FALSE,"---",0
"THBS4_ITGAV_ITGB3",FALSE,FALSE,FALSE,"---",0
"COMP_ITGAV_ITGB3",FALSE,FALSE,FALSE,"---",0
"DMP1_ITGAV_ITGB3",FALSE,FALSE,FALSE,"---",0
"FN1_ITGA2B_ITGB3",FALSE,FALSE,FALSE,"---",0
"VTN_ITGA2B_ITGB3",FALSE,FALSE,FALSE,"---",0
"VWF_ITGA2B_ITGB3",FALSE,FALSE,FALSE,"---",0
"TNC_ITGA2B_ITGB3",FALSE,FALSE,FALSE,"---",0
"TNR_ITGA2B_ITGB3",FALSE,FALSE,FALSE,"---",0
"TNN_ITGA2B_ITGB3",FALSE,FALSE,FALSE,"---",0
"TNXB_ITGA2B_ITGB3",FALSE,FALSE,FALSE,"---",0
"VTN_ITGAV_ITGB5",FALSE,FALSE,FALSE,"---",0
"IBSP_ITGAV_ITGB5",FALSE,FALSE,FALSE,"---",0
"TNC_ITGAV_ITGB6",FALSE,FALSE,FALSE,"---",0
"TNR_ITGAV_ITGB6",FALSE,FALSE,FALSE,"---",0
"TNN_ITGAV_ITGB6",FALSE,FALSE,FALSE,"---",0
"TNXB_ITGAV_ITGB6",FALSE,FALSE,FALSE,"---",0
"FN1_ITGAV_ITGB6",FALSE,FALSE,FALSE,"---",0
"DSPP_ITGAV_ITGB6",FALSE,FALSE,FALSE,"---",0
"VTN_ITGAV_ITGB8",FALSE,FALSE,FALSE,"---",0
"FN1_ITGAV_ITGB8",TRUE,TRUE,FALSE,"312-",2
"LAMA1_ITGAV_ITGB8",FALSE,FALSE,FALSE,"---",0
"LAMA2_ITGAV_ITGB8",TRUE,TRUE,FALSE,"312-",2
"LAMA3_ITGAV_ITGB8",FALSE,FALSE,FALSE,"---",0
"LAMA4_ITGAV_ITGB8",TRUE,TRUE,FALSE,"312-",2
"LAMA5_ITGAV_ITGB8",TRUE,TRUE,FALSE,"312-",2
"LAMB1_ITGAV_ITGB8",TRUE,TRUE,FALSE,"312-",2
"LAMB2_ITGAV_ITGB8",FALSE,TRUE,FALSE,"-12-",1
"LAMB3_ITGAV_ITGB8",FALSE,FALSE,FALSE,"---",0
"LAMC1_ITGAV_ITGB8",TRUE,TRUE,FALSE,"312-",2
"LAMC2_ITGAV_ITGB8",FALSE,FALSE,FALSE,"---",0
"LAMC3_ITGAV_ITGB8",TRUE,TRUE,FALSE,"312-",2
"COL1A1_ITGAV_ITGB8",FALSE,FALSE,FALSE,"---",0
"COL1A2_ITGAV_ITGB8",TRUE,FALSE,FALSE,"3--",1
"COL2A1_ITGAV_ITGB8",FALSE,FALSE,FALSE,"---",0
"COL4A1_ITGAV_ITGB8",FALSE,FALSE,FALSE,"---",0
"COL4A2_ITGAV_ITGB8",FALSE,FALSE,FALSE,"---",0
"COL4A3_ITGAV_ITGB8",TRUE,TRUE,FALSE,"312-",2
"COL4A4_ITGAV_ITGB8",FALSE,TRUE,FALSE,"-12-",1
"COL4A5_ITGAV_ITGB8",TRUE,TRUE,FALSE,"312-",2
"COL4A6_ITGAV_ITGB8",FALSE,FALSE,FALSE,"---",0
"COL6A1_ITGAV_ITGB8",FALSE,FALSE,FALSE,"---",0
"COL6A2_ITGAV_ITGB8",FALSE,FALSE,FALSE,"---",0
"COL6A3_ITGAV_ITGB8",FALSE,FALSE,FALSE,"---",0
"COL6A4_ITGAV_ITGB8",FALSE,FALSE,FALSE,"---",0
"COL6A5_ITGAV_ITGB8",FALSE,FALSE,FALSE,"---",0
"COL6A6_ITGAV_ITGB8",FALSE,FALSE,FALSE,"---",0
"COL9A1_ITGAV_ITGB8",FALSE,FALSE,FALSE,"---",0
"COL9A2_ITGAV_ITGB8",FALSE,FALSE,FALSE,"---",0
"COL9A3_ITGAV_ITGB8",FALSE,TRUE,FALSE,"-12-",1
"LAMA1_ITGA6_ITGB4",FALSE,FALSE,FALSE,"---",0
"LAMA2_ITGA6_ITGB4",FALSE,FALSE,FALSE,"---",0
"LAMA3_ITGA6_ITGB4",FALSE,FALSE,FALSE,"---",0
"LAMA4_ITGA6_ITGB4",FALSE,FALSE,FALSE,"---",0
"LAMA5_ITGA6_ITGB4",FALSE,FALSE,FALSE,"---",0
"LAMB1_ITGA6_ITGB4",FALSE,FALSE,FALSE,"---",0
"LAMB2_ITGA6_ITGB4",FALSE,FALSE,FALSE,"---",0
"LAMB3_ITGA6_ITGB4",FALSE,FALSE,FALSE,"---",0
"LAMC1_ITGA6_ITGB4",FALSE,FALSE,FALSE,"---",0
"LAMC2_ITGA6_ITGB4",FALSE,FALSE,FALSE,"---",0
"LAMC3_ITGA6_ITGB4",FALSE,FALSE,FALSE,"---",0
"FN1_CD44",FALSE,FALSE,FALSE,"---",0
"COL1A1_CD44",FALSE,FALSE,FALSE,"---",0
"COL1A2_CD44",FALSE,FALSE,FALSE,"---",0
"COL2A1_CD44",FALSE,FALSE,FALSE,"---",0
"COL4A1_CD44",FALSE,FALSE,FALSE,"---",0
"COL4A2_CD44",FALSE,FALSE,FALSE,"---",0
"COL4A3_CD44",FALSE,FALSE,FALSE,"---",0
"COL4A4_CD44",FALSE,FALSE,FALSE,"---",0
"COL4A5_CD44",FALSE,FALSE,FALSE,"---",0
"COL4A6_CD44",FALSE,FALSE,FALSE,"---",0
"COL6A1_CD44",FALSE,FALSE,FALSE,"---",0
"COL6A2_CD44",FALSE,FALSE,FALSE,"---",0
"COL6A3_CD44",FALSE,FALSE,FALSE,"---",0
"COL6A4_CD44",FALSE,FALSE,FALSE,"---",0
"COL6A5_CD44",FALSE,FALSE,FALSE,"---",0
"COL6A6_CD44",FALSE,FALSE,FALSE,"---",0
"COL9A1_CD44",FALSE,FALSE,FALSE,"---",0
"COL9A2_CD44",FALSE,FALSE,FALSE,"---",0
"COL9A3_CD44",FALSE,FALSE,FALSE,"---",0
"LAMA1_CD44",FALSE,FALSE,FALSE,"---",0
"LAMA2_CD44",FALSE,FALSE,FALSE,"---",0
"LAMA3_CD44",FALSE,FALSE,FALSE,"---",0
"LAMA4_CD44",FALSE,FALSE,FALSE,"---",0
"LAMA5_CD44",FALSE,FALSE,FALSE,"---",0
"LAMB1_CD44",FALSE,FALSE,FALSE,"---",0
"LAMB2_CD44",FALSE,FALSE,FALSE,"---",0
"LAMB3_CD44",FALSE,FALSE,FALSE,"---",0
"LAMC1_CD44",FALSE,FALSE,FALSE,"---",0
"LAMC2_CD44",FALSE,FALSE,FALSE,"---",0
"LAMC3_CD44",FALSE,FALSE,FALSE,"---",0
"COL1A1_SDC1",FALSE,FALSE,FALSE,"---",0
"COL1A2_SDC1",FALSE,FALSE,FALSE,"---",0
"COL2A1_SDC1",FALSE,FALSE,FALSE,"---",0
"COL4A1_SDC1",FALSE,FALSE,FALSE,"---",0
"COL4A2_SDC1",FALSE,FALSE,FALSE,"---",0
"COL4A3_SDC1",FALSE,FALSE,FALSE,"---",0
"COL4A4_SDC1",FALSE,FALSE,FALSE,"---",0
"COL4A5_SDC1",FALSE,FALSE,FALSE,"---",0
"COL4A6_SDC1",FALSE,FALSE,FALSE,"---",0
"COL6A1_SDC1",FALSE,FALSE,FALSE,"---",0
"COL6A2_SDC1",FALSE,FALSE,FALSE,"---",0
"COL6A3_SDC1",FALSE,FALSE,FALSE,"---",0
"COL6A4_SDC1",FALSE,FALSE,FALSE,"---",0
"COL6A5_SDC1",FALSE,FALSE,FALSE,"---",0
"COL6A6_SDC1",FALSE,FALSE,FALSE,"---",0
"COL9A1_SDC1",FALSE,FALSE,FALSE,"---",0
"COL9A2_SDC1",FALSE,FALSE,FALSE,"---",0
"COL9A3_SDC1",FALSE,FALSE,FALSE,"---",0
"FN1_SDC1",FALSE,FALSE,FALSE,"---",0
"TNC_SDC1",FALSE,FALSE,FALSE,"---",0
"TNR_SDC1",FALSE,FALSE,FALSE,"---",0
"TNN_SDC1",FALSE,FALSE,FALSE,"---",0
"TNXB_SDC1",FALSE,FALSE,FALSE,"---",0
"THBS1_SDC1",FALSE,FALSE,FALSE,"---",0
"THBS2_SDC1",FALSE,FALSE,FALSE,"---",0
"THBS3_SDC1",FALSE,FALSE,FALSE,"---",0
"THBS4_SDC1",FALSE,FALSE,FALSE,"---",0
"COMP_SDC1",FALSE,FALSE,FALSE,"---",0
"COL1A1_SDC4",FALSE,FALSE,FALSE,"---",0
"COL1A2_SDC4",FALSE,FALSE,FALSE,"---",0
"COL2A1_SDC4",FALSE,FALSE,FALSE,"---",0
"COL4A1_SDC4",FALSE,FALSE,FALSE,"---",0
"COL4A2_SDC4",FALSE,FALSE,FALSE,"---",0
"COL4A3_SDC4",FALSE,FALSE,FALSE,"---",0
"COL4A4_SDC4",FALSE,FALSE,FALSE,"---",0
"COL4A5_SDC4",FALSE,FALSE,FALSE,"---",0
"COL4A6_SDC4",FALSE,FALSE,FALSE,"---",0
"COL6A1_SDC4",FALSE,FALSE,FALSE,"---",0
"COL6A2_SDC4",FALSE,FALSE,FALSE,"---",0
"COL6A3_SDC4",FALSE,FALSE,FALSE,"---",0
"COL6A4_SDC4",FALSE,FALSE,FALSE,"---",0
"COL6A5_SDC4",FALSE,FALSE,FALSE,"---",0
"COL6A6_SDC4",FALSE,FALSE,FALSE,"---",0
"COL9A1_SDC4",FALSE,FALSE,FALSE,"---",0
"COL9A2_SDC4",FALSE,FALSE,FALSE,"---",0
"COL9A3_SDC4",FALSE,FALSE,FALSE,"---",0
"FN1_SDC4",FALSE,FALSE,FALSE,"---",0
"TNC_SDC4",FALSE,FALSE,FALSE,"---",0
"TNR_SDC4",FALSE,FALSE,FALSE,"---",0
"TNN_SDC4",FALSE,FALSE,FALSE,"---",0
"TNXB_SDC4",FALSE,FALSE,FALSE,"---",0
"THBS1_SDC4",FALSE,FALSE,FALSE,"---",0
"THBS2_SDC4",FALSE,FALSE,FALSE,"---",0
"THBS3_SDC4",FALSE,FALSE,FALSE,"---",0
"THBS4_SDC4",FALSE,FALSE,FALSE,"---",0
"COMP_SDC4",FALSE,FALSE,FALSE,"---",0
"LAMA1_SV2A",FALSE,FALSE,FALSE,"---",0
"LAMA2_SV2A",TRUE,FALSE,FALSE,"3--",1
"LAMA3_SV2A",FALSE,FALSE,FALSE,"---",0
"LAMA4_SV2A",TRUE,FALSE,FALSE,"3--",1
"LAMA5_SV2A",TRUE,FALSE,FALSE,"3--",1
"LAMB1_SV2A",TRUE,FALSE,FALSE,"3--",1
"LAMB2_SV2A",FALSE,FALSE,FALSE,"---",0
"LAMB3_SV2A",FALSE,FALSE,FALSE,"---",0
"LAMC1_SV2A",TRUE,FALSE,FALSE,"3--",1
"LAMC2_SV2A",FALSE,FALSE,FALSE,"---",0
"LAMC3_SV2A",TRUE,FALSE,FALSE,"3--",1
"LAMA1_SV2B",FALSE,FALSE,FALSE,"---",0
"LAMA2_SV2B",TRUE,FALSE,FALSE,"3--",1
"LAMA3_SV2B",FALSE,FALSE,FALSE,"---",0
"LAMA4_SV2B",TRUE,FALSE,FALSE,"3--",1
"LAMA5_SV2B",TRUE,FALSE,FALSE,"3--",1
"LAMB1_SV2B",TRUE,FALSE,FALSE,"3--",1
"LAMB2_SV2B",FALSE,FALSE,FALSE,"---",0
"LAMB3_SV2B",FALSE,FALSE,FALSE,"---",0
"LAMC1_SV2B",TRUE,FALSE,FALSE,"3--",1
"LAMC2_SV2B",FALSE,FALSE,FALSE,"---",0
"LAMC3_SV2B",TRUE,FALSE,FALSE,"3--",1
"LAMA1_SV2C",FALSE,FALSE,FALSE,"---",0
"LAMA2_SV2C",TRUE,FALSE,FALSE,"3--",1
"LAMA3_SV2C",FALSE,FALSE,FALSE,"---",0
"LAMA4_SV2C",TRUE,FALSE,FALSE,"3--",1
"LAMA5_SV2C",TRUE,FALSE,FALSE,"3--",1
"LAMB1_SV2C",TRUE,FALSE,FALSE,"3--",1
"LAMB2_SV2C",FALSE,FALSE,FALSE,"---",0
"LAMB3_SV2C",FALSE,FALSE,FALSE,"---",0
"LAMC1_SV2C",TRUE,FALSE,FALSE,"3--",1
"LAMC2_SV2C",FALSE,FALSE,FALSE,"---",0
"LAMC3_SV2C",TRUE,FALSE,FALSE,"3--",1
"THBS1_CD36",FALSE,FALSE,FALSE,"---",0
"THBS2_CD36",FALSE,FALSE,FALSE,"---",0
"THBS3_CD36",FALSE,FALSE,FALSE,"---",0
"THBS4_CD36",FALSE,FALSE,FALSE,"---",0
"COMP_CD36",FALSE,FALSE,FALSE,"---",0
"VWF_GP1BA_GP1BB_GP5_GP9",FALSE,FALSE,FALSE,"---",0
"COL1A1_GP6",FALSE,FALSE,FALSE,"---",0
"COL1A2_GP6",FALSE,FALSE,FALSE,"---",0
"COL2A1_GP6",FALSE,FALSE,FALSE,"---",0
"COL4A1_GP6",FALSE,FALSE,FALSE,"---",0
"COL4A2_GP6",FALSE,FALSE,FALSE,"---",0
"COL4A3_GP6",FALSE,FALSE,FALSE,"---",0
"COL4A4_GP6",FALSE,FALSE,FALSE,"---",0
"COL4A5_GP6",FALSE,FALSE,FALSE,"---",0
"COL4A6_GP6",FALSE,FALSE,FALSE,"---",0
"COL6A1_GP6",FALSE,FALSE,FALSE,"---",0
"COL6A2_GP6",FALSE,FALSE,FALSE,"---",0
"COL6A3_GP6",FALSE,FALSE,FALSE,"---",0
"COL6A4_GP6",FALSE,FALSE,FALSE,"---",0
"COL6A5_GP6",FALSE,FALSE,FALSE,"---",0
"COL6A6_GP6",FALSE,FALSE,FALSE,"---",0
"COL9A1_GP6",FALSE,FALSE,FALSE,"---",0
"COL9A2_GP6",FALSE,FALSE,FALSE,"---",0
"COL9A3_GP6",FALSE,FALSE,FALSE,"---",0
"THBS1_CD47",FALSE,FALSE,FALSE,"---",0
"THBS2_CD47",FALSE,FALSE,FALSE,"---",0
"THBS3_CD47",FALSE,FALSE,FALSE,"---",0
"THBS4_CD47",FALSE,FALSE,FALSE,"---",0
"COMP_CD47",FALSE,FALSE,FALSE,"---",0
"AGRN_DAG1",TRUE,TRUE,TRUE,"31224",3
"HSPG2_DAG1",FALSE,FALSE,FALSE,"---",0
"LAMA1_DAG1",FALSE,FALSE,FALSE,"---",0
"LAMA2_DAG1",FALSE,TRUE,TRUE,"-1224",2
"LAMA3_DAG1",FALSE,FALSE,FALSE,"---",0
"LAMA4_DAG1",TRUE,TRUE,TRUE,"31224",3
"LAMA5_DAG1",TRUE,TRUE,FALSE,"312-",2
"LAMB1_DAG1",TRUE,TRUE,TRUE,"31224",3
"LAMB2_DAG1",FALSE,TRUE,FALSE,"-12-",1
"LAMB3_DAG1",FALSE,FALSE,FALSE,"---",0
"LAMC1_DAG1",FALSE,TRUE,TRUE,"-1224",2
"LAMC2_DAG1",FALSE,FALSE,FALSE,"---",0
"LAMC3_DAG1",TRUE,TRUE,FALSE,"312-",2
"ADGRE5_CD55B",FALSE,FALSE,FALSE,"---",0
"ALCAM_CD6",FALSE,FALSE,FALSE,"---",0
"ANXA1_FPR2_LXA4",FALSE,FALSE,FALSE,"---",0
"APP_CD74",FALSE,TRUE,TRUE,"-1224",2
"BST2_PIRA2",FALSE,FALSE,FALSE,"---",0
"CADM1_CADM1",TRUE,TRUE,TRUE,"31224",3
"CADM3_CADM3",TRUE,FALSE,FALSE,"3--",1
"CD1D2_PIRA2",FALSE,FALSE,FALSE,"---",0
"CD200_CD200R1",FALSE,FALSE,FALSE,"---",0
"CD200_CD200R2",FALSE,FALSE,FALSE,"---",0
"CD200_CD200R3",FALSE,FALSE,FALSE,"---",0
"CD200_CD200R4",FALSE,FALSE,FALSE,"---",0
"CD22_PTPRC",FALSE,FALSE,FALSE,"---",0
"CD226_NECTIN2",FALSE,FALSE,FALSE,"---",0
"CD226_PVR",FALSE,FALSE,FALSE,"---",0
"FCER2A_ITGAM_ITGB2",FALSE,FALSE,FALSE,"---",0
"FCER2A_ITGAX_ITGB2",FALSE,FALSE,FALSE,"---",0
"FCER2A_ITGAV_ITGB3",FALSE,FALSE,FALSE,"---",0
"FCER2A_CR2",FALSE,FALSE,FALSE,"---",0
"CD34_SELP",FALSE,FALSE,FALSE,"---",0
"ENTPD1_ADORA1",FALSE,FALSE,FALSE,"---",0
"ENTPD1_ADORA2A",FALSE,FALSE,FALSE,"---",0
"ENTPD1_ADORA2B",FALSE,FALSE,FALSE,"---",0
"ENTPD1_TMIGD3",FALSE,FALSE,FALSE,"---",0
"CD40LG_CD40",FALSE,FALSE,FALSE,"---",0
"PTPRC_CD22",FALSE,FALSE,FALSE,"---",0
"PTPRC_MRC1",TRUE,TRUE,TRUE,"31224",3
"CD46_JAG1",FALSE,FALSE,FALSE,"---",0
"CD48_CD244A",FALSE,FALSE,FALSE,"---",0
"CD52_SIGLECG",FALSE,FALSE,FALSE,"---",0
"CD6_ALCAM",FALSE,FALSE,FALSE,"---",0
"CD80_CD274",FALSE,FALSE,FALSE,"---",0
"CD80_CD28",FALSE,FALSE,FALSE,"---",0
"CD80_CTLA4",FALSE,FALSE,FALSE,"---",0
"CD86_CD28",FALSE,FALSE,FALSE,"---",0
"CD86_CTLA4",FALSE,FALSE,FALSE,"---",0
"CD96_NECTIN1",FALSE,FALSE,FALSE,"---",0
"CD96_PVR",FALSE,FALSE,FALSE,"---",0
"CD99_PILRA",FALSE,FALSE,FALSE,"---",0
"CD99_CD99",FALSE,FALSE,FALSE,"---",0
"CDH15_CDH15",FALSE,FALSE,FALSE,"---",0
"CDH4_CDH4",TRUE,FALSE,FALSE,"3--",1
"CDH2_CDH2",TRUE,FALSE,TRUE,"3-24",2
"CDH1_CDH1",FALSE,TRUE,TRUE,"-1224",2
"CDH1_ITGA1_ITGB1",FALSE,FALSE,FALSE,"---",0
"CDH1_ITGAE_ITGB7",FALSE,FALSE,FALSE,"---",0
"CDH1_KLRG1",FALSE,FALSE,FALSE,"---",0
"CDH5_CDH5",FALSE,FALSE,FALSE,"---",0
"CD1D1_CEACAM5",FALSE,FALSE,FALSE,"---",0
"CD209A_CEACAM1",FALSE,FALSE,FALSE,"---",0
"CD8A_CEACAM5",FALSE,FALSE,FALSE,"---",0
"CEACAM1_CEACAM5",FALSE,FALSE,FALSE,"---",0
"SELE_CEACAM1",FALSE,FALSE,FALSE,"---",0
"CLDN11_CLDN11",TRUE,TRUE,FALSE,"312-",2
"CLEC2D_KLRB1B",FALSE,FALSE,FALSE,"---",0
"CLEC2G_KLRB1",FALSE,FALSE,FALSE,"---",0
"CLEC2H_KLRB1",FALSE,FALSE,FALSE,"---",0
"CLEC2I_KLRB1",FALSE,FALSE,FALSE,"---",0
"CLEC2F_KLRB1F",FALSE,FALSE,FALSE,"---",0
"CLEC2G_KLRB1F",FALSE,FALSE,FALSE,"---",0
"CLEC2I_KLRB1F",FALSE,FALSE,FALSE,"---",0
"NFASC_CNTN1_CNTNAP1",TRUE,TRUE,FALSE,"312-",2
"CNTN2_CNTN2_CNTNAP2",TRUE,FALSE,FALSE,"3--",1
"CNTN2_L1CAM",FALSE,FALSE,FALSE,"---",0
"CNTN2_CNTN2",TRUE,FALSE,FALSE,"3--",1
"CNTN1_NRCAM",TRUE,FALSE,TRUE,"3-24",2
"CSPG4_ITGA2_ITGB1",FALSE,FALSE,FALSE,"---",0
"DSC1_DSG1C",FALSE,FALSE,FALSE,"---",0
"DSC1_DSG2",FALSE,FALSE,FALSE,"---",0
"DSC2_DSG1C",FALSE,FALSE,FALSE,"---",0
"DSC2_DSG2",FALSE,FALSE,FALSE,"---",0
"DSG1C_DSC3",FALSE,FALSE,FALSE,"---",0
"DSG2_DSC3",FALSE,FALSE,FALSE,"---",0
"EPGN_EGFR",FALSE,FALSE,FALSE,"---",0
"EFNA1_EPHA1",FALSE,FALSE,FALSE,"---",0
"EFNA1_EPHA2",FALSE,FALSE,FALSE,"---",0
"EFNA1_EPHA3",FALSE,FALSE,FALSE,"---",0
"EFNA1_EPHA4",FALSE,FALSE,FALSE,"---",0
"EFNA1_EPHA5",FALSE,FALSE,FALSE,"---",0
"EFNA1_EPHA7",FALSE,FALSE,FALSE,"---",0
"EFNA1_EPHA8",FALSE,FALSE,FALSE,"---",0
"EFNA2_EPHA1",FALSE,FALSE,FALSE,"---",0
"EFNA2_EPHA2",FALSE,FALSE,FALSE,"---",0
"EFNA2_EPHA3",FALSE,FALSE,FALSE,"---",0
"EFNA2_EPHA4",FALSE,FALSE,FALSE,"---",0
"EFNA2_EPHA5",FALSE,FALSE,FALSE,"---",0
"EFNA2_EPHA7",FALSE,FALSE,FALSE,"---",0
"EFNA2_EPHA8",FALSE,FALSE,FALSE,"---",0
"EFNA3_EPHA1",FALSE,FALSE,FALSE,"---",0
"EFNA3_EPHA2",FALSE,FALSE,FALSE,"---",0
"EFNA3_EPHA3",FALSE,FALSE,FALSE,"---",0
"EFNA3_EPHA4",FALSE,FALSE,FALSE,"---",0
"EFNA3_EPHA5",FALSE,FALSE,FALSE,"---",0
"EFNA3_EPHA7",FALSE,FALSE,FALSE,"---",0
"EFNA3_EPHA8",FALSE,FALSE,FALSE,"---",0
"EFNA4_EPHA1",FALSE,FALSE,FALSE,"---",0
"EFNA4_EPHA2",FALSE,FALSE,FALSE,"---",0
"EFNA4_EPHA3",FALSE,FALSE,FALSE,"---",0
"EFNA4_EPHA4",FALSE,FALSE,FALSE,"---",0
"EFNA4_EPHA5",FALSE,FALSE,FALSE,"---",0
"EFNA4_EPHA7",FALSE,FALSE,FALSE,"---",0
"EFNA4_EPHA8",FALSE,FALSE,FALSE,"---",0
"EFNA5_EPHA1",FALSE,FALSE,FALSE,"---",0
"EFNA5_EPHA2",FALSE,FALSE,FALSE,"---",0
"EFNA5_EPHA3",TRUE,TRUE,TRUE,"31224",3
"EFNA5_EPHA4",TRUE,TRUE,TRUE,"31224",3
"EFNA5_EPHA5",TRUE,TRUE,TRUE,"31224",3
"EFNA5_EPHA7",TRUE,TRUE,TRUE,"31224",3
"EFNA5_EPHA8",FALSE,FALSE,FALSE,"---",0
"EFNA5_EPHB2",TRUE,TRUE,TRUE,"31224",3
"EFNB1_EPHA4",FALSE,FALSE,FALSE,"---",0
"EFNB1_EPHB1",FALSE,FALSE,FALSE,"---",0
"EFNB1_EPHB2",FALSE,FALSE,FALSE,"---",0
"EFNB1_EPHB3",FALSE,FALSE,FALSE,"---",0
"EFNB1_EPHB4",FALSE,FALSE,FALSE,"---",0
"EFNB2_EPHA4",TRUE,TRUE,FALSE,"312-",2
"EFNB2_EPHB1",FALSE,FALSE,FALSE,"---",0
"EFNB2_EPHB2",TRUE,TRUE,FALSE,"312-",2
"EFNB2_EPHB3",FALSE,FALSE,FALSE,"---",0
"EFNB2_EPHB4",FALSE,FALSE,FALSE,"---",0
"EFNB3_EPHA4",FALSE,FALSE,FALSE,"---",0
"EFNB3_EPHB1",FALSE,FALSE,FALSE,"---",0
"EFNB3_EPHB2",FALSE,FALSE,FALSE,"---",0
"EFNB3_EPHB3",FALSE,FALSE,FALSE,"---",0
"EFNB3_EPHB4",FALSE,FALSE,FALSE,"---",0
"EFNB3_EPHB6",FALSE,FALSE,FALSE,"---",0
"ESAM_ESAM",FALSE,FALSE,FALSE,"---",0
"GP1BA_ITGAM_ITGB2",FALSE,FALSE,FALSE,"---",0
"ICAM1_ITGAX_ITGB2",FALSE,FALSE,FALSE,"---",0
"ICAM1_ITGAL_ITGB2",FALSE,FALSE,FALSE,"---",0
"ICAM2_ITGAL_ITGB2",FALSE,FALSE,FALSE,"---",0
"ICAM1_ITGAM_ITGB2",FALSE,FALSE,FALSE,"---",0
"ICAM2_ITGAM_ITGB2",FALSE,FALSE,FALSE,"---",0
"ICAM1_ITGAL_ITGB2L",FALSE,FALSE,FALSE,"---",0
"ICAM2_ITGAL_ITGB2L",FALSE,FALSE,FALSE,"---",0
"ICAM1_ITGAM_ITGB2L",FALSE,FALSE,FALSE,"---",0
"ICAM2_ITGAM_ITGB2L",FALSE,FALSE,FALSE,"---",0
"ICAM1_ITGAL",FALSE,FALSE,FALSE,"---",0
"ICAM1_SPN",FALSE,FALSE,FALSE,"---",0
"ICAM5_CD209A",FALSE,FALSE,FALSE,"---",0
"ICAM5_CD209F",FALSE,FALSE,FALSE,"---",0
"ICOSL_ICOS",FALSE,FALSE,FALSE,"---",0
"ICOSL_CD28",FALSE,FALSE,FALSE,"---",0
"ICOSL_CTLA4",FALSE,FALSE,FALSE,"---",0
"ITGB2_CD226",FALSE,FALSE,FALSE,"---",0
"ITGB2_ICAM1",FALSE,FALSE,FALSE,"---",0
"ITGB2_ICAM2",FALSE,FALSE,FALSE,"---",0
"ITGB2L_CD226",FALSE,FALSE,FALSE,"---",0
"ITGB2L_ICAM1",FALSE,FALSE,FALSE,"---",0
"ITGB2L_ICAM2",FALSE,FALSE,FALSE,"---",0
"JAM2_ITGA3_ITGB1",FALSE,FALSE,FALSE,"---",0
"JAM2_ITGAV_ITGB1",FALSE,FALSE,FALSE,"---",0
"JAM3_ITGAM_ITGB2",FALSE,FALSE,FALSE,"---",0
"JAM1_ITGAL_ITGB2",FALSE,FALSE,FALSE,"---",0
"JAM3_ITGAM_ITGB2L",FALSE,FALSE,FALSE,"---",0
"JAM2_JAM3",FALSE,FALSE,FALSE,"---",0
"F11R_F11R",FALSE,TRUE,FALSE,"-12-",1
"F11R_JAM2",FALSE,FALSE,FALSE,"---",0
"F11R_JAM3",FALSE,FALSE,FALSE,"---",0
"JAM2_F11R",FALSE,FALSE,FALSE,"---",0
"JAM2_JAM2",FALSE,FALSE,FALSE,"---",0
"JAM3_F11R",FALSE,FALSE,FALSE,"---",0
"JAM3_JAM2",FALSE,FALSE,FALSE,"---",0
"JAM3_JAM3",FALSE,FALSE,FALSE,"---",0
"L1CAM_ITGAV_ITGB3",FALSE,FALSE,FALSE,"---",0
"L1CAM_ITGA4_ITGB7",FALSE,FALSE,FALSE,"---",0
"L1CAM_L1CAM",FALSE,TRUE,FALSE,"-12-",1
"LAIR1_PIRA2",FALSE,FALSE,FALSE,"---",0
"LCK_CD8A_CD8B1",FALSE,FALSE,FALSE,"---",0
"MADCAM1_ITGA4_ITGB7",FALSE,FALSE,FALSE,"---",0
"MAG_MAG",FALSE,FALSE,FALSE,"---",0
"H2-T23_KLRD1_KLRC1",FALSE,FALSE,FALSE,"---",0
"H2-T23_KLRD1_KLRC2",FALSE,FALSE,FALSE,"---",0
"H2-M2_CD8A",FALSE,FALSE,FALSE,"---",0
"H2-M3_CD8A",FALSE,FALSE,FALSE,"---",0
"H2-M9_CD8A",FALSE,FALSE,FALSE,"---",0
"H2-Q1_CD8A",FALSE,FALSE,FALSE,"---",0
"H2-Q10_CD8A",FALSE,FALSE,FALSE,"---",0
"H2-Q2_CD8A",FALSE,FALSE,FALSE,"---",0
"H2-Q7_CD8A",FALSE,FALSE,FALSE,"---",0
"H2-Q8_CD8A",FALSE,FALSE,FALSE,"---",0
"H2-T22_CD8A",FALSE,FALSE,FALSE,"---",0
"H2-T23_CD8A",FALSE,FALSE,FALSE,"---",0
"H2-T24_CD8A",FALSE,FALSE,FALSE,"---",0
"H2-T3_CD8A",FALSE,FALSE,FALSE,"---",0
"H2-T9_CD8A",FALSE,FALSE,FALSE,"---",0
"H2-M10.4_CD8A",FALSE,FALSE,FALSE,"---",0
"H2-M11_CD8A",FALSE,FALSE,FALSE,"---",0
"H2-M1_CD8A",FALSE,FALSE,FALSE,"---",0
"H2-M10.5_CD8A",FALSE,FALSE,FALSE,"---",0
"H2-M10.2_CD8A",FALSE,FALSE,FALSE,"---",0
"H2-M10.6_CD8A",FALSE,FALSE,FALSE,"---",0
"H2-T10_CD8A",FALSE,FALSE,FALSE,"---",0
"H2-Q6_CD8A",FALSE,FALSE,FALSE,"---",0
"H2-M10.3_CD8A",FALSE,FALSE,FALSE,"---",0
"H2-BL_CD8A",FALSE,FALSE,FALSE,"---",0
"H2-D1_CD8A",FALSE,FALSE,FALSE,"---",0
"H2-K1_CD8A",FALSE,FALSE,FALSE,"---",0
"H2-M10.1_CD8A",FALSE,FALSE,FALSE,"---",0
"H2-T18_CD8A",FALSE,FALSE,FALSE,"---",0
"H2-Q9_CD8A",FALSE,FALSE,FALSE,"---",0
"GM8909_CD8A",FALSE,FALSE,FALSE,"---",0
"H2-L_CD8A",FALSE,FALSE,FALSE,"---",0
"GM10499_CD8A",FALSE,FALSE,FALSE,"---",0
"H2-Q4_CD8A",FALSE,FALSE,FALSE,"---",0
"H2-T-PS_CD8A",FALSE,FALSE,FALSE,"---",0
"GM11127_CD8A",FALSE,FALSE,FALSE,"---",0
"H2-M5_CD8A",FALSE,FALSE,FALSE,"---",0
"GM7030_CD8A",FALSE,FALSE,FALSE,"---",0
"H2-M2_CD8B1",FALSE,FALSE,FALSE,"---",0
"H2-M3_CD8B1",FALSE,FALSE,FALSE,"---",0
"H2-M9_CD8B1",FALSE,FALSE,FALSE,"---",0
"H2-Q1_CD8B1",FALSE,FALSE,FALSE,"---",0
"H2-Q10_CD8B1",FALSE,FALSE,FALSE,"---",0
"H2-Q2_CD8B1",FALSE,FALSE,FALSE,"---",0
"H2-Q7_CD8B1",FALSE,FALSE,FALSE,"---",0
"H2-Q8_CD8B1",FALSE,FALSE,FALSE,"---",0
"H2-T22_CD8B1",FALSE,FALSE,FALSE,"---",0
"H2-T23_CD8B1",FALSE,FALSE,FALSE,"---",0
"H2-T24_CD8B1",FALSE,FALSE,FALSE,"---",0
"H2-T3_CD8B1",FALSE,FALSE,FALSE,"---",0
"H2-T9_CD8B1",FALSE,FALSE,FALSE,"---",0
"H2-M10.4_CD8B1",FALSE,FALSE,FALSE,"---",0
"H2-M11_CD8B1",FALSE,FALSE,FALSE,"---",0
"H2-M1_CD8B1",FALSE,FALSE,FALSE,"---",0
"H2-M10.5_CD8B1",FALSE,FALSE,FALSE,"---",0
"H2-M10.2_CD8B1",FALSE,FALSE,FALSE,"---",0
"H2-M10.6_CD8B1",FALSE,FALSE,FALSE,"---",0
"H2-T10_CD8B1",FALSE,FALSE,FALSE,"---",0
"H2-Q6_CD8B1",FALSE,FALSE,FALSE,"---",0
"H2-M10.3_CD8B1",FALSE,FALSE,FALSE,"---",0
"H2-BL_CD8B1",FALSE,FALSE,FALSE,"---",0
"H2-D1_CD8B1",FALSE,FALSE,FALSE,"---",0
"H2-K1_CD8B1",FALSE,FALSE,FALSE,"---",0
"H2-M10.1_CD8B1",FALSE,FALSE,FALSE,"---",0
"H2-T18_CD8B1",FALSE,FALSE,FALSE,"---",0
"H2-Q9_CD8B1",FALSE,FALSE,FALSE,"---",0
"GM8909_CD8B1",FALSE,FALSE,FALSE,"---",0
"H2-L_CD8B1",FALSE,FALSE,FALSE,"---",0
"GM10499_CD8B1",FALSE,FALSE,FALSE,"---",0
"H2-Q4_CD8B1",FALSE,FALSE,FALSE,"---",0
"H2-T-PS_CD8B1",FALSE,FALSE,FALSE,"---",0
"GM11127_CD8B1",FALSE,FALSE,FALSE,"---",0
"H2-M5_CD8B1",FALSE,FALSE,FALSE,"---",0
"GM7030_CD8B1",FALSE,FALSE,FALSE,"---",0
"H2-BI_KIR3DL1",FALSE,FALSE,FALSE,"---",0
"H2-D1_KIR3DL1",FALSE,FALSE,FALSE,"---",0
"H2-K1_KIR3DL1",FALSE,FALSE,FALSE,"---",0
"H2-Q1_KIR3DL1",FALSE,FALSE,FALSE,"---",0
"H2-Q10_KIR3DL1",FALSE,FALSE,FALSE,"---",0
"H2-Q2_KIR3DL1",FALSE,FALSE,FALSE,"---",0
"H2-Q4_KIR3DL1",FALSE,FALSE,FALSE,"---",0
"H2-Q6_KIR3DL1",FALSE,FALSE,FALSE,"---",0
"H2-Q7_KIR3DL1",FALSE,FALSE,FALSE,"---",0
"H2-D_KLRA",FALSE,FALSE,FALSE,"---",0
"H2-K1_KLRA",FALSE,FALSE,FALSE,"---",0
"ULBP1_KLRK1",FALSE,FALSE,FALSE,"---",0
"RAET1A_KLRK1",FALSE,FALSE,FALSE,"---",0
"H60A_KLRK1",FALSE,FALSE,FALSE,"---",0
"H2-EA-PS_CD4",FALSE,FALSE,FALSE,"---",0
"H2-AA_CD4",FALSE,FALSE,FALSE,"---",0
"H2-AB1_CD4",FALSE,FALSE,FALSE,"---",0
"H2-EB1_CD4",FALSE,FALSE,FALSE,"---",0
"H2-DMA_CD4",FALSE,FALSE,FALSE,"---",0
"H2-DMB1_CD4",FALSE,FALSE,FALSE,"---",0
"H2-DMB2_CD4",FALSE,FALSE,FALSE,"---",0
"H2-OA_CD4",FALSE,FALSE,FALSE,"---",0
"H2-OB_CD4",FALSE,FALSE,FALSE,"---",0
"MPZ_MPZL1",TRUE,FALSE,FALSE,"3--",1
"MPZ_MPZ",TRUE,FALSE,FALSE,"3--",1
"MPZL1_MPZL1",TRUE,TRUE,TRUE,"31224",3
"NCAM1_FGFR1",TRUE,TRUE,TRUE,"31224",3
"NCAM1_NCAM1",TRUE,TRUE,TRUE,"31224",3
"NCAM1_NCAM2",TRUE,FALSE,TRUE,"3-24",2
"NCAM1_L1CAM",FALSE,TRUE,FALSE,"-12-",1
"NCAM2_L1CAM",FALSE,FALSE,FALSE,"---",0
"NECTIN1_CADM3",FALSE,FALSE,FALSE,"---",0
"NECTIN1_CD96",FALSE,FALSE,FALSE,"---",0
"NECTIN1_NECTIN4",FALSE,FALSE,FALSE,"---",0
"NECTIN3_NECTIN1",FALSE,FALSE,FALSE,"---",0
"NECTIN3_NECTIN2",FALSE,FALSE,TRUE,"--24",1
"NECTIN3_PVR",FALSE,FALSE,FALSE,"---",0
"NECTIN3_TIGIT",FALSE,FALSE,FALSE,"---",0
"NECTIN2_CD226",FALSE,FALSE,FALSE,"---",0
"NECTIN2_TIGIT",FALSE,FALSE,FALSE,"---",0
"NECTIN1_NECTIN3",FALSE,FALSE,FALSE,"---",0
"NEGR1_NEGR1",TRUE,TRUE,TRUE,"31224",3
"LRRC4C_NTNG1",TRUE,TRUE,TRUE,"31224",3
"LRRC4_NTNG2",FALSE,FALSE,FALSE,"---",0
"LRRC4B_PTPRF",FALSE,FALSE,FALSE,"---",0
"ULBP1_KLRK1_HCST",FALSE,FALSE,FALSE,"---",0
"DLK1_NOTCH1",FALSE,FALSE,FALSE,"---",0
"DLK1_NOTCH2",FALSE,FALSE,FALSE,"---",0
"DLK1_NOTCH3",FALSE,FALSE,FALSE,"---",0
"DLK1_NOTCH4",FALSE,FALSE,FALSE,"---",0
"DLL1_NOTCH1",FALSE,FALSE,FALSE,"---",0
"DLL1_NOTCH3",FALSE,FALSE,FALSE,"---",0
"DLL1_NOTCH4",FALSE,FALSE,FALSE,"---",0
"DLL3_NOTCH1",FALSE,FALSE,FALSE,"---",0
"DLL3_NOTCH2",FALSE,FALSE,FALSE,"---",0
"DLL3_NOTCH3",FALSE,FALSE,FALSE,"---",0
"DLL3_NOTCH4",FALSE,FALSE,FALSE,"---",0
"DLL4_NOTCH1",FALSE,FALSE,FALSE,"---",0
"DLL4_NOTCH2",FALSE,FALSE,FALSE,"---",0
"DLL4_NOTCH3",FALSE,FALSE,FALSE,"---",0
"DLL4_NOTCH4",FALSE,FALSE,FALSE,"---",0
"JAG1_NOTCH1",FALSE,FALSE,FALSE,"---",0
"JAG1_NOTCH2",FALSE,FALSE,FALSE,"---",0
"JAG1_NOTCH3",FALSE,FALSE,FALSE,"---",0
"JAG1_NOTCH4",FALSE,FALSE,FALSE,"---",0
"JAG2_NOTCH1",FALSE,FALSE,FALSE,"---",0
"JAG2_NOTCH2",FALSE,FALSE,FALSE,"---",0
"JAG2_NOTCH3",FALSE,FALSE,FALSE,"---",0
"JAG2_NOTCH4",FALSE,FALSE,FALSE,"---",0
"DLL1_NOTCH2",FALSE,FALSE,FALSE,"---",0
"NRXN1_NLGN1",TRUE,TRUE,TRUE,"31224",3
"NRXN1_NLGN2",TRUE,TRUE,FALSE,"312-",2
"NRXN1_NLGN3",FALSE,FALSE,FALSE,"---",0
"NRXN2_NLGN1",TRUE,TRUE,FALSE,"312-",2
"NRXN2_NLGN2",TRUE,TRUE,FALSE,"312-",2
"NRXN2_NLGN3",FALSE,FALSE,FALSE,"---",0
"NRXN3_NLGN1",TRUE,TRUE,TRUE,"31224",3
"NRXN3_NLGN2",TRUE,TRUE,FALSE,"312-",2
"NRXN3_NLGN3",FALSE,FALSE,FALSE,"---",0
"OCLN_OCLN",FALSE,TRUE,FALSE,"-12-",1
"CD274_PDCD1",FALSE,FALSE,FALSE,"---",0
"PDCD1LG2_PDCD1",FALSE,FALSE,FALSE,"---",0
"PECAM1_PECAM1",FALSE,FALSE,FALSE,"---",0
"PTPRM_PTPRM",TRUE,TRUE,TRUE,"31224",3
"PVR_CD226",FALSE,FALSE,FALSE,"---",0
"PVR_TIGIT",FALSE,FALSE,FALSE,"---",0
"SELE_CD44",FALSE,FALSE,FALSE,"---",0
"SELE_GLG1",FALSE,FALSE,FALSE,"---",0
"SELL_CD34",FALSE,FALSE,FALSE,"---",0
"SELL_PODXL",FALSE,FALSE,FALSE,"---",0
"SELL_GLYCAM1",FALSE,FALSE,FALSE,"---",0
"SELL_MADCAM1",FALSE,FALSE,FALSE,"---",0
"SELPLG_SELE",FALSE,FALSE,FALSE,"---",0
"SELPLG_SELL",FALSE,FALSE,FALSE,"---",0
"SELPLG_SELP",FALSE,FALSE,FALSE,"---",0
"SEMA4A_NRP1_PLXNA1",FALSE,FALSE,FALSE,"---",0
"SEMA4A_NRP1_PLXNA2",FALSE,FALSE,FALSE,"---",0
"SEMA4A_NRP1_PLXNA3",FALSE,FALSE,FALSE,"---",0
"SEMA4A_NRP1_PLXNA4",FALSE,FALSE,FALSE,"---",0
"SEMA4A_PLXNB1",FALSE,FALSE,FALSE,"---",0
"SEMA4A_PLXNB2",FALSE,FALSE,FALSE,"---",0
"SEMA4A_PLXNB3",FALSE,FALSE,FALSE,"---",0
"SEMA4D_PLXNB1",FALSE,TRUE,FALSE,"-12-",1
"SEMA4D_PLXNB2",FALSE,TRUE,FALSE,"-12-",1
"SEMA4D_PLXNB3",FALSE,FALSE,FALSE,"---",0
"SEMA4C_PLXNB2",FALSE,FALSE,FALSE,"---",0
"SEMA4G_PLXNB2",FALSE,FALSE,FALSE,"---",0
"SEMA4A_TIMD2",FALSE,FALSE,FALSE,"---",0
"SEMA4D_CD72",FALSE,FALSE,FALSE,"---",0
"SEMA5A_PLXNA1",TRUE,FALSE,TRUE,"3-24",2
"SEMA5B_PLXNA1",TRUE,FALSE,TRUE,"3-24",2
"SEMA5A_PLXNA3",FALSE,FALSE,FALSE,"---",0
"SEMA5B_PLXNA3",FALSE,FALSE,FALSE,"---",0
"SEMA5A_PLXNB3",FALSE,FALSE,FALSE,"---",0
"SEMA6D_PLXNA1_KDR",FALSE,FALSE,FALSE,"---",0
"SEMA6D_PLXNA1_TREM2",FALSE,FALSE,FALSE,"---",0
"SEMA6D_PLXNA1",FALSE,FALSE,FALSE,"---",0
"SEMA6A_PLXNA2",TRUE,FALSE,FALSE,"3--",1
"SEMA6B_PLXNA2",FALSE,FALSE,FALSE,"---",0
"SEMA6A_PLXNA4",TRUE,FALSE,FALSE,"3--",1
"SEMA6B_PLXNA4",FALSE,FALSE,FALSE,"---",0
"SEMA7A_ITGB1_ITGA1",FALSE,FALSE,FALSE,"---",0
"SEMA7A_PLXNC1",FALSE,FALSE,FALSE,"---",0
"SIGLEC1_SPN",FALSE,FALSE,FALSE,"---",0
"THY1_ITGAM_ITGB2",FALSE,FALSE,FALSE,"---",0
"THY1_ITGAX_ITGB2",FALSE,FALSE,FALSE,"---",0
"THY1_ITGAV_ITGB3",FALSE,FALSE,FALSE,"---",0
"TIGIT_NECTIN2",FALSE,FALSE,FALSE,"---",0
"TIGIT_PVR",FALSE,FALSE,FALSE,"---",0
"ITGA4_ITGB1_VCAM1",FALSE,TRUE,FALSE,"-12-",1
"ITGA9_ITGB1_VCAM1",FALSE,TRUE,FALSE,"-12-",1
"ITGA4_ITGB7_VCAM1",FALSE,FALSE,FALSE,"---",0
"VSIR_IGSF11",FALSE,FALSE,FALSE,"---",0
