"age_months","source","target","interaction","prob","pval","significant"
3,"Spiral ganglion neurons","Spiral ganglion neurons","AGRN_DAG1",0.00151463332552749,0.01,TRUE
3,"Glia/Schwann","Spiral ganglion neurons","AGRN_DAG1",0.00144062798294368,0,TRUE
12,"Glia/Schwann","Glia/Schwann","AGRN_DAG1",0.00277179453083686,0,TRUE
12,"Glia/Schwann","Fibrocytes","AGRN_DAG1",0.00275041147929184,0,TRUE
12,"Glia/Schwann","Supporting cells","AGRN_DAG1",0.00161059978422536,0,TRUE
24,"Spiral ganglion neurons","Spiral ganglion neurons","AGRN_DAG1",0.00201099309079623,0,TRUE
24,"Spiral ganglion neurons","Macrophages/Microglia","AGRN_DAG1",0.000687042588237865,0,TRUE
12,"Supporting cells","Macrophages/Microglia","APP_CD74",0.151809121431206,0,TRUE
12,"Outer hair cells","Macrophages/Microglia","APP_CD74",0.151357629013091,0,TRUE
12,"Inner hair cells","Macrophages/Microglia","APP_CD74",0.148030042101863,0,TRUE
12,"Fibrocytes","Macrophages/Microglia","APP_CD74",0.14366958669936,0,TRUE
12,"Macrophages/Microglia","Macrophages/Microglia","APP_CD74",0.138008292221451,0,TRUE
12,"Spiral ganglion neurons","Macrophages/Microglia","APP_CD74",0.121618633709158,0,TRUE
12,"Glia/Schwann","Macrophages/Microglia","APP_CD74",0.114320431185854,0,TRUE
24,"Inner hair cells","Macrophages/Microglia","APP_CD74",0.0384113502751822,0,TRUE
24,"Supporting cells","Macrophages/Microglia","APP_CD74",0.0380756062803116,0,TRUE
24,"Fibrocytes","Macrophages/Microglia","APP_CD74",0.0353816874083381,0,TRUE
24,"Outer hair cells","Macrophages/Microglia","APP_CD74",0.0315669804759682,0,TRUE
24,"Macrophages/Microglia","Macrophages/Microglia","APP_CD74",0.0262709413929522,0,TRUE
24,"Glia/Schwann","Macrophages/Microglia","APP_CD74",0.0260821792386006,0,TRUE
24,"Spiral ganglion neurons","Macrophages/Microglia","APP_CD74",0.023771905636682,0,TRUE
3,"Glia/Schwann","Inner hair cells","BMP5_ACVR1_ACVR2A",0.0055610557804473,0,TRUE
3,"Glia/Schwann","Supporting cells","BMP5_ACVR1_ACVR2A",0.00465737860332566,0,TRUE
3,"Glia/Schwann","Spiral ganglion neurons","BMP5_ACVR1_ACVR2A",0.00448007355827849,0.03,TRUE
3,"Supporting cells","Inner hair cells","BMP5_ACVR1_ACVR2A",0.00372580503368105,0,TRUE
3,"Supporting cells","Supporting cells","BMP5_ACVR1_ACVR2A",0.00311942244715905,0,TRUE
3,"Supporting cells","Spiral ganglion neurons","BMP5_ACVR1_ACVR2A",0.0030004904450468,0.12,FALSE
12,"Glia/Schwann","Macrophages/Microglia","BMP5_ACVR1_ACVR2A",0.00491104287133701,0,TRUE
12,"Glia/Schwann","Fibrocytes","BMP5_ACVR1_ACVR2A",0.00445306367017614,0,TRUE
12,"Supporting cells","Macrophages/Microglia","BMP5_ACVR1_ACVR2A",0.00266977563006097,0.11,FALSE
12,"Supporting cells","Fibrocytes","BMP5_ACVR1_ACVR2A",0.00242029739770191,0,TRUE
24,"Glia/Schwann","Fibrocytes","BMP5_ACVR1_ACVR2A",0.00524057430107514,0,TRUE
24,"Fibrocytes","Fibrocytes","BMP5_ACVR1_ACVR2A",0.00424418582089571,0,TRUE
24,"Macrophages/Microglia","Fibrocytes","BMP5_ACVR1_ACVR2A",0.0036944908462655,0.04,TRUE
24,"Supporting cells","Fibrocytes","BMP5_ACVR1_ACVR2A",0.00362007577545272,0.01,TRUE
24,"Glia/Schwann","Inner hair cells","BMP5_ACVR1_ACVR2A",0.00256715579290793,0.2,FALSE
24,"Fibrocytes","Inner hair cells","BMP5_ACVR1_ACVR2A",0.00207800159392087,0.24,FALSE
24,"Macrophages/Microglia","Inner hair cells","BMP5_ACVR1_ACVR2A",0.00180835517844131,0.19,FALSE
24,"Supporting cells","Inner hair cells","BMP5_ACVR1_ACVR2A",0.00177186341279332,0.24,FALSE
3,"Spiral ganglion neurons","Spiral ganglion neurons","CADM1_CADM1",0.172597590055473,0,TRUE
3,"Spiral ganglion neurons","Glia/Schwann","CADM1_CADM1",0.0371702222475952,0,TRUE
3,"Glia/Schwann","Spiral ganglion neurons","CADM1_CADM1",0.0371702222475952,0,TRUE
3,"Supporting cells","Spiral ganglion neurons","CADM1_CADM1",0.0285530789918597,0,TRUE
3,"Spiral ganglion neurons","Supporting cells","CADM1_CADM1",0.0285530789918597,0,TRUE
3,"Glia/Schwann","Glia/Schwann","CADM1_CADM1",0.00709384258198592,0.03,TRUE
3,"Supporting cells","Glia/Schwann","CADM1_CADM1",0.0054101039798636,0.05,FALSE
3,"Glia/Schwann","Supporting cells","CADM1_CADM1",0.0054101039798636,0.05,FALSE
3,"Supporting cells","Supporting cells","CADM1_CADM1",0.00412434428623077,0.89,FALSE
12,"Spiral ganglion neurons","Spiral ganglion neurons","CADM1_CADM1",0.00988471336917144,0,TRUE
12,"Spiral ganglion neurons","Fibrocytes","CADM1_CADM1",0.00620751917544599,0,TRUE
12,"Fibrocytes","Spiral ganglion neurons","CADM1_CADM1",0.00620751917544599,0,TRUE
12,"Spiral ganglion neurons","Macrophages/Microglia","CADM1_CADM1",0.00515560564413486,0,TRUE
12,"Macrophages/Microglia","Spiral ganglion neurons","CADM1_CADM1",0.00515560564413486,0,TRUE
12,"Spiral ganglion neurons","Glia/Schwann","CADM1_CADM1",0.00454660005547783,0,TRUE
12,"Glia/Schwann","Spiral ganglion neurons","CADM1_CADM1",0.00454660005547783,0,TRUE
12,"Fibrocytes","Fibrocytes","CADM1_CADM1",0.00389289285496812,0,TRUE
12,"Macrophages/Microglia","Fibrocytes","CADM1_CADM1",0.00323193558997938,0,TRUE
12,"Fibrocytes","Macrophages/Microglia","CADM1_CADM1",0.00323193558997938,0,TRUE
12,"Glia/Schwann","Fibrocytes","CADM1_CADM1",0.00284951254405532,0,TRUE
12,"Fibrocytes","Glia/Schwann","CADM1_CADM1",0.00284951254405532,0,TRUE
12,"Macrophages/Microglia","Macrophages/Microglia","CADM1_CADM1",0.00268289711631218,0.12,FALSE
12,"Macrophages/Microglia","Glia/Schwann","CADM1_CADM1",0.00236528561202151,0,TRUE
12,"Glia/Schwann","Macrophages/Microglia","CADM1_CADM1",0.00236528561202151,0,TRUE
12,"Glia/Schwann","Glia/Schwann","CADM1_CADM1",0.0020851955440813,0,TRUE
24,"Spiral ganglion neurons","Spiral ganglion neurons","CADM1_CADM1",0.0507284668223418,0,TRUE
24,"Spiral ganglion neurons","Macrophages/Microglia","CADM1_CADM1",0.0121166718350695,0,TRUE
24,"Macrophages/Microglia","Spiral ganglion neurons","CADM1_CADM1",0.0121166718350695,0,TRUE
24,"Macrophages/Microglia","Macrophages/Microglia","CADM1_CADM1",0.00280719921774364,0.07,FALSE
3,"Spiral ganglion neurons","Spiral ganglion neurons","CDH2_CDH2",0.0556420631388228,0,TRUE
3,"Spiral ganglion neurons","Inner hair cells","CDH2_CDH2",0.0107638456029252,0,TRUE
3,"Inner hair cells","Spiral ganglion neurons","CDH2_CDH2",0.0107638456029252,0,TRUE
3,"Inner hair cells","Inner hair cells","CDH2_CDH2",0.00200537948833428,0,TRUE
24,"Spiral ganglion neurons","Spiral ganglion neurons","CDH2_CDH2",0.00532346417767553,0,TRUE
3,"Glia/Schwann","Spiral ganglion neurons","COL4A3_ITGA3_ITGB1",0.00192228686254691,0,TRUE
3,"Glia/Schwann","Supporting cells","EFNA5_EPHA3",0.165016683718193,0,TRUE
3,"Fibrocytes","Supporting cells","EFNA5_EPHA3",0.0859745802848906,0,TRUE
3,"Outer hair cells","Supporting cells","EFNA5_EPHA3",0.0626083677791247,0,TRUE
3,"Glia/Schwann","Spiral ganglion neurons","EFNA5_EPHA3",0.0470839982876581,0,TRUE
3,"Glia/Schwann","Macrophages/Microglia","EFNA5_EPHA3",0.0436911754948752,0.04,TRUE
3,"Glia/Schwann","Fibrocytes","EFNA5_EPHA3",0.0402879906420968,0.01,TRUE
3,"Glia/Schwann","Glia/Schwann","EFNA5_EPHA3",0.0375015857256567,0.07,FALSE
3,"Glia/Schwann","Outer hair cells","EFNA5_EPHA3",0.0354126678908178,0.14,FALSE
3,"Glia/Schwann","Inner hair cells","EFNA5_EPHA3",0.0333164320417105,0.36,FALSE
3,"Inner hair cells","Supporting cells","EFNA5_EPHA3",0.0289832453965774,0.48,FALSE
3,"Supporting cells","Supporting cells","EFNA5_EPHA3",0.0262731157994055,1,FALSE
3,"Spiral ganglion neurons","Supporting cells","EFNA5_EPHA3",0.0256386705759248,0.58,FALSE
3,"Fibrocytes","Spiral ganglion neurons","EFNA5_EPHA3",0.0229765819297946,0.86,FALSE
3,"Fibrocytes","Macrophages/Microglia","EFNA5_EPHA3",0.0212821168450927,0.9,FALSE
3,"Fibrocytes","Fibrocytes","EFNA5_EPHA3",0.0195886604058336,0.93,FALSE
3,"Fibrocytes","Glia/Schwann","EFNA5_EPHA3",0.018206707015392,0.94,FALSE
3,"Fibrocytes","Outer hair cells","EFNA5_EPHA3",0.0171733783266608,0.95,FALSE
3,"Outer hair cells","Spiral ganglion neurons","EFNA5_EPHA3",0.0164243330766473,0.86,FALSE
3,"Fibrocytes","Inner hair cells","EFNA5_EPHA3",0.0161387443007405,0.95,FALSE
3,"Outer hair cells","Macrophages/Microglia","EFNA5_EPHA3",0.0152055595552369,0.87,FALSE
3,"Outer hair cells","Fibrocytes","EFNA5_EPHA3",0.0139887148046269,0.88,FALSE
3,"Outer hair cells","Glia/Schwann","EFNA5_EPHA3",0.0129965928380677,0.89,FALSE
3,"Outer hair cells","Outer hair cells","EFNA5_EPHA3",0.0122552750789179,0.89,FALSE
3,"Outer hair cells","Inner hair cells","EFNA5_EPHA3",0.0115134679865921,0.89,FALSE
3,"Inner hair cells","Spiral ganglion neurons","EFNA5_EPHA3",0.00740730154729935,0.9,FALSE
3,"Inner hair cells","Macrophages/Microglia","EFNA5_EPHA3",0.00685297810148559,0.91,FALSE
3,"Supporting cells","Spiral ganglion neurons","EFNA5_EPHA3",0.00670074647528692,1,FALSE
3,"Spiral ganglion neurons","Spiral ganglion neurons","EFNA5_EPHA3",0.00653576395378493,0.82,FALSE
3,"Inner hair cells","Fibrocytes","EFNA5_EPHA3",0.00630028328586869,0.91,FALSE
3,"Supporting cells","Macrophages/Microglia","EFNA5_EPHA3",0.00619896767524501,1,FALSE
3,"Spiral ganglion neurons","Macrophages/Microglia","EFNA5_EPHA3",0.00604626450455557,0.82,FALSE
3,"Inner hair cells","Glia/Schwann","EFNA5_EPHA3",0.00585021283667984,0.91,FALSE
3,"Supporting cells","Fibrocytes","EFNA5_EPHA3",0.00569871634451197,1,FALSE
3,"Spiral ganglion neurons","Fibrocytes","EFNA5_EPHA3",0.00555826726579593,0.82,FALSE
3,"Inner hair cells","Outer hair cells","EFNA5_EPHA3",0.00551424290897935,0.91,FALSE
3,"Supporting cells","Glia/Schwann","EFNA5_EPHA3",0.00529139092395186,1,FALSE
3,"Inner hair cells","Inner hair cells","EFNA5_EPHA3",0.00517832876410194,0.91,FALSE
3,"Spiral ganglion neurons","Glia/Schwann","EFNA5_EPHA3",0.00516092857479953,0.82,FALSE
3,"Supporting cells","Outer hair cells","EFNA5_EPHA3",0.00498735239608995,1,FALSE
3,"Spiral ganglion neurons","Outer hair cells","EFNA5_EPHA3",0.00486434963695887,0.82,FALSE
3,"Supporting cells","Inner hair cells","EFNA5_EPHA3",0.00468338397264794,1,FALSE
3,"Spiral ganglion neurons","Inner hair cells","EFNA5_EPHA3",0.00456784355202366,0.82,FALSE
12,"Glia/Schwann","Supporting cells","EFNA5_EPHA3",0.129389511514165,0,TRUE
12,"Fibrocytes","Supporting cells","EFNA5_EPHA3",0.055888458970416,0,TRUE
12,"Glia/Schwann","Outer hair cells","EFNA5_EPHA3",0.039884860457047,0,TRUE
12,"Glia/Schwann","Inner hair cells","EFNA5_EPHA3",0.0390684564409357,0,TRUE
12,"Glia/Schwann","Fibrocytes","EFNA5_EPHA3",0.0338707872021951,0,TRUE
12,"Glia/Schwann","Glia/Schwann","EFNA5_EPHA3",0.0335831617888937,0,TRUE
12,"Glia/Schwann","Spiral ganglion neurons","EFNA5_EPHA3",0.0322337028082058,0,TRUE
12,"Glia/Schwann","Macrophages/Microglia","EFNA5_EPHA3",0.0270405488943548,0,TRUE
12,"Outer hair cells","Supporting cells","EFNA5_EPHA3",0.0247868412430734,0.04,TRUE
12,"Fibrocytes","Outer hair cells","EFNA5_EPHA3",0.0162772533310365,0.05,FALSE
12,"Fibrocytes","Inner hair cells","EFNA5_EPHA3",0.0159360533100605,0.04,TRUE
12,"Fibrocytes","Fibrocytes","EFNA5_EPHA3",0.0137718136243027,0.1,FALSE
12,"Fibrocytes","Glia/Schwann","EFNA5_EPHA3",0.0136524536868803,0.11,FALSE
12,"Fibrocytes","Spiral ganglion neurons","EFNA5_EPHA3",0.0130930123558341,0.1,FALSE
12,"Fibrocytes","Macrophages/Microglia","EFNA5_EPHA3",0.0109487168059095,0.27,FALSE
12,"Outer hair cells","Outer hair cells","EFNA5_EPHA3",0.00705434495893474,0.37,FALSE
12,"Outer hair cells","Inner hair cells","EFNA5_EPHA3",0.00690511636633039,0.36,FALSE
12,"Outer hair cells","Fibrocytes","EFNA5_EPHA3",0.00595991994315578,0.38,FALSE
12,"Outer hair cells","Glia/Schwann","EFNA5_EPHA3",0.00590785989766057,0.4,FALSE
12,"Outer hair cells","Spiral ganglion neurons","EFNA5_EPHA3",0.00566394912280636,0.38,FALSE
12,"Outer hair cells","Macrophages/Microglia","EFNA5_EPHA3",0.00473050937379218,0.42,FALSE
24,"Glia/Schwann","Supporting cells","EFNA5_EPHA3",0.137295166478131,0,TRUE
24,"Glia/Schwann","Inner hair cells","EFNA5_EPHA3",0.0445401839983907,0,TRUE
24,"Glia/Schwann","Macrophages/Microglia","EFNA5_EPHA3",0.0415254702077313,0,TRUE
24,"Outer hair cells","Supporting cells","EFNA5_EPHA3",0.0406578978006486,0.02,TRUE
24,"Spiral ganglion neurons","Supporting cells","EFNA5_EPHA3",0.0375383977481609,0.06,FALSE
24,"Glia/Schwann","Fibrocytes","EFNA5_EPHA3",0.0348801003418013,0,TRUE
24,"Glia/Schwann","Glia/Schwann","EFNA5_EPHA3",0.034559354934843,0,TRUE
24,"Glia/Schwann","Spiral ganglion neurons","EFNA5_EPHA3",0.0267311123880757,0,TRUE
24,"Glia/Schwann","Outer hair cells","EFNA5_EPHA3",0.0247407982985745,0.02,TRUE
24,"Outer hair cells","Inner hair cells","EFNA5_EPHA3",0.0122619561929558,0.27,FALSE
24,"Outer hair cells","Macrophages/Microglia","EFNA5_EPHA3",0.0114059216906491,0.25,FALSE
24,"Spiral ganglion neurons","Inner hair cells","EFNA5_EPHA3",0.0112954983005527,0.29,FALSE
24,"Spiral ganglion neurons","Macrophages/Microglia","EFNA5_EPHA3",0.0105062167181645,0.3,FALSE
24,"Outer hair cells","Fibrocytes","EFNA5_EPHA3",0.00953267978362016,0.31,FALSE
24,"Outer hair cells","Glia/Schwann","EFNA5_EPHA3",0.00944274002207811,0.32,FALSE
24,"Spiral ganglion neurons","Fibrocytes","EFNA5_EPHA3",0.0087794248616037,0.33,FALSE
24,"Spiral ganglion neurons","Glia/Schwann","EFNA5_EPHA3",0.00869652957553448,0.33,FALSE
24,"Outer hair cells","Spiral ganglion neurons","EFNA5_EPHA3",0.00726102052635741,0.3,FALSE
24,"Outer hair cells","Outer hair cells","EFNA5_EPHA3",0.00671039278890139,0.33,FALSE
24,"Spiral ganglion neurons","Spiral ganglion neurons","EFNA5_EPHA3",0.00668605625041828,0.36,FALSE
24,"Spiral ganglion neurons","Outer hair cells","EFNA5_EPHA3",0.00617875862457359,0.34,FALSE
3,"Glia/Schwann","Spiral ganglion neurons","EFNA5_EPHA4",0.0481572702188125,0,TRUE
3,"Glia/Schwann","Inner hair cells","EFNA5_EPHA4",0.0255284447763005,0,TRUE
3,"Glia/Schwann","Supporting cells","EFNA5_EPHA4",0.0242501383865752,0,TRUE
3,"Fibrocytes","Spiral ganglion neurons","EFNA5_EPHA4",0.0235138892183175,0,TRUE
3,"Outer hair cells","Spiral ganglion neurons","EFNA5_EPHA4",0.0168110524868977,0,TRUE
3,"Glia/Schwann","Glia/Schwann","EFNA5_EPHA4",0.0150965417057021,0,TRUE
3,"Fibrocytes","Inner hair cells","EFNA5_EPHA4",0.0123150270723555,0,TRUE
3,"Fibrocytes","Supporting cells","EFNA5_EPHA4",0.011690429235913,0,TRUE
3,"Outer hair cells","Inner hair cells","EFNA5_EPHA4",0.00877583250634055,0,TRUE
3,"Outer hair cells","Supporting cells","EFNA5_EPHA4",0.00832922301877713,0,TRUE
3,"Inner hair cells","Spiral ganglion neurons","EFNA5_EPHA4",0.0075833472009338,0.02,TRUE
3,"Fibrocytes","Glia/Schwann","EFNA5_EPHA4",0.00724250355843977,0,TRUE
3,"Supporting cells","Spiral ganglion neurons","EFNA5_EPHA4",0.00686011584284933,0,TRUE
3,"Spiral ganglion neurons","Spiral ganglion neurons","EFNA5_EPHA4",0.00669123583923373,0.12,FALSE
3,"Outer hair cells","Glia/Schwann","EFNA5_EPHA4",0.00515348650702365,0.39,FALSE
3,"Inner hair cells","Inner hair cells","EFNA5_EPHA4",0.00394103664010637,0.62,FALSE
3,"Inner hair cells","Supporting cells","EFNA5_EPHA4",0.00373954572568668,0.69,FALSE
3,"Supporting cells","Inner hair cells","EFNA5_EPHA4",0.00356392859494816,0.93,FALSE
3,"Spiral ganglion neurons","Inner hair cells","EFNA5_EPHA4",0.00347590901145046,0.61,FALSE
3,"Supporting cells","Supporting cells","EFNA5_EPHA4",0.00338165239080873,1,FALSE
3,"Spiral ganglion neurons","Supporting cells","EFNA5_EPHA4",0.0032981196457154,0.69,FALSE
3,"Inner hair cells","Glia/Schwann","EFNA5_EPHA4",0.00230966931848529,0.86,FALSE
3,"Supporting cells","Glia/Schwann","EFNA5_EPHA4",0.00208833549385583,1,FALSE
3,"Spiral ganglion neurons","Glia/Schwann","EFNA5_EPHA4",0.00203668465730882,0.81,FALSE
12,"Glia/Schwann","Supporting cells","EFNA5_EPHA4",0.0221494078830432,0,TRUE
12,"Glia/Schwann","Glia/Schwann","EFNA5_EPHA4",0.0184040468940398,0,TRUE
12,"Glia/Schwann","Inner hair cells","EFNA5_EPHA4",0.0150489295919814,0,TRUE
12,"Fibrocytes","Supporting cells","EFNA5_EPHA4",0.00894154442936718,0,TRUE
12,"Fibrocytes","Glia/Schwann","EFNA5_EPHA4",0.00741264090597682,0,TRUE
12,"Fibrocytes","Inner hair cells","EFNA5_EPHA4",0.00604894454353571,0,TRUE
12,"Outer hair cells","Supporting cells","EFNA5_EPHA4",0.00385884164132988,0.06,FALSE
12,"Outer hair cells","Glia/Schwann","EFNA5_EPHA4",0.00319622027579643,0.11,FALSE
12,"Outer hair cells","Inner hair cells","EFNA5_EPHA4",0.00260617804414299,0.2,FALSE
24,"Glia/Schwann","Supporting cells","EFNA5_EPHA4",0.0220174284578081,0,TRUE
24,"Glia/Schwann","Outer hair cells","EFNA5_EPHA4",0.0174676565489776,0,TRUE
24,"Glia/Schwann","Spiral ganglion neurons","EFNA5_EPHA4",0.015754250927217,0,TRUE
24,"Outer hair cells","Supporting cells","EFNA5_EPHA4",0.00595961092629739,0.02,TRUE
24,"Spiral ganglion neurons","Supporting cells","EFNA5_EPHA4",0.00548712923855139,0.05,FALSE
24,"Outer hair cells","Outer hair cells","EFNA5_EPHA4",0.00471210445959694,0.03,TRUE
24,"Spiral ganglion neurons","Outer hair cells","EFNA5_EPHA4",0.00433809424280439,0.09,FALSE
24,"Outer hair cells","Spiral ganglion neurons","EFNA5_EPHA4",0.00424448817806322,0.05,FALSE
24,"Spiral ganglion neurons","Spiral ganglion neurons","EFNA5_EPHA4",0.00390744799165689,0.16,FALSE
3,"Spiral ganglion neurons","Spiral ganglion neurons","EFNB2_EPHA4",0.00633793995135977,0,TRUE
3,"Spiral ganglion neurons","Inner hair cells","EFNB2_EPHA4",0.00329181911233767,0,TRUE
3,"Spiral ganglion neurons","Supporting cells","EFNB2_EPHA4",0.00312341625318986,0,TRUE
3,"Spiral ganglion neurons","Glia/Schwann","EFNB2_EPHA4",0.00192867094085223,0,TRUE
12,"Glia/Schwann","Supporting cells","EFNB2_EPHA4",0.00245537453841781,0,TRUE
12,"Glia/Schwann","Glia/Schwann","EFNB2_EPHA4",0.00203325775598627,0,TRUE
12,"Glia/Schwann","Inner hair cells","EFNB2_EPHA4",0.00165754867080779,0,TRUE
3,"Spiral ganglion neurons","Fibrocytes","FGF1_FGFR1",0.00564082384251105,0,TRUE
3,"Spiral ganglion neurons","Supporting cells","FGF1_FGFR1",0.00530634485749108,0,TRUE
3,"Spiral ganglion neurons","Glia/Schwann","FGF1_FGFR1",0.00418680889494384,0,TRUE
3,"Spiral ganglion neurons","Inner hair cells","FGF1_FGFR1",0.00219293210659273,0.01,TRUE
3,"Spiral ganglion neurons","Spiral ganglion neurons","FGF1_FGFR1",0.00214572477301853,0,TRUE
3,"Spiral ganglion neurons","Glia/Schwann","FGF1_FGFR2",0.0360164231124058,0,TRUE
3,"Spiral ganglion neurons","Supporting cells","FGF1_FGFR2",0.0358931892520077,0,TRUE
3,"Spiral ganglion neurons","Spiral ganglion neurons","FGF1_FGFR2",0.0196732291176498,0,TRUE
3,"Spiral ganglion neurons","Inner hair cells","FGF1_FGFR2",0.0193030555769223,0,TRUE
3,"Spiral ganglion neurons","Macrophages/Microglia","FGF1_FGFR2",0.0190613325417,0,TRUE
3,"Spiral ganglion neurons","Fibrocytes","FGF1_FGFR2",0.00879443866422845,0.01,TRUE
3,"Spiral ganglion neurons","Outer hair cells","FGF1_FGFR2",0.00829304024052456,0.01,TRUE
3,"Supporting cells","Macrophages/Microglia","FN1_ITGAV_ITGB1",0.0215660809318705,0,TRUE
3,"Supporting cells","Supporting cells","FN1_ITGAV_ITGB1",0.0159803974598557,0,TRUE
3,"Macrophages/Microglia","Macrophages/Microglia","FN1_ITGAV_ITGB1",0.00815785116232864,0.42,FALSE
3,"Outer hair cells","Macrophages/Microglia","FN1_ITGAV_ITGB1",0.00626964212219272,0.43,FALSE
3,"Macrophages/Microglia","Supporting cells","FN1_ITGAV_ITGB1",0.00602356225161523,0.47,FALSE
3,"Inner hair cells","Macrophages/Microglia","FN1_ITGAV_ITGB1",0.00580852599172021,0.45,FALSE
3,"Spiral ganglion neurons","Macrophages/Microglia","FN1_ITGAV_ITGB1",0.005355056437939,0.43,FALSE
3,"Outer hair cells","Supporting cells","FN1_ITGAV_ITGB1",0.00462704927614283,0.52,FALSE
3,"Glia/Schwann","Macrophages/Microglia","FN1_ITGAV_ITGB1",0.00439796716842687,0.44,FALSE
3,"Inner hair cells","Supporting cells","FN1_ITGAV_ITGB1",0.00428622056630585,0.55,FALSE
3,"Spiral ganglion neurons","Supporting cells","FN1_ITGAV_ITGB1",0.00395112453628116,0.51,FALSE
3,"Fibrocytes","Macrophages/Microglia","FN1_ITGAV_ITGB1",0.00326125638206439,0.45,FALSE
3,"Glia/Schwann","Supporting cells","FN1_ITGAV_ITGB1",0.00324413638094782,0.56,FALSE
3,"Fibrocytes","Supporting cells","FN1_ITGAV_ITGB1",0.00240492752736107,0.56,FALSE
12,"Supporting cells","Macrophages/Microglia","FN1_ITGAV_ITGB1",0.0157290427210669,0,TRUE
12,"Supporting cells","Supporting cells","FN1_ITGAV_ITGB1",0.0113618366821424,0,TRUE
12,"Spiral ganglion neurons","Macrophages/Microglia","FN1_ITGAV_ITGB1",0.0054747946349253,0.32,FALSE
12,"Inner hair cells","Macrophages/Microglia","FN1_ITGAV_ITGB1",0.00523357312412079,0.31,FALSE
12,"Spiral ganglion neurons","Supporting cells","FN1_ITGAV_ITGB1",0.00394329847019048,0.68,FALSE
12,"Inner hair cells","Supporting cells","FN1_ITGAV_ITGB1",0.00376929951036407,0.99,FALSE
12,"Glia/Schwann","Macrophages/Microglia","FN1_ITGAV_ITGB1",0.00364929618573958,0.56,FALSE
12,"Outer hair cells","Macrophages/Microglia","FN1_ITGAV_ITGB1",0.00291012708601589,0.6,FALSE
12,"Glia/Schwann","Supporting cells","FN1_ITGAV_ITGB1",0.00262710838875295,1,FALSE
12,"Outer hair cells","Supporting cells","FN1_ITGAV_ITGB1",0.00209454933681603,1,FALSE
12,"Fibrocytes","Macrophages/Microglia","FN1_ITGAV_ITGB1",0.00152439819067285,0.61,FALSE
12,"Fibrocytes","Supporting cells","FN1_ITGAV_ITGB1",0.0010967507579164,1,FALSE
3,"Spiral ganglion neurons","Macrophages/Microglia","GAS6_AXL",0.00190967167852957,0,TRUE
3,"Spiral ganglion neurons","Macrophages/Microglia","GAS6_MERTK",0.0175683364247855,0,TRUE
3,"Spiral ganglion neurons","Supporting cells","GAS6_MERTK",0.00450590503405568,0,TRUE
3,"Spiral ganglion neurons","Fibrocytes","GAS6_MERTK",0.00223070400337621,0,TRUE
3,"Spiral ganglion neurons","Spiral ganglion neurons","GAS6_MERTK",0.00142656771346004,0,TRUE
3,"Supporting cells","Outer hair cells","IGF1_IGF1R",0.0115980122764718,0,TRUE
3,"Supporting cells","Fibrocytes","IGF1_IGF1R",0.00982676292874842,0,TRUE
3,"Supporting cells","Glia/Schwann","IGF1_IGF1R",0.0076795249159265,0,TRUE
3,"Supporting cells","Macrophages/Microglia","IGF1_IGF1R",0.00697240230262426,0,TRUE
3,"Supporting cells","Supporting cells","IGF1_IGF1R",0.00683676855268862,0,TRUE
3,"Supporting cells","Spiral ganglion neurons","IGF1_IGF1R",0.00503391700357159,0,TRUE
3,"Supporting cells","Inner hair cells","IGF1_IGF1R",0.00472795955006433,0,TRUE
3,"Supporting cells","Macrophages/Microglia","LAMA2_ITGA6_ITGB1",0.0169297289924492,0,TRUE
3,"Fibrocytes","Macrophages/Microglia","LAMA2_ITGA6_ITGB1",0.00855377255912513,0,TRUE
3,"Glia/Schwann","Macrophages/Microglia","LAMA2_ITGA6_ITGB1",0.00712942736023761,0,TRUE
3,"Spiral ganglion neurons","Macrophages/Microglia","LAMA2_ITGA6_ITGB1",0.00532850522878788,0,TRUE
3,"Inner hair cells","Macrophages/Microglia","LAMA2_ITGA6_ITGB1",0.00465445818988155,0,TRUE
12,"Fibrocytes","Macrophages/Microglia","LAMA2_ITGA6_ITGB1",0.00692692944033906,0,TRUE
12,"Supporting cells","Macrophages/Microglia","LAMA2_ITGA6_ITGB1",0.00617086167848835,0,TRUE
12,"Glia/Schwann","Macrophages/Microglia","LAMA2_ITGA6_ITGB1",0.0026021626811047,0,TRUE
12,"Spiral ganglion neurons","Macrophages/Microglia","LAMA2_ITGA6_ITGB1",0.00204618576579912,0,TRUE
3,"Supporting cells","Macrophages/Microglia","LAMA4_ITGA6_ITGB1",0.00258304257059889,0,TRUE
12,"Supporting cells","Macrophages/Microglia","LAMA4_ITGA6_ITGB1",0.00272608660052846,0,TRUE
3,"Outer hair cells","Spiral ganglion neurons","LAMA5_SV2A",0.00520178735207088,0,TRUE
3,"Glia/Schwann","Macrophages/Microglia","LAMB1_ITGA6_ITGB1",0.00405352632605179,0,TRUE
12,"Glia/Schwann","Macrophages/Microglia","LAMB1_ITGA6_ITGB1",0.00315003169737195,0,TRUE
3,"Glia/Schwann","Glia/Schwann","MPZ_MPZ",0.00466136099838019,0,TRUE
3,"Glia/Schwann","Glia/Schwann","MPZ_MPZL1",0.0066852366605704,0,TRUE
3,"Glia/Schwann","Fibrocytes","MPZ_MPZL1",0.00617694346247288,0,TRUE
3,"Glia/Schwann","Supporting cells","MPZ_MPZL1",0.00465844399425877,0,TRUE
3,"Glia/Schwann","Spiral ganglion neurons","MPZ_MPZL1",0.00333184740438206,0,TRUE
3,"Glia/Schwann","Inner hair cells","MPZ_MPZL1",0.00255708013217431,0,TRUE
3,"Spiral ganglion neurons","Spiral ganglion neurons","NCAM1_NCAM1",0.0624667952784358,0,TRUE
12,"Spiral ganglion neurons","Spiral ganglion neurons","NCAM1_NCAM1",0.0126854353689251,0,TRUE
24,"Spiral ganglion neurons","Spiral ganglion neurons","NCAM1_NCAM1",0.012985750189924,0,TRUE
3,"Spiral ganglion neurons","Supporting cells","NRG1_ERBB4",0.112623588215934,0,TRUE
3,"Spiral ganglion neurons","Glia/Schwann","NRG1_ERBB4",0.0769019610872355,0,TRUE
3,"Spiral ganglion neurons","Fibrocytes","NRG1_ERBB4",0.0750474377782351,0,TRUE
3,"Spiral ganglion neurons","Spiral ganglion neurons","NRG1_ERBB4",0.0570151508250889,0,TRUE
3,"Spiral ganglion neurons","Inner hair cells","NRG1_ERBB4",0.0513499525801559,0,TRUE
3,"Spiral ganglion neurons","Macrophages/Microglia","NRG1_ERBB4",0.0315886355992199,0,TRUE
3,"Spiral ganglion neurons","Outer hair cells","NRG1_ERBB4",0.0254563900511238,0,TRUE
24,"Spiral ganglion neurons","Supporting cells","NRG1_ERBB4",0.0429814391703703,0,TRUE
24,"Spiral ganglion neurons","Glia/Schwann","NRG1_ERBB4",0.0284926798735804,0,TRUE
24,"Spiral ganglion neurons","Outer hair cells","NRG1_ERBB4",0.0273132075988386,0,TRUE
24,"Spiral ganglion neurons","Fibrocytes","NRG1_ERBB4",0.026534043087559,0,TRUE
24,"Spiral ganglion neurons","Inner hair cells","NRG1_ERBB4",0.016091407281887,0,TRUE
24,"Spiral ganglion neurons","Macrophages/Microglia","NRG1_ERBB4",0.0098109151091828,0,TRUE
24,"Spiral ganglion neurons","Spiral ganglion neurons","NRG1_ERBB4",0.00872851390653731,0,TRUE
3,"Spiral ganglion neurons","Supporting cells","NRG3_ERBB4",0.274816090751913,0,TRUE
3,"Spiral ganglion neurons","Glia/Schwann","NRG3_ERBB4",0.199198837657351,0,TRUE
3,"Spiral ganglion neurons","Fibrocytes","NRG3_ERBB4",0.195018144314004,0,TRUE
3,"Spiral ganglion neurons","Spiral ganglion neurons","NRG3_ERBB4",0.152925434366498,0,TRUE
3,"Spiral ganglion neurons","Inner hair cells","NRG3_ERBB4",0.13913643177444,0,TRUE
3,"Spiral ganglion neurons","Macrophages/Microglia","NRG3_ERBB4",0.0887523628978654,0,TRUE
3,"Spiral ganglion neurons","Outer hair cells","NRG3_ERBB4",0.0723521126595439,0,TRUE
12,"Spiral ganglion neurons","Supporting cells","NRG3_ERBB4",0.235694460828851,0,TRUE
12,"Spiral ganglion neurons","Fibrocytes","NRG3_ERBB4",0.18043646979868,0,TRUE
12,"Spiral ganglion neurons","Glia/Schwann","NRG3_ERBB4",0.159480998770324,0,TRUE
12,"Spiral ganglion neurons","Inner hair cells","NRG3_ERBB4",0.140502895228038,0,TRUE
12,"Spiral ganglion neurons","Outer hair cells","NRG3_ERBB4",0.130646969860972,0,TRUE
12,"Spiral ganglion neurons","Macrophages/Microglia","NRG3_ERBB4",0.0847282124467479,0,TRUE
12,"Spiral ganglion neurons","Spiral ganglion neurons","NRG3_ERBB4",0.0569198809170115,0,TRUE
24,"Spiral ganglion neurons","Supporting cells","NRG3_ERBB4",0.283227878177298,0,TRUE
24,"Spiral ganglion neurons","Glia/Schwann","NRG3_ERBB4",0.205110646138262,0,TRUE
24,"Spiral ganglion neurons","Outer hair cells","NRG3_ERBB4",0.198110873295425,0,TRUE
24,"Spiral ganglion neurons","Fibrocytes","NRG3_ERBB4",0.193428273996872,0,TRUE
24,"Spiral ganglion neurons","Inner hair cells","NRG3_ERBB4",0.125790817273375,0,TRUE
24,"Spiral ganglion neurons","Macrophages/Microglia","NRG3_ERBB4",0.0801838177076147,0,TRUE
24,"Spiral ganglion neurons","Spiral ganglion neurons","NRG3_ERBB4",0.0719012104113745,0,TRUE
3,"Inner hair cells","Glia/Schwann","NRXN1_NLGN1",0.0859911883412275,0,TRUE
3,"Spiral ganglion neurons","Glia/Schwann","NRXN1_NLGN1",0.085767406787579,0,TRUE
3,"Inner hair cells","Spiral ganglion neurons","NRXN1_NLGN1",0.0431719336098168,0,TRUE
3,"Spiral ganglion neurons","Spiral ganglion neurons","NRXN1_NLGN1",0.0430543349388033,0,TRUE
3,"Supporting cells","Glia/Schwann","NRXN1_NLGN1",0.014491003652328,0,TRUE
3,"Supporting cells","Spiral ganglion neurons","NRXN1_NLGN1",0.00700245095884524,0,TRUE
12,"Spiral ganglion neurons","Glia/Schwann","NRXN1_NLGN1",0.0760567644211325,0,TRUE
12,"Inner hair cells","Glia/Schwann","NRXN1_NLGN1",0.064984386235059,0,TRUE
12,"Supporting cells","Glia/Schwann","NRXN1_NLGN1",0.00755244862770131,0,TRUE
24,"Spiral ganglion neurons","Glia/Schwann","NRXN1_NLGN1",0.0794784066857983,0,TRUE
24,"Inner hair cells","Glia/Schwann","NRXN1_NLGN1",0.0696434669301629,0,TRUE
24,"Spiral ganglion neurons","Spiral ganglion neurons","NRXN1_NLGN1",0.0592243992452734,0,TRUE
24,"Inner hair cells","Spiral ganglion neurons","NRXN1_NLGN1",0.0517548493154068,0,TRUE
3,"Inner hair cells","Spiral ganglion neurons","NRXN1_NLGN2",0.0256040553033254,0,TRUE
3,"Spiral ganglion neurons","Spiral ganglion neurons","NRXN1_NLGN2",0.025533033857085,0,TRUE
3,"Supporting cells","Spiral ganglion neurons","NRXN1_NLGN2",0.00409004106808714,0.05,FALSE
12,"Spiral ganglion neurons","Supporting cells","NRXN1_NLGN2",0.0106076529816825,0,TRUE
12,"Inner hair cells","Supporting cells","NRXN1_NLGN2",0.00897087443522112,0,TRUE
12,"Supporting cells","Supporting cells","NRXN1_NLGN2",0.000990166388225698,0,TRUE
3,"Fibrocytes","Glia/Schwann","NRXN3_NLGN1",0.0259404925742172,0,TRUE
3,"Supporting cells","Glia/Schwann","NRXN3_NLGN1",0.0129932789165817,0,TRUE
3,"Fibrocytes","Spiral ganglion neurons","NRXN3_NLGN1",0.0126108713907936,0,TRUE
3,"Glia/Schwann","Glia/Schwann","NRXN3_NLGN1",0.0124385052905402,0,TRUE
3,"Spiral ganglion neurons","Glia/Schwann","NRXN3_NLGN1",0.00912564422097336,0,TRUE
3,"Supporting cells","Spiral ganglion neurons","NRXN3_NLGN1",0.00627378203088905,0,TRUE
3,"Glia/Schwann","Spiral ganglion neurons","NRXN3_NLGN1",0.00600416526962292,0,TRUE
3,"Spiral ganglion neurons","Spiral ganglion neurons","NRXN3_NLGN1",0.00439739012940037,0.01,TRUE
12,"Fibrocytes","Glia/Schwann","NRXN3_NLGN1",0.0173565227011194,0,TRUE
12,"Glia/Schwann","Glia/Schwann","NRXN3_NLGN1",0.00891773163039036,0,TRUE
12,"Supporting cells","Glia/Schwann","NRXN3_NLGN1",0.00687322458677835,0,TRUE
24,"Fibrocytes","Glia/Schwann","NRXN3_NLGN1",0.0566822070623314,0,TRUE
24,"Fibrocytes","Spiral ganglion neurons","NRXN3_NLGN1",0.0419726213749139,0,TRUE
24,"Inner hair cells","Glia/Schwann","NRXN3_NLGN1",0.0130595115877616,0,TRUE
24,"Glia/Schwann","Glia/Schwann","NRXN3_NLGN1",0.0121323008838033,0,TRUE
24,"Spiral ganglion neurons","Glia/Schwann","NRXN3_NLGN1",0.0110436763520127,0,TRUE
24,"Supporting cells","Glia/Schwann","NRXN3_NLGN1",0.0102707293433987,0,TRUE
24,"Macrophages/Microglia","Glia/Schwann","NRXN3_NLGN1",0.00999011553277042,0,TRUE
24,"Inner hair cells","Spiral ganglion neurons","NRXN3_NLGN1",0.00955576464854042,0,TRUE
24,"Glia/Schwann","Spiral ganglion neurons","NRXN3_NLGN1",0.00887507905769159,0,TRUE
24,"Spiral ganglion neurons","Spiral ganglion neurons","NRXN3_NLGN1",0.00807633375867453,0,TRUE
24,"Supporting cells","Spiral ganglion neurons","NRXN3_NLGN1",0.00750949406485024,0,TRUE
24,"Macrophages/Microglia","Spiral ganglion neurons","NRXN3_NLGN1",0.00730376517671116,0,TRUE
3,"Inner hair cells","Spiral ganglion neurons","NTF3_NTRK2",0.0366342783747216,0,TRUE
3,"Inner hair cells","Inner hair cells","NTF3_NTRK2",0.00291177001047308,0,TRUE
3,"Inner hair cells","Spiral ganglion neurons","NTF3_NTRK3",0.0232908117666364,0,TRUE
3,"Supporting cells","Macrophages/Microglia","PROS1_AXL",0.000620854689565836,0,TRUE
3,"Supporting cells","Inner hair cells","PTN_ALK",0.317310127597561,0,TRUE
3,"Fibrocytes","Inner hair cells","PTN_ALK",0.273581784835085,0,TRUE
3,"Outer hair cells","Inner hair cells","PTN_ALK",0.247285548907177,0,TRUE
3,"Macrophages/Microglia","Inner hair cells","PTN_ALK",0.239089094420536,0,TRUE
3,"Glia/Schwann","Inner hair cells","PTN_ALK",0.237272045511496,0,TRUE
3,"Inner hair cells","Inner hair cells","PTN_ALK",0.23321219225046,0,TRUE
3,"Spiral ganglion neurons","Inner hair cells","PTN_ALK",0.230939092584089,0,TRUE
12,"Supporting cells","Inner hair cells","PTN_ALK",0.210155846122085,0,TRUE
12,"Spiral ganglion neurons","Inner hair cells","PTN_ALK",0.171625694459325,0,TRUE
12,"Fibrocytes","Inner hair cells","PTN_ALK",0.170167152999364,0,TRUE
12,"Inner hair cells","Inner hair cells","PTN_ALK",0.165355520383107,0,TRUE
12,"Outer hair cells","Inner hair cells","PTN_ALK",0.162345445843803,0,TRUE
12,"Macrophages/Microglia","Inner hair cells","PTN_ALK",0.15252433538682,0,TRUE
12,"Glia/Schwann","Inner hair cells","PTN_ALK",0.146927819135996,0,TRUE
24,"Supporting cells","Inner hair cells","PTN_ALK",0.227429017345705,0,TRUE
24,"Fibrocytes","Inner hair cells","PTN_ALK",0.168200272731881,0,TRUE
24,"Macrophages/Microglia","Inner hair cells","PTN_ALK",0.1134014159151,0,TRUE
24,"Inner hair cells","Inner hair cells","PTN_ALK",0.0917939682923491,0,TRUE
24,"Spiral ganglion neurons","Inner hair cells","PTN_ALK",0.0567041094414266,0,TRUE
24,"Glia/Schwann","Inner hair cells","PTN_ALK",0.054869569961471,0,TRUE
24,"Outer hair cells","Inner hair cells","PTN_ALK",0.05385988502376,0,TRUE
3,"Supporting cells","Glia/Schwann","PTN_PTPRZ1",0.216563667840741,0,TRUE
3,"Fibrocytes","Glia/Schwann","PTN_PTPRZ1",0.182997533770206,0,TRUE
3,"Outer hair cells","Glia/Schwann","PTN_PTPRZ1",0.163449017251016,0,TRUE
3,"Macrophages/Microglia","Glia/Schwann","PTN_PTPRZ1",0.157450120041152,0,TRUE
3,"Glia/Schwann","Glia/Schwann","PTN_PTPRZ1",0.156126212428496,0,TRUE
3,"Inner hair cells","Glia/Schwann","PTN_PTPRZ1",0.153175970978122,0,TRUE
3,"Spiral ganglion neurons","Glia/Schwann","PTN_PTPRZ1",0.151528816885918,0,TRUE
3,"Supporting cells","Inner hair cells","PTN_PTPRZ1",0.0756423788679946,0,TRUE
3,"Fibrocytes","Inner hair cells","PTN_PTPRZ1",0.0621845525347796,0,TRUE
3,"Outer hair cells","Inner hair cells","PTN_PTPRZ1",0.0546780364939796,0,TRUE
3,"Macrophages/Microglia","Inner hair cells","PTN_PTPRZ1",0.0524210872957802,0,TRUE
3,"Glia/Schwann","Inner hair cells","PTN_PTPRZ1",0.0519258817476042,0,TRUE
3,"Inner hair cells","Inner hair cells","PTN_PTPRZ1",0.0508260702770104,0,TRUE
3,"Spiral ganglion neurons","Inner hair cells","PTN_PTPRZ1",0.0502142573211715,0,TRUE
12,"Supporting cells","Glia/Schwann","PTN_PTPRZ1",0.275496024573566,0,TRUE
12,"Spiral ganglion neurons","Glia/Schwann","PTN_PTPRZ1",0.228451256952913,0,TRUE
12,"Fibrocytes","Glia/Schwann","PTN_PTPRZ1",0.226641917594629,0,TRUE
12,"Inner hair cells","Glia/Schwann","PTN_PTPRZ1",0.220658028942837,0,TRUE
12,"Outer hair cells","Glia/Schwann","PTN_PTPRZ1",0.216902864432928,0,TRUE
12,"Macrophages/Microglia","Glia/Schwann","PTN_PTPRZ1",0.204587393995629,0,TRUE
12,"Glia/Schwann","Glia/Schwann","PTN_PTPRZ1",0.197525799132536,0,TRUE
12,"Supporting cells","Inner hair cells","PTN_PTPRZ1",0.132908654445893,0,TRUE
12,"Spiral ganglion neurons","Inner hair cells","PTN_PTPRZ1",0.10662911940451,0,TRUE
12,"Fibrocytes","Inner hair cells","PTN_PTPRZ1",0.105652494100295,0,TRUE
12,"Inner hair cells","Inner hair cells","PTN_PTPRZ1",0.102439880426928,0,TRUE
12,"Outer hair cells","Inner hair cells","PTN_PTPRZ1",0.100437280899843,0,TRUE
12,"Macrophages/Microglia","Inner hair cells","PTN_PTPRZ1",0.0939413031429785,0,TRUE
12,"Glia/Schwann","Inner hair cells","PTN_PTPRZ1",0.0902653993057982,0,TRUE
24,"Supporting cells","Glia/Schwann","PTN_PTPRZ1",0.273696382956348,0,TRUE
24,"Fibrocytes","Glia/Schwann","PTN_PTPRZ1",0.205625354676957,0,TRUE
24,"Supporting cells","Inner hair cells","PTN_PTPRZ1",0.186893277367057,0,TRUE
24,"Macrophages/Microglia","Glia/Schwann","PTN_PTPRZ1",0.140695970756723,0,TRUE
24,"Fibrocytes","Inner hair cells","PTN_PTPRZ1",0.136357918459327,0,TRUE
24,"Inner hair cells","Glia/Schwann","PTN_PTPRZ1",0.114559828096271,0,TRUE
24,"Macrophages/Microglia","Inner hair cells","PTN_PTPRZ1",0.0908006972112023,0,TRUE
24,"Inner hair cells","Inner hair cells","PTN_PTPRZ1",0.0731443071360154,0,TRUE
24,"Spiral ganglion neurons","Glia/Schwann","PTN_PTPRZ1",0.0714519892078908,0,TRUE
24,"Glia/Schwann","Glia/Schwann","PTN_PTPRZ1",0.0691753039088477,0,TRUE
24,"Outer hair cells","Glia/Schwann","PTN_PTPRZ1",0.067921289493072,0,TRUE
24,"Spiral ganglion neurons","Inner hair cells","PTN_PTPRZ1",0.044831693135763,0.02,TRUE
24,"Glia/Schwann","Inner hair cells","PTN_PTPRZ1",0.0433636026519623,0.05,FALSE
24,"Outer hair cells","Inner hair cells","PTN_PTPRZ1",0.0425561119091644,0.04,TRUE
24,"Supporting cells","Outer hair cells","PTN_PTPRZ1",0.0354092624703452,0.06,FALSE
24,"Fibrocytes","Outer hair cells","PTN_PTPRZ1",0.02459568407629,0.11,FALSE
24,"Macrophages/Microglia","Outer hair cells","PTN_PTPRZ1",0.0156994871695605,0.17,FALSE
24,"Inner hair cells","Outer hair cells","PTN_PTPRZ1",0.012446767837278,0.17,FALSE
24,"Spiral ganglion neurons","Outer hair cells","PTN_PTPRZ1",0.00744028458747339,0.19,FALSE
24,"Glia/Schwann","Outer hair cells","PTN_PTPRZ1",0.00718742606357557,0.2,FALSE
24,"Outer hair cells","Outer hair cells","PTN_PTPRZ1",0.00704862262099178,0.19,FALSE
3,"Supporting cells","Fibrocytes","PTN_SDC2",0.0465544738544718,0,TRUE
3,"Fibrocytes","Fibrocytes","PTN_SDC2",0.0380587116560193,0.05,FALSE
3,"Outer hair cells","Fibrocytes","PTN_SDC2",0.0333609109273292,0.12,FALSE
3,"Macrophages/Microglia","Fibrocytes","PTN_SDC2",0.0319541272390319,0.17,FALSE
3,"Glia/Schwann","Fibrocytes","PTN_SDC2",0.0316458095921416,0.15,FALSE
3,"Inner hair cells","Fibrocytes","PTN_SDC2",0.0309615107558115,0.17,FALSE
3,"Spiral ganglion neurons","Fibrocytes","PTN_SDC2",0.0305811111028045,0.18,FALSE
3,"Supporting cells","Supporting cells","PTN_SDC2",0.0229448928431499,0.01,TRUE
3,"Fibrocytes","Supporting cells","PTN_SDC2",0.018673278681269,0.06,FALSE
3,"Outer hair cells","Supporting cells","PTN_SDC2",0.0163277153213915,0.06,FALSE
3,"Macrophages/Microglia","Supporting cells","PTN_SDC2",0.0156275858811247,0.07,FALSE
3,"Glia/Schwann","Supporting cells","PTN_SDC2",0.0154742809422272,0.08,FALSE
3,"Inner hair cells","Supporting cells","PTN_SDC2",0.0151342048547393,0.08,FALSE
3,"Spiral ganglion neurons","Supporting cells","PTN_SDC2",0.0149452637447315,0.08,FALSE
12,"Supporting cells","Fibrocytes","PTN_SDC2",0.0634633340881688,0,TRUE
12,"Supporting cells","Glia/Schwann","PTN_SDC2",0.0528278530928923,0,TRUE
12,"Spiral ganglion neurons","Fibrocytes","PTN_SDC2",0.0501212498078606,0,TRUE
12,"Fibrocytes","Fibrocytes","PTN_SDC2",0.0496334306045193,0,TRUE
12,"Inner hair cells","Fibrocytes","PTN_SDC2",0.0480327248159868,0,TRUE
12,"Outer hair cells","Fibrocytes","PTN_SDC2",0.0470379920838577,0,TRUE
12,"Macrophages/Microglia","Fibrocytes","PTN_SDC2",0.0438274505303999,0,TRUE
12,"Glia/Schwann","Fibrocytes","PTN_SDC2",0.0420215459565123,0,TRUE
12,"Spiral ganglion neurons","Glia/Schwann","PTN_SDC2",0.0416223264507948,0.03,TRUE
12,"Fibrocytes","Glia/Schwann","PTN_SDC2",0.0412136364148315,0.03,TRUE
12,"Inner hair cells","Glia/Schwann","PTN_SDC2",0.0398730809618886,0.03,TRUE
12,"Outer hair cells","Glia/Schwann","PTN_SDC2",0.0390404002169104,0.03,TRUE
12,"Macrophages/Microglia","Glia/Schwann","PTN_SDC2",0.0363549034981042,0.07,FALSE
12,"Glia/Schwann","Glia/Schwann","PTN_SDC2",0.0348456833240148,0.11,FALSE
12,"Supporting cells","Supporting cells","PTN_SDC2",0.015216106729285,1,FALSE
12,"Spiral ganglion neurons","Supporting cells","PTN_SDC2",0.0118884221273457,1,FALSE
12,"Fibrocytes","Supporting cells","PTN_SDC2",0.0117681045900867,1,FALSE
12,"Inner hair cells","Supporting cells","PTN_SDC2",0.0113739616369688,1,FALSE
12,"Outer hair cells","Supporting cells","PTN_SDC2",0.0111295371220936,1,FALSE
12,"Macrophages/Microglia","Supporting cells","PTN_SDC2",0.0103432975077297,1,FALSE
12,"Glia/Schwann","Supporting cells","PTN_SDC2",0.00990281396083405,1,FALSE
24,"Supporting cells","Fibrocytes","PTN_SDC2",0.0697998907259969,0,TRUE
24,"Fibrocytes","Fibrocytes","PTN_SDC2",0.0490175175498753,0,TRUE
24,"Supporting cells","Glia/Schwann","PTN_SDC2",0.037373269019097,0.07,FALSE
24,"Macrophages/Microglia","Fibrocytes","PTN_SDC2",0.0315739404165526,0.25,FALSE
24,"Fibrocytes","Glia/Schwann","PTN_SDC2",0.0259760577614257,0.38,FALSE
24,"Inner hair cells","Fibrocytes","PTN_SDC2",0.0251161750767455,0.39,FALSE
24,"Supporting cells","Inner hair cells","PTN_SDC2",0.0166497935811312,0.5,FALSE
24,"Macrophages/Microglia","Glia/Schwann","PTN_SDC2",0.0165890745803531,0.6,FALSE
24,"Spiral ganglion neurons","Fibrocytes","PTN_SDC2",0.0150915322735319,0.64,FALSE
24,"Glia/Schwann","Fibrocytes","PTN_SDC2",0.0145824659071034,0.64,FALSE
24,"Outer hair cells","Fibrocytes","PTN_SDC2",0.0143029070152517,0.62,FALSE
24,"Inner hair cells","Glia/Schwann","PTN_SDC2",0.0131545080685825,0.61,FALSE
24,"Fibrocytes","Inner hair cells","PTN_SDC2",0.0114968571223156,0.5,FALSE
24,"Spiral ganglion neurons","Glia/Schwann","PTN_SDC2",0.0078656167080376,0.67,FALSE
24,"Glia/Schwann","Glia/Schwann","PTN_SDC2",0.00759841390410043,0.67,FALSE
24,"Outer hair cells","Glia/Schwann","PTN_SDC2",0.00745173304425051,0.67,FALSE
24,"Macrophages/Microglia","Inner hair cells","PTN_SDC2",0.00730300017046702,0.51,FALSE
24,"Inner hair cells","Inner hair cells","PTN_SDC2",0.00577970331500177,0.51,FALSE
24,"Spiral ganglion neurons","Inner hair cells","PTN_SDC2",0.00344556759600477,0.51,FALSE
24,"Glia/Schwann","Inner hair cells","PTN_SDC2",0.00332801457143836,0.51,FALSE
24,"Outer hair cells","Inner hair cells","PTN_SDC2",0.00326349901511454,0.51,FALSE
3,"Macrophages/Microglia","Macrophages/Microglia","PTPRC_MRC1",0.064301160086734,0,TRUE
12,"Macrophages/Microglia","Macrophages/Microglia","PTPRC_MRC1",0.0882813233728293,0,TRUE
24,"Macrophages/Microglia","Macrophages/Microglia","PTPRC_MRC1",0.0447300343885107,0,TRUE
3,"Outer hair cells","Spiral ganglion neurons","SEMA3A_NRP1_PLXNA1",0.0180677650539098,0,TRUE
3,"Inner hair cells","Spiral ganglion neurons","SEMA3A_NRP1_PLXNA1",0.00967555467750517,0,TRUE
3,"Glia/Schwann","Spiral ganglion neurons","SEMA3A_NRP1_PLXNA1",0.00569540011386282,0,TRUE
3,"Spiral ganglion neurons","Spiral ganglion neurons","SEMA3A_NRP1_PLXNA1",0.00178321816600824,0,TRUE
3,"Outer hair cells","Supporting cells","SEMA3A_NRP1_PLXNA2",0.0229965793512996,0,TRUE
3,"Outer hair cells","Spiral ganglion neurons","SEMA3A_NRP1_PLXNA2",0.0210289339044941,0,TRUE
3,"Inner hair cells","Supporting cells","SEMA3A_NRP1_PLXNA2",0.0123437868011701,0,TRUE
3,"Inner hair cells","Spiral ganglion neurons","SEMA3A_NRP1_PLXNA2",0.0112771004148941,0,TRUE
3,"Glia/Schwann","Supporting cells","SEMA3A_NRP1_PLXNA2",0.0072740853064391,0,TRUE
3,"Glia/Schwann","Spiral ganglion neurons","SEMA3A_NRP1_PLXNA2",0.00664254991927436,0,TRUE
3,"Spiral ganglion neurons","Supporting cells","SEMA3A_NRP1_PLXNA2",0.00227998786745248,0.03,TRUE
3,"Spiral ganglion neurons","Spiral ganglion neurons","SEMA3A_NRP1_PLXNA2",0.00208113057677553,0.04,TRUE
12,"Outer hair cells","Supporting cells","SEMA3A_NRP1_PLXNA2",0.0141370136747383,0,TRUE
12,"Inner hair cells","Supporting cells","SEMA3A_NRP1_PLXNA2",0.0126472115227994,0,TRUE
12,"Glia/Schwann","Supporting cells","SEMA3A_NRP1_PLXNA2",0.00815357690204483,0,TRUE
24,"Outer hair cells","Supporting cells","SEMA3A_NRP1_PLXNA2",0.0230369038399337,0,TRUE
24,"Glia/Schwann","Supporting cells","SEMA3A_NRP1_PLXNA2",0.014459422611537,0,TRUE
24,"Inner hair cells","Supporting cells","SEMA3A_NRP1_PLXNA2",0.00586042780009704,0,TRUE
3,"Spiral ganglion neurons","Macrophages/Microglia","SPP1_ITGA9_ITGB1",0.0221531108565345,0,TRUE
3,"Inner hair cells","Macrophages/Microglia","SPP1_ITGA9_ITGB1",0.00503367774475378,0,TRUE
3,"Supporting cells","Macrophages/Microglia","SPP1_ITGA9_ITGB1",0.00485460599238722,0,TRUE
3,"Glia/Schwann","Macrophages/Microglia","SPP1_ITGA9_ITGB1",0.00338667130993728,0,TRUE
12,"Spiral ganglion neurons","Macrophages/Microglia","SPP1_ITGA9_ITGB1",0.00707887017354582,0,TRUE
24,"Spiral ganglion neurons","Macrophages/Microglia","SPP1_ITGA9_ITGB1",0.00410378974215029,0,TRUE
3,"Spiral ganglion neurons","Macrophages/Microglia","SPP1_ITGAV_ITGB1",0.0205822400566481,0,TRUE
3,"Spiral ganglion neurons","Supporting cells","SPP1_ITGAV_ITGB1",0.015247403547408,0,TRUE
3,"Inner hair cells","Macrophages/Microglia","SPP1_ITGAV_ITGB1",0.00467094241016339,0.03,TRUE
3,"Supporting cells","Macrophages/Microglia","SPP1_ITGAV_ITGB1",0.00450471644732794,0.03,TRUE
3,"Inner hair cells","Supporting cells","SPP1_ITGAV_ITGB1",0.00344574293442498,0,TRUE
3,"Supporting cells","Supporting cells","SPP1_ITGAV_ITGB1",0.00332297287668089,0,TRUE
3,"Glia/Schwann","Macrophages/Microglia","SPP1_ITGAV_ITGB1",0.00314224721781646,0.17,FALSE
3,"Glia/Schwann","Supporting cells","SPP1_ITGAV_ITGB1",0.00231709471338674,0.18,FALSE
12,"Spiral ganglion neurons","Macrophages/Microglia","SPP1_ITGAV_ITGB1",0.00640377386473109,0,TRUE
12,"Spiral ganglion neurons","Supporting cells","SPP1_ITGAV_ITGB1",0.00461361446804164,0.01,TRUE
3,"Spiral ganglion neurons","Macrophages/Microglia","SPP1_ITGAV_ITGB5",0.0232195586478045,0,TRUE
3,"Inner hair cells","Macrophages/Microglia","SPP1_ITGAV_ITGB5",0.0052804486681727,0,TRUE
3,"Supporting cells","Macrophages/Microglia","SPP1_ITGAV_ITGB5",0.00509264303910195,0,TRUE
3,"Glia/Schwann","Macrophages/Microglia","SPP1_ITGAV_ITGB5",0.0035529877503458,0.03,TRUE
12,"Spiral ganglion neurons","Macrophages/Microglia","SPP1_ITGAV_ITGB5",0.00774493263321115,0,TRUE
3,"Fibrocytes","Macrophages/Microglia","TGFB2_TGFBR1_TGFBR2",0.0235214460047748,0,TRUE
3,"Spiral ganglion neurons","Macrophages/Microglia","TGFB2_TGFBR1_TGFBR2",0.0134700295595385,0,TRUE
3,"Supporting cells","Macrophages/Microglia","TGFB2_TGFBR1_TGFBR2",0.0134321962261631,0,TRUE
3,"Fibrocytes","Supporting cells","TGFB2_TGFBR1_TGFBR2",0.00869776733131037,0,TRUE
3,"Spiral ganglion neurons","Supporting cells","TGFB2_TGFBR1_TGFBR2",0.00494402968645816,0.04,TRUE
3,"Supporting cells","Supporting cells","TGFB2_TGFBR1_TGFBR2",0.00493002369643326,0,TRUE
12,"Fibrocytes","Macrophages/Microglia","TGFB2_TGFBR1_TGFBR2",0.0192946221462476,0,TRUE
12,"Spiral ganglion neurons","Macrophages/Microglia","TGFB2_TGFBR1_TGFBR2",0.010452798930718,0.01,TRUE
12,"Glia/Schwann","Macrophages/Microglia","TGFB2_TGFBR1_TGFBR2",0.00711813847204742,0,TRUE
12,"Fibrocytes","Supporting cells","TGFB2_TGFBR1_TGFBR2",0.00393505452070924,0,TRUE
12,"Fibrocytes","Glia/Schwann","TGFB2_TGFBR1_TGFBR2",0.00232073502453073,0.02,TRUE
12,"Spiral ganglion neurons","Supporting cells","TGFB2_TGFBR1_TGFBR2",0.00211260518511913,0.35,FALSE
12,"Glia/Schwann","Supporting cells","TGFB2_TGFBR1_TGFBR2",0.00143589125872624,0.33,FALSE
12,"Spiral ganglion neurons","Glia/Schwann","TGFB2_TGFBR1_TGFBR2",0.0012449787680336,0.34,FALSE
12,"Glia/Schwann","Glia/Schwann","TGFB2_TGFBR1_TGFBR2",0.000846049059535951,0.31,FALSE
24,"Spiral ganglion neurons","Macrophages/Microglia","TGFB2_TGFBR1_TGFBR2",0.00868302435366628,0,TRUE
24,"Spiral ganglion neurons","Supporting cells","TGFB2_TGFBR1_TGFBR2",0.00301052175555439,0.01,TRUE
24,"Spiral ganglion neurons","Fibrocytes","TGFB2_TGFBR1_TGFBR2",0.00257720083500551,0.01,TRUE
24,"Spiral ganglion neurons","Glia/Schwann","TGFB2_TGFBR1_TGFBR2",0.00161737285979516,0.08,FALSE
3,"Spiral ganglion neurons","Supporting cells","VEGFA_VEGFR1",0.00369896366349184,0,TRUE
3,"Spiral ganglion neurons","Macrophages/Microglia","VEGFA_VEGFR1",0.00230931526432183,0,TRUE
3,"Spiral ganglion neurons","Spiral ganglion neurons","VEGFA_VEGFR1",0.00147762567464433,0,TRUE
