"age_months","cell_type","outgoing_probability","incoming_probability"
3,"Fibrocytes",1.50874247060402,0.830491797188359
3,"Glia/Schwann",2.00644186615609,2.3801446201739
3,"Inner hair cells",1.24315409965225,3.0244706698421
3,"Macrophages/Microglia",0.547373162459027,0.749546689598334
3,"Outer hair cells",1.02285910573806,0.170033664931199
3,"Spiral ganglion neurons",3.63597635098399,2.35914674043232
3,"Supporting cells",1.52732414435785,1.97803701778508
12,"Fibrocytes",1.49635832712326,1.02231998316555
12,"Glia/Schwann",1.88482667646237,2.70173379226576
12,"Inner hair cells",0.883591971532547,2.2636482057728
12,"Macrophages/Microglia",0.842392069331351,1.74814915479984
12,"Outer hair cells",0.916634974552745,0.295479421529313
12,"Spiral ganglion neurons",2.03571568035125,0.363343967651952
12,"Supporting cells",1.33264556031893,0.997490734487225
24,"Fibrocytes",0.843916949694942,0.697054065055942
24,"Glia/Schwann",1.52565410211453,2.03915282019633
24,"Inner hair cells",0.834503096448312,2.01166546016922
24,"Macrophages/Microglia",0.520839922807567,0.678556243469052
24,"Outer hair cells",0.585493323883362,0.476171027122945
24,"Spiral ganglion neurons",2.169004842424,0.69287020793088
24,"Supporting cells",0.965323045820945,0.849265459249284
