"age_months","pathway","total_probability","n_edges"
3,"AGRN",0.00295526130847117,2
3,"BMP",0.41405121974542,15
3,"CADM",0.324635221150849,8
3,"CD45",0.064301160086734,1
3,"CDH",0.086267068880915,4
3,"CLDN",0.0040171343767245,1
3,"CNTN",0.146640105390895,3
3,"COLLAGEN",0.0325154362219549,11
3,"EPHA",2.06487226269923,20
3,"EPHB",0.0175615269756202,4
3,"FGF",0.335662739768708,7
3,"FN1",0.113970589867581,9
3,"GAS",0.0276411848542069,4
3,"GRN",0.00866372630226007,2
3,"IGF",0.0526753475300955,7
3,"LAMININ",0.48670346799718,17
3,"MPZ",0.0892458434203667,10
3,"NCAM",0.155393565492211,5
3,"NEGR",0.167538348291575,5
3,"NGL",0.112949707764206,3
3,"NRG",1.69179422596525,7
3,"NRXN",0.457751542788578,10
3,"NT",0.0628368601518311,2
3,"PDGF",0.0205691690616348,4
3,"PROS",0.000620854689565836,1
3,"PTN",3.46543156819402,17
3,"PTPRM",0.526066692767721,6
3,"SEMA3",0.279521387411849,12
3,"SEMA5",0.0417359174897114,4
3,"SEMA6",0.0305898794539663,3
3,"SPP1",0.17039767816522,8
3,"TGFb",0.0817775617681196,6
3,"VEGF",0.007485904602458,3
12,"AGRN",0.00713280579435406,3
12,"APP",0.968813736361985,7
12,"BMP",0.323931394860095,17
12,"CADM",0.0645757190104507,15
12,"CD45",0.0882813233728293,1
12,"CDH",0.00532661115988718,1
12,"CLDN",0.0106853905085296,3
12,"CNTN",0.0305814540532518,3
12,"COLLAGEN",0.0371127829445369,4
12,"EPHA",1.48549147590853,17
12,"EPHB",0.00835298828145907,4
12,"FN1",0.108134039338473,8
12,"GRN",0.0182695842111935,3
12,"JAM",0.00866778674234587,4
12,"L1CAM",0.00113071013119801,1
12,"LAMININ",0.182442183693796,21
12,"MK",0.0498637743712427,6
12,"MPZ",0.0255033312774117,6
12,"NCAM",0.057632367331201,5
12,"ncWNT",0.00330459190782131,2
12,"NEGR",0.0515451910820188,4
12,"NGL",0.0811392865264653,3
12,"NRG",0.988409887850625,7
12,"NRXN",0.217301413537713,10
12,"OCLN",0.00167626251943773,1
12,"PDGF",0.0217800802154554,4
12,"PTN",4.2654570049042,29
12,"PTPRM",0.0298830183841311,3
12,"SEMA3",0.0788064529065466,6
12,"SEMA4",0.0028952832795142,2
12,"SPP1",0.045637926447632,3
12,"TGFb",0.105474809990933,8
12,"VCAM",0.00552701480130239,1
12,"VISFATIN",0.0307358330976663,7
24,"AGRN",0.00269803567903409,2
24,"APP",0.219560650708035,7
24,"BMP",0.182508302577564,22
24,"CADM",0.0749618104924809,3
24,"CD45",0.0447300343885107,1
24,"CDH",0.0114137083493147,4
24,"CNTN",0.00403229890337032,1
24,"COLLAGEN",0.00939959674867582,3
24,"EPHA",1.48907622804332,16
24,"FGF",0.108885971729184,7
24,"FN1",0.00625073899472996,1
24,"GRN",0.00555161809408877,3
24,"LAMININ",0.0968578250584541,9
24,"MPZ",0.0162488584124094,8
24,"NCAM",0.0509688207050459,6
24,"NECTIN",0.000508216117294995,1
24,"NEGR",0.139433355377414,3
24,"NGL",0.12303114588741,6
24,"NRG",1.38353600731822,7
24,"NRXN",0.456572721020101,12
24,"PDGF",0.0099634054198512,1
24,"PTN",2.44614937395417,16
24,"PTPRM",0.419879860762559,12
24,"SEMA3",0.142082519316179,6
24,"SEMA5",0.0291389113691751,3
24,"SPP1",0.0162623666079799,1
24,"TGFb",0.0275541540059182,4
