Unnamed: 0,orig.ident,nCount_RNA,nFeature_RNA,cell_id,age_months,broad_cell_type,percent.mt,RNA_snn_res.0.4,seurat_clusters,Homeostatic_score1,MHCII_score1,Complement_score1,Phagocytic_score1,Interferon_score1,APP_CD74_score1,PTPRC_MRC1_score1,myeloid_state
AATGGAATCGTGCGAC-1-0,SeuratProject,958,711,AATGGAATCGTGCGAC-1-0,3,Macrophages/Microglia,0.626304801670146,0,0,-0.380681204353737,-0.414154325928215,-0.532417004711416,-0.49064867812929,-0.164242180888059,0.326391225589733,2.06416069967121,Myeloid_C0
ACCAAACTCTGCGTCT-1-0,SeuratProject,1134,805,ACCAAACTCTGCGTCT-1-0,3,Macrophages/Microglia,0.705467372134039,0,0,-0.44164630892128,-0.719482815451428,0.047771062852372,-0.552292904818423,0.389796067668564,-0.0812237925263506,2.29401045539988,Myeloid_C0
ACGATCATCTAGATCG-1-0,SeuratProject,2443,1418,ACGATCATCTAGATCG-1-0,3,Macrophages/Microglia,0.0818665575112567,0,0,0.493585253841503,-0.910133939384708,0.92357526857062,0.178826148288101,0.132110292784381,0.507171314785411,1.91995581624322,Myeloid_C0
ACTGCAATCGGACGTC-1-0,SeuratProject,1262,889,ACTGCAATCGGACGTC-1-0,3,Macrophages/Microglia,0.792393026941363,0,0,-0.440847107938721,2.24347558714114,-0.0155529715487004,0.148359344207559,-0.22583987112181,1.31461596509302,-1.19186410513738,Myeloid_C0
ACTTATCCAACCAATC-1-0,SeuratProject,1227,824,ACTTATCCAACCAATC-1-0,3,Macrophages/Microglia,0.488997555012225,0,0,0.158010346123149,-0.618929890566828,-0.67037328350995,0.434197872598598,0.425311614372978,0.245525068044677,0.56400125043751,Myeloid_C0
AGATAGAGTAAGACCG-1-0,SeuratProject,2435,1464,AGATAGAGTAAGACCG-1-0,3,Macrophages/Microglia,0.657084188911704,0,0,0.174181032387076,0.37372673862602,0.474081621489207,-0.333268431345456,0.115938011391136,1.90536920076087,1.31739852252204,Myeloid_C0
AGCGATTCAGTCTGGC-1-0,SeuratProject,550,444,AGCGATTCAGTCTGGC-1-0,3,Macrophages/Microglia,2.0,0,0,-0.265473214262153,-0.416072053635428,-0.359832731211315,-0.268433415051946,0.598177479287233,1.55297248740289,-0.597213903255635,Myeloid_C0
AGCGCTGTCGCAATTG-1-0,SeuratProject,5411,2793,AGCGCTGTCGCAATTG-1-0,3,Macrophages/Microglia,0.462021807429311,1,1,-0.277839603626632,-0.285409691585208,-1.0280377702509,-0.261863625040549,-0.137849641021669,0.133404820740226,-0.91485258100813,Myeloid_C1
AGGAGGTCACTAACGT-1-0,SeuratProject,1087,806,AGGAGGTCACTAACGT-1-0,3,Macrophages/Microglia,1.10395584176633,0,0,0.190552058390146,-0.548984132248439,0.154452387405724,0.8622943028265,-0.18577421092226,0.422450898576932,0.422450898576932,Myeloid_C0
AGGATCTCAAGGATGC-1-0,SeuratProject,989,714,AGGATCTCAAGGATGC-1-0,3,Macrophages/Microglia,0.606673407482305,0,0,-0.412656920163945,-0.625299132513858,-0.64270424841716,-0.0267056052162704,-0.203509624774238,0.110934867413629,-1.09304299249848,Myeloid_C0
AGTCAACTCAAGTAAG-1-0,SeuratProject,3312,1933,AGTCAACTCAAGTAAG-1-0,3,Macrophages/Microglia,0.241545893719807,1,1,-0.192171640220434,-0.764286032791764,-0.849215670542605,-0.400089127925781,0.0493830895891815,0.102249191370755,-1.18318955680371,Myeloid_C1
ATCGTCCCATTCACAG-1-0,SeuratProject,14060,4604,ATCGTCCCATTCACAG-1-0,3,Macrophages/Microglia,0.170697012802276,1,1,-0.462050998914687,-1.00993168311018,-0.904386622416728,-0.467016452044124,-0.43685812505596,0.0313203392567878,-0.493112153262582,Myeloid_C1
ATGAGTCTCCGCTTAC-1-0,SeuratProject,1612,1087,ATGAGTCTCCGCTTAC-1-0,3,Macrophages/Microglia,0.558312655086849,1,1,-0.477887006362585,-0.746380104007227,-0.0655666908990675,-0.587059028669534,-0.201560740768342,0.56832338606654,0.13307064226265,Myeloid_C1
ATGGATCTCTCCGAGG-1-0,SeuratProject,814,623,ATGGATCTCTCCGAGG-1-0,3,Macrophages/Microglia,1.35135135135135,0,0,0.232094945297032,-0.480205045072549,-0.477319372176403,-0.408442276446628,-0.17787188524719,0.45899388756169,-0.834324364408015,Myeloid_C0
ATGGGTTGTCTGATCA-1-0,SeuratProject,651,504,ATGGGTTGTCTGATCA-1-0,3,Macrophages/Microglia,5.22273425499232,0,0,-0.26580422929156,-0.467993863118246,-0.390893115420368,0.258597375187639,-0.198285488245963,1.47081225927113,0.801127433533024,Myeloid_C0
ATTCTTGTCACCGGTG-1-0,SeuratProject,701,529,ATTCTTGTCACCGGTG-1-0,3,Macrophages/Microglia,2.1398002853067,0,0,-0.341168768903871,-0.414056447541325,0.334595734513205,0.312601577938455,0.556109945252675,0.854122706419725,0.854122706419725,Myeloid_C0
CACAGGCGTACTTGTG-1-0,SeuratProject,682,540,CACAGGCGTACTTGTG-1-0,3,Macrophages/Microglia,1.02639296187683,0,0,-0.339500346426748,-0.488148063559301,-0.568055297777884,0.739322771950185,-0.116929642379891,1.09072868948588,0.563170648733378,Myeloid_C0
CACCAAAGTTGCTCAA-1-0,SeuratProject,638,511,CACCAAAGTTGCTCAA-1-0,3,Macrophages/Microglia,1.25391849529781,0,0,-0.323538077529199,-0.492711220150622,-0.540521432250509,0.706662461543376,-0.147727098327767,0.549990497235694,0.549990497235694,Myeloid_C0
CAGATTGTCGGACTTA-1-0,SeuratProject,11062,4122,CAGATTGTCGGACTTA-1-0,3,Macrophages/Microglia,0.280238654854457,1,1,-0.266368625592399,-1.05358231773704,-0.546160004903798,-0.620318056554855,-0.418850816585738,0.0601652612445449,0.465356657845048,Myeloid_C1
CCTCATGTCAAAGGTA-1-0,SeuratProject,762,557,CCTCATGTCAAAGGTA-1-0,3,Macrophages/Microglia,0.26246719160105,0,0,-0.322008048010084,-0.501645683910429,0.31039603774666,0.116198863461693,-0.169757787729335,0.488994687218445,2.66659062073291,Myeloid_C0
CGGGACTCAACAGCTT-1-0,SeuratProject,516,403,CGGGACTCAACAGCTT-1-0,3,Macrophages/Microglia,1.93798449612403,0,0,0.493286991527398,-0.442813722290726,-0.409485039928313,-0.314472628833702,-0.103977677548665,0.856673505774904,0.856673505774904,Myeloid_C0
CGTGATAGTCGCAGTC-1-0,SeuratProject,2591,1579,CGTGATAGTCGCAGTC-1-0,3,Macrophages/Microglia,0.694712466229255,1,1,-0.539696893433586,-0.765875575534255,-0.875307380626687,-0.686249278241015,-0.293306117761452,0.578422952184984,0.749029334444096,Myeloid_C1
CTACAGACAGGCCCTA-1-0,SeuratProject,1820,1166,CTACAGACAGGCCCTA-1-0,3,Macrophages/Microglia,1.15384615384615,0,0,0.430590862264198,-0.748165310082679,0.503984271662549,0.127485842817229,-0.210323334446999,0.486166553444988,-1.27652866436265,Myeloid_C0
CTACATTTCCTACGAA-1-0,SeuratProject,2132,1391,CTACATTTCCTACGAA-1-0,3,Macrophages/Microglia,0.515947467166979,0,0,-0.44596577260559,-0.928360267378611,-0.277902974988249,0.890733767217827,0.157999012470722,0.188239818475692,1.46470753618891,Myeloid_C0
CTATCCGGTGGTCTAT-1-0,SeuratProject,2862,1485,CTATCCGGTGGTCTAT-1-0,3,Macrophages/Microglia,0.593990216631726,0,0,-0.565354877128323,-1.00068048099383,1.56766758260502,-0.716076617741606,-0.324158394242831,0.430947611569706,1.95293695113014,Myeloid_C0
CTCCCAATCGACGACC-1-0,SeuratProject,658,546,CTCCCAATCGACGACC-1-0,3,Macrophages/Microglia,1.06382978723404,0,0,0.407394135990472,2.4175151070059,-0.462827112506979,-0.328728075114856,-0.169733125031558,2.88724600729377,0.825373024165927,Myeloid_C0
CTGAATGTCCGGTAGC-1-0,SeuratProject,832,685,CTGAATGTCCGGTAGC-1-0,3,Macrophages/Microglia,0.240384615384615,0,0,-0.3885457396307,1.45029419908268,-0.638645527520728,0.142895834098749,-0.158890544883773,1.29148064499335,-0.764743812850689,Myeloid_C0
CTGAGGCTCATTCACT-1-0,SeuratProject,1956,1255,CTGAGGCTCATTCACT-1-0,3,Macrophages/Microglia,1.1758691206544,1,1,-0.50867944999141,0.161868114469121,-0.751757462587919,-0.531275077602925,0.169729942432302,0.186106452082226,-0.11779715105075,Myeloid_C1
CTGTGAAAGTCATTGC-1-0,SeuratProject,721,578,CTGTGAAAGTCATTGC-1-0,3,Macrophages/Microglia,1.10957004160888,0,0,0.30645230490435,-0.479997496652175,-0.488482853348856,-0.440272097357826,-0.119663198833536,-0.846501362903435,-0.846501362903435,Myeloid_C0
CTTCTAAGTTGAGTCT-1-0,SeuratProject,652,519,CTTCTAAGTTGAGTCT-1-0,3,Macrophages/Microglia,0.766871165644172,0,0,-0.303292633835893,-0.439068071113087,1.27450094874022,0.797296246859597,-0.141328080498023,1.21528405945747,-0.70992025562435,Myeloid_C0
GAAGGACTCACCTCAC-1-0,SeuratProject,4397,2243,GAAGGACTCACCTCAC-1-0,3,Macrophages/Microglia,0.591312258357971,1,1,-0.585055209761982,-0.872677828838,-0.543873348450327,-0.726071537340932,-0.376374873016518,0.0522002845667735,-0.696823313748275,Myeloid_C1
GACAGCCTCGCGGACT-1-0,SeuratProject,6572,3079,GACAGCCTCGCGGACT-1-0,3,Macrophages/Microglia,0.334753499695679,1,1,-0.679647740786973,-0.9550796055483,-0.954800415449123,0.314449359793683,-0.3707062793994,-0.412485520837453,-1.39157617183733,Myeloid_C1
GACGTTAGTCGTTATG-1-0,SeuratProject,2664,1601,GACGTTAGTCGTTATG-1-0,3,Macrophages/Microglia,0.487987987987988,0,0,-0.520585270846084,1.35394382363472,-0.120203175662284,-0.0009728507857085,-0.292361227484667,1.28909275824473,0.824837435797339,Myeloid_C0
GAGGCCTAGTACAGCG-1-0,SeuratProject,4051,2013,GAGGCCTAGTACAGCG-1-0,3,Macrophages/Microglia,0.222167366082449,0,0,-0.0750235723138734,-0.16907676474235,-0.182960246652969,-0.023510333499281,0.247736940839691,0.97371959714694,0.676986457374133,Myeloid_C0
GATGACTGTCCGAAAG-1-0,SeuratProject,987,741,GATGACTGTCCGAAAG-1-0,3,Macrophages/Microglia,0.911854103343465,0,0,0.274731059438706,-0.550180597782855,-0.57138002116488,0.536576324863048,-0.209042943219405,0.30872417178174,-0.89617482585196,Myeloid_C0
GATTTCTAGCCTTTCC-1-0,SeuratProject,4199,2113,GATTTCTAGCCTTTCC-1-0,3,Macrophages/Microglia,0.142891164562991,1,1,-0.0588371889842535,-0.745469827893214,-0.851145224041534,-0.424147634119613,-0.0103978386451248,0.34258201672707,-1.21269956532926,Myeloid_C1
GCATTAGCAAAGTGTA-1-0,SeuratProject,832,644,GCATTAGCAAAGTGTA-1-0,3,Macrophages/Microglia,0.721153846153846,0,0,-0.315789675646398,-0.590515341623106,1.3868231866986,-0.440727053214329,0.429752828737682,0.721254901595454,0.91728632441838,Myeloid_C0
GGCGTCAGTTCACCGG-1-0,SeuratProject,2812,1644,GGCGTCAGTTCACCGG-1-0,3,Macrophages/Microglia,0.568990042674253,0,0,-0.615979806227758,-0.965703558265673,-0.90713448857781,0.126462834211134,-0.278395252203074,-0.0645381986908995,1.13174675051027,Myeloid_C0
GGTGATTAGATACGAT-1-0,SeuratProject,17224,5410,GGTGATTAGATACGAT-1-0,3,Macrophages/Microglia,0.377380399442638,0,0,-0.0300140332672791,-1.09411914372145,-0.382240779212081,-0.554752743074693,-0.351805289355797,-0.127186658906444,-0.754606449405801,Myeloid_C0
GTAGATCTCCACGAAT-1-0,SeuratProject,2436,1510,GTAGATCTCCACGAAT-1-0,3,Macrophages/Microglia,0.328407224958949,1,1,-0.514329228044635,-0.783813253906612,0.223364630912847,-0.200197519121365,-0.313903924358054,0.337032928671929,0.935450049346111,Myeloid_C1
GTAGGAGTCATACGGT-1-0,SeuratProject,2837,1536,GTAGGAGTCATACGGT-1-0,3,Macrophages/Microglia,0.246739513570673,0,0,-0.540629788422851,-0.889276908005809,-0.898396588910755,-0.344773273237499,-0.275258756891385,-0.154463256622086,0.351617765530691,Myeloid_C0
GTGCTTCCATGGCCAC-1-0,SeuratProject,967,723,GTGCTTCCATGGCCAC-1-0,3,Macrophages/Microglia,0.206825232678387,0,0,-0.418272648844452,-0.649842238831287,-0.591992534685386,-0.49130839059912,-0.252565639871467,0.277999549935167,-0.93622422371829,Myeloid_C0
GTTCGCTTCCGATGCG-1-0,SeuratProject,4515,2454,GTTCGCTTCCGATGCG-1-0,3,Macrophages/Microglia,0.44296788482835,1,1,-0.186437773787119,-0.809832652313804,-0.472035671547156,-0.129164010758732,-0.354621047899104,0.317782771305641,-0.669291230842936,Myeloid_C1
TACAACGAGACCGTTT-1-0,SeuratProject,2515,1435,TACAACGAGACCGTTT-1-0,3,Macrophages/Microglia,0.318091451292247,0,0,-0.483113768348423,1.66246326694487,-0.776221481280497,-0.620614858074005,-0.258502820986302,1.20471158794433,0.541170810802598,Myeloid_C0
TACCCGTAGCAGCCCT-1-0,SeuratProject,1473,937,TACCCGTAGCAGCCCT-1-0,3,Macrophages/Microglia,0.950441276306857,0,0,-0.4273800969987,-0.593730859828652,0.0063422034639962,-0.0763492337910529,-0.173006457705102,0.021759025905318,1.88740748417647,Myeloid_C0
TACCGAAAGCACTTTG-1-0,SeuratProject,2051,1287,TACCGAAAGCACTTTG-1-0,3,Macrophages/Microglia,0.68259385665529,1,1,-0.0449214439252409,-0.676707887755027,0.0655256403591211,-0.190777824116259,-0.247548277202065,0.686628496610898,-1.01818607762209,Myeloid_C1
TATCTGTCACAATCTG-1-0,SeuratProject,1216,769,TATCTGTCACAATCTG-1-0,3,Macrophages/Microglia,0.246710526315789,0,0,0.117462588745408,-0.580848521601594,0.112281006378739,-0.0656982080793521,-0.141274151351286,0.93876712079563,2.14905575676765,Myeloid_C0
TCATGTTGTCCGATCG-1-0,SeuratProject,2131,1283,TCATGTTGTCCGATCG-1-0,3,Macrophages/Microglia,0.750821210699202,0,0,-0.510603978245101,-0.792485690895018,1.58868747992422,0.39457690011826,-0.220012011194959,-0.0325323307982635,1.85077773128832,Myeloid_C0
TCGTAGAAGGAACTAT-1-0,SeuratProject,978,738,TCGTAGAAGGAACTAT-1-0,3,Macrophages/Microglia,0.306748466257669,0,0,-0.413446214194829,-0.581664822181522,-0.68000527526338,0.186635562608865,-0.183953875943121,0.640916923707687,-0.891943015535679,Myeloid_C0
TGTAACGGTTTCGGCG-1-0,SeuratProject,5981,2779,TGTAACGGTTTCGGCG-1-0,3,Macrophages/Microglia,1.35428858050493,1,1,-0.376283140544176,-0.889646174766769,-0.87552311095019,-0.468408734196539,-0.116688505627846,0.3027457088586,-0.2764052486166,Myeloid_C1
TTCTAACCATACATCG-1-0,SeuratProject,3619,2014,TTCTAACCATACATCG-1-0,3,Macrophages/Microglia,0.165791655153357,1,1,-0.0784789651671448,-0.197453742635327,0.187913038159148,-0.176900565655933,0.635057023670236,1.38970950147905,0.294564693331324,Myeloid_C1
TTCTAGTGTGGTCTAT-1-0,SeuratProject,1315,914,TTCTAGTGTGGTCTAT-1-0,3,Macrophages/Microglia,2.73764258555133,0,0,0.139705160475982,-0.0314527768632008,-0.611700844403019,-0.476106079663801,-0.142434310480132,1.81385579147233,0.0901613092106183,Myeloid_C0
TTGCCTGTCGTAGCTA-1-0,SeuratProject,2781,1521,TTGCCTGTCGTAGCTA-1-0,3,Macrophages/Microglia,0.395541172240201,0,0,1.11153113698764,-0.939214095766016,0.422294900986306,0.040890480455948,0.12347936053299,0.468167074731423,1.30619648728864,Myeloid_C0
AAGACTCGTCATCCCT-1-1,SeuratProject,2491,1614,AAGACTCGTCATCCCT-1-1,12,Macrophages/Microglia,0.722601364913689,0,0,-0.0947799862565979,-0.382492498505082,-0.453786858638166,0.466703558581773,-0.28202474777113,0.0510298751106217,0.991356529907828,Myeloid_C0
AAGTCGTTCGACATTG-1-1,SeuratProject,1201,898,AAGTCGTTCGACATTG-1-1,12,Macrophages/Microglia,1.33222314737719,0,0,0.160020372437303,-0.771101977581051,-0.0626365215403105,0.419193138247971,0.321998698855944,-0.13787865793922,1.49076914330378,Myeloid_C0
ACCCAAAAGAGGATGA-1-1,SeuratProject,1525,1135,ACCCAAAAGAGGATGA-1-1,12,Macrophages/Microglia,2.81967213114754,0,0,-0.48905134882577,-0.61926687823855,-0.678752880094245,-0.538950648782215,-0.235317676903297,-0.0114814090784905,0.300866821637051,Myeloid_C0
ACTTAGGTCATCACTT-1-1,SeuratProject,2071,1365,ACTTAGGTCATCACTT-1-1,12,Macrophages/Microglia,0.67600193143409,0,0,-0.0439179884710855,1.44956199354936,1.63460514631438,0.421362867729647,0.154796585546876,2.00573356593933,0.809466678414169,Myeloid_C0
AGATGAAAGCGCATCC-1-1,SeuratProject,4008,2199,AGATGAAAGCGCATCC-1-1,12,Macrophages/Microglia,0.573852295409182,0,0,0.175632236758378,0.817983885889946,0.587926084361835,0.131531399422015,0.243460076634843,-0.246383323252104,-0.0397791386098645,Myeloid_C0
AGCTACAGTCCTCCTA-1-1,SeuratProject,2554,1549,AGCTACAGTCCTCCTA-1-1,12,Macrophages/Microglia,0.469851213782302,0,0,0.255670605010698,-0.915788417930889,0.918049516366445,0.0897456530242556,0.727202830518919,0.584853659765803,1.47667745840912,Myeloid_C0
AGCTCAAGTCCGAAAG-1-1,SeuratProject,626,494,AGCTCAAGTCCGAAAG-1-1,12,Macrophages/Microglia,2.55591054313099,0,0,-0.292899637866616,-0.500668508875921,-0.542906636745073,0.183506956653272,-0.159060223414419,1.14939167018364,-0.79573544445389,Myeloid_C0
AGGTCTAGTCATCACA-1-1,SeuratProject,503,445,AGGTCTAGTCATCACA-1-1,12,Macrophages/Microglia,1.78926441351889,0,0,-0.264869305455127,3.15920791450841,0.825832156024495,-0.273959236858933,-0.206793033383456,1.33799433035334,1.33799433035334,Myeloid_C0
AGGTTACCATGTGGCC-1-1,SeuratProject,2239,1426,AGGTTACCATGTGGCC-1-1,12,Macrophages/Microglia,3.43903528360875,1,1,-0.0269374329577236,-0.587519536760096,-0.608191408366102,-0.188461917119392,0.191191720209178,0.635116677859195,-0.0904842061233818,Myeloid_C1
AGTAACCGTCTTTATC-1-1,SeuratProject,940,733,AGTAACCGTCTTTATC-1-1,12,Macrophages/Microglia,3.51063829787234,0,0,-0.401443937929153,-0.495648863171318,-0.48348316640605,0.190584039766885,-0.175047261092077,0.718480003532404,-0.833288301047835,Myeloid_C0
AGTGATCCAACACGAG-1-1,SeuratProject,6662,3121,AGTGATCCAACACGAG-1-1,12,Macrophages/Microglia,0.240168117682378,0,0,0.784954514941503,2.56746370655007,1.57111149941329,0.702628007176282,-0.0029884912713785,1.43168067453631,0.26340461589105,Myeloid_C0
ATCACGATCTTGTTAC-1-1,SeuratProject,4947,2374,ATCACGATCTTGTTAC-1-1,12,Macrophages/Microglia,0.363856882959369,0,0,0.779095258362692,2.41039559139269,2.03730679761531,0.553718479627547,-0.114443171978309,2.27482308596693,1.18246443959445,Myeloid_C0
CAATGACGTTTCTTAC-1-1,SeuratProject,4447,1841,CAATGACGTTTCTTAC-1-1,12,Macrophages/Microglia,0.404767258826175,0,0,1.30951878986895,-0.915335133806334,1.92266902034619,0.224082548493459,0.549383864692381,0.768823087975215,2.28535375551213,Myeloid_C0
CCATCACCAAGCTCTA-1-1,SeuratProject,20021,4935,CCATCACCAAGCTCTA-1-1,12,Macrophages/Microglia,0.124868887667949,0,0,1.1657240630304,1.9073749662433,1.72436654276155,0.406040623702101,0.463579799280284,1.83371432186935,0.876582440635028,Myeloid_C0
CCCAACTAGACGTCGA-1-1,SeuratProject,537,410,CCCAACTAGACGTCGA-1-1,12,Macrophages/Microglia,3.91061452513966,0,0,-0.20602223722679,2.34005604252273,2.77932260691421,0.89926902648873,-0.170704322254443,3.00674830420036,0.98640018039457,Myeloid_C0
CCCGAAGAGCTGGTGA-1-1,SeuratProject,3638,1954,CCCGAAGAGCTGGTGA-1-1,12,Macrophages/Microglia,0.412314458493678,0,0,0.706417929344475,-0.966505842045997,2.66535919776085,0.723942447139765,-0.369737541440676,-1.11824846988888,-0.182537716641823,Myeloid_C0
CCCTTAGGTTCTAAGC-1-1,SeuratProject,1085,802,CCCTTAGGTTCTAAGC-1-1,12,Macrophages/Microglia,0.276497695852535,0,0,0.198425672413303,-0.662511230573493,0.144414300500298,-0.0039494020595365,0.377032430811213,0.195130989890759,0.195130989890759,Myeloid_C0
CCTAACCGTACGAGCA-1-1,SeuratProject,13218,3557,CCTAACCGTACGAGCA-1-1,12,Macrophages/Microglia,0.0680889695869269,0,0,0.356355913938081,-1.13787197173296,0.976153791823168,0.428267038812128,0.546787147863679,0.311336790761867,1.3563008243227,Myeloid_C0
CCTCTCCGTATCAGGG-1-1,SeuratProject,632,517,CCTCTCCGTATCAGGG-1-1,12,Macrophages/Microglia,1.42405063291139,0,0,-0.30011833834823,-0.369792839770871,-0.364051457151037,0.231975361333582,-0.0950537364388428,1.12135348475573,-0.621501091951427,Myeloid_C0
CCTTTGGAGAAACTCA-1-1,SeuratProject,8421,3465,CCTTTGGAGAAACTCA-1-1,12,Macrophages/Microglia,0.938130863317896,0,0,1.24382094578207,1.39094323063881,2.07483365016752,0.792005198082262,-0.24243275734651,1.97937108268366,1.66265016272569,Myeloid_C0
CGAATTGCATACATCG-1-1,SeuratProject,1463,1076,CGAATTGCATACATCG-1-1,12,Macrophages/Microglia,0.341763499658236,0,0,-0.452500913560876,-0.600319783508116,-0.703088779041837,-0.495182681875829,0.297839181295058,0.09979357022576,0.09979357022576,Myeloid_C0
CGTCCATTCATCTACT-1-1,SeuratProject,11984,3954,CGTCCATTCATCTACT-1-1,12,Macrophages/Microglia,0.133511348464619,0,0,0.357145151211969,0.26445346981161,1.08676331480239,0.067819977020198,0.145659636192564,1.04255421186268,0.916476310372902,Myeloid_C0
CTCAAGACATCACCAA-1-1,SeuratProject,2972,1828,CTCAAGACATCACCAA-1-1,12,Macrophages/Microglia,1.31224764468371,1,1,-0.556105320902711,-0.808252246042151,-0.397111445163467,-0.414114465243057,0.056827739188239,0.389442342322029,-0.309568802453036,Myeloid_C1
CTCCTTTAGTGGCGAT-1-1,SeuratProject,1261,911,CTCCTTTAGTGGCGAT-1-1,12,Macrophages/Microglia,0.713719270420301,0,0,-0.35427971350292,0.641231731808817,0.0894328502293346,-0.511649947960292,-0.241095049573933,1.8212220865246,0.0909729208772037,Myeloid_C0
CTCTCAGCAAGCCATT-1-1,SeuratProject,1207,844,CTCTCAGCAAGCCATT-1-1,12,Macrophages/Microglia,0.994200497100249,0,0,0.96319318250179,1.02179584111009,0.104722776478274,-0.502316582136281,0.396957373925954,0.0894886140236715,0.40838498041719,Myeloid_C0
CTCTGGTCAGAACTTC-1-1,SeuratProject,5168,2752,CTCTGGTCAGAACTTC-1-1,12,Macrophages/Microglia,1.1609907120743,0,0,-0.0457342385926185,-0.674468450786149,0.0967252487855736,0.106061325201585,-0.160646341736942,0.874683670335219,-0.173301400896759,Myeloid_C0
CTGAGCGAGAGGTCGT-1-1,SeuratProject,2435,1582,CTGAGCGAGAGGTCGT-1-1,12,Macrophages/Microglia,3.08008213552361,0,0,-0.0339031495545906,-0.775193564525706,-0.304374182010824,0.073517744311065,0.179789634441244,-1.31652516949894,0.314043151221874,Myeloid_C0
GAAACCTAGAAGCCAC-1-1,SeuratProject,3588,2108,GAAACCTAGAAGCCAC-1-1,12,Macrophages/Microglia,0.863991081382386,1,1,-0.61932760464305,0.765597504037724,-0.898037803044171,-0.674520306572078,-0.335740294100986,0.812591400701105,-0.305695557361279,Myeloid_C1
GACATCACACAGCCAC-1-1,SeuratProject,8198,3485,GACATCACACAGCCAC-1-1,12,Macrophages/Microglia,0.268358136130764,0,0,-0.122687225079286,2.0385480935811,2.3876945413706,0.689216387826498,0.359301800786156,1.84811037317319,-0.289571778153144,Myeloid_C0
GATCATGAGGTGCATG-1-1,SeuratProject,713,535,GATCATGAGGTGCATG-1-1,12,Macrophages/Microglia,2.66479663394109,0,0,-0.327407725852758,-0.39988925941465,-0.408533504834293,-0.366563721956068,-0.164232167863878,0.668013083659288,-0.686852824264843,Myeloid_C0
GATGTTGTCGTAACTG-1-1,SeuratProject,717,574,GATGTTGTCGTAACTG-1-1,12,Macrophages/Microglia,3.06834030683403,0,0,0.365659253533076,0.24982398069937,-0.452512260589753,-0.351484988349893,0.534974061601186,2.0275537481147,-0.67695695599868,Myeloid_C0
GCAGCCAGTTATGTCG-1-1,SeuratProject,3219,1974,GCAGCCAGTTATGTCG-1-1,12,Macrophages/Microglia,1.30475302889096,0,0,-0.632764679197036,-0.79715776822166,-0.823754444404544,-0.64491352824275,0.156849372234705,-1.19705121784159,0.365140881064165,Myeloid_C0
GCATCTCGTCACCGCA-1-1,SeuratProject,13921,4828,GCATCTCGTCACCGCA-1-1,12,Macrophages/Microglia,0.244235327921845,0,0,-0.613475556117524,-1.00471330307435,-1.0808001002873,-0.678869702857908,-0.328337097489701,-0.0350140389080404,-1.29761537976801,Myeloid_C0
GCCAGCACAGCGACAA-1-1,SeuratProject,1787,1202,GCCAGCACAGCGACAA-1-1,12,Macrophages/Microglia,2.35030777839955,0,0,-0.0100990757819914,-0.802032344912008,-0.166650894337425,0.0593390189534696,-0.262595070346027,0.0353892979995156,1.6635208502599,Myeloid_C0
GCGGAAATCTGGGCCA-1-1,SeuratProject,2136,1391,GCGGAAATCTGGGCCA-1-1,12,Macrophages/Microglia,0.795880149812734,1,1,-0.518600972967752,1.19670583845352,-0.747120252973389,-0.235148264178689,0.58095609994224,1.19807658848021,-0.271573072432326,Myeloid_C1
GCTACCTCACACCTAA-1-1,SeuratProject,10923,4259,GCTACCTCACACCTAA-1-1,12,Macrophages/Microglia,0.265494827428362,1,1,-0.714361915236541,0.0705253601255504,-0.407974021021852,-0.322605757388763,0.0980105700814383,0.665449434709383,0.59780541157481,Myeloid_C1
GCTTCACCACCGGAAA-1-1,SeuratProject,1126,814,GCTTCACCACCGGAAA-1-1,12,Macrophages/Microglia,3.10834813499112,0,0,0.12400386108351,-0.582136212455662,-0.469685037541854,-0.0488199103134623,-0.203634752408105,0.517402216518175,1.34209890861204,Myeloid_C0
GGCGTCAGTTCTCTCG-1-1,SeuratProject,1350,997,GGCGTCAGTTCTCTCG-1-1,12,Macrophages/Microglia,0.962962962962963,0,0,-0.393575690251078,1.57966552705201,0.24867151632438,-0.129229451997616,0.275412774205318,2.20917963209614,0.581980723836171,Myeloid_C0
GGGCGTTCAATCGCGC-1-1,SeuratProject,705,543,GGGCGTTCAATCGCGC-1-1,12,Macrophages/Microglia,2.69503546099291,0,0,-0.236975361702663,0.155778989787438,-0.539524490621424,-0.400394742293168,-0.16981274684225,2.95693471857794,1.94688991398614,Myeloid_C0
GGTTAACCAATTGAGA-1-1,SeuratProject,773,597,GGTTAACCAATTGAGA-1-1,12,Macrophages/Microglia,2.32858990944373,0,0,-0.3004348779998,0.854462653843943,0.36483821472721,0.735400085280112,-0.179471575972308,0.64533733470974,-0.671922282443645,Myeloid_C0
GTAGCTAAGGAAACGA-1-1,SeuratProject,1099,815,GTAGCTAAGGAAACGA-1-1,12,Macrophages/Microglia,1.63785259326661,0,0,-0.358629045360955,-0.672140676350686,2.02010609724435,0.128909746307858,0.891251757588664,0.804294835505375,-1.00649672193686,Myeloid_C0
GTAGCTACATGGATCT-1-1,SeuratProject,3702,1987,GTAGCTACATGGATCT-1-1,12,Macrophages/Microglia,0.162074554294976,0,0,-0.0593939371333755,-0.390512513347762,-0.865931775708863,0.198054778198947,-0.333640384158568,1.10160362891048,0.605324286506965,Myeloid_C0
GTCATGAGTCAGCTTA-1-1,SeuratProject,508,389,GTCATGAGTCAGCTTA-1-1,12,Macrophages/Microglia,2.36220472440945,0,0,-0.289304176173692,0.479125950971297,0.699107906987571,0.502943591545743,0.610112276492966,2.54883021163428,1.03412486002081,Myeloid_C0
GTGAGGAAGAGACAAG-1-1,SeuratProject,907,641,GTGAGGAAGAGACAAG-1-1,12,Macrophages/Microglia,3.85887541345094,0,0,1.14235432855849,0.172070635172726,2.62963520983642,0.871017681002677,-0.171813344219301,1.92620981360344,1.34364921299767,Myeloid_C0
GTTCGCTGTAGCTGTT-1-1,SeuratProject,5847,2572,GTTCGCTGTAGCTGTT-1-1,12,Macrophages/Microglia,0.119719514280828,0,0,0.95678818427874,2.54484437228616,1.44247478692627,0.742480757441894,0.310218460674234,1.33023620874577,1.23178010651859,Myeloid_C0
TAAGCACAGCACGATG-1-1,SeuratProject,1174,836,TAAGCACAGCACGATG-1-1,12,Macrophages/Microglia,1.44804088586031,0,0,-0.441553532021667,0.0395412108474547,0.503115631935969,-0.0346163263640505,0.349026443980652,0.752022436171899,1.87860890098742,Myeloid_C0
TAAGTCGCAATTCGTG-1-1,SeuratProject,2038,1408,TAAGTCGCAATTCGTG-1-1,12,Macrophages/Microglia,0.343473994111874,0,0,0.987697118392521,1.14844651946781,-0.183692659715817,-0.256383452227582,0.620179081155024,0.969458369437675,1.15653560054453,Myeloid_C0
TAATCTCTCTTAGTTC-1-1,SeuratProject,19926,5889,TAATCTCTCTTAGTTC-1-1,12,Macrophages/Microglia,0.205761316872428,1,1,-0.465917197296447,-0.960268520373154,-0.968991043513045,-0.559536538428734,-0.261953394185617,0.228209870103468,-0.6011241121872,Myeloid_C1
TACAACGCATGGATCT-1-1,SeuratProject,14491,4224,TACAACGCATGGATCT-1-1,12,Macrophages/Microglia,0.103512525015527,0,0,0.0608540746311735,3.32402337953846,-0.92360181703181,-0.289404286625589,-0.209585785996742,1.67172389500969,2.18634245025432,Myeloid_C0
TCAGTCCCATCGTGCG-1-1,SeuratProject,1353,979,TCAGTCCCATCGTGCG-1-1,12,Macrophages/Microglia,1.10864745011086,0,0,-0.47925707643722,-0.540774622044994,0.131929763663838,-0.0474142759157009,-0.217833821067678,0.882859613186916,0.128238947649063,Myeloid_C0
TCCGTGTCATACGCAT-1-1,SeuratProject,10779,3649,TCCGTGTCATACGCAT-1-1,12,Macrophages/Microglia,0.250487058168661,0,0,0.78673762585679,-0.831282450083108,1.70876594113271,0.714926502003886,-0.103362689056992,-0.0758415874688965,0.807679642221499,Myeloid_C0
TCCTTCTTCTGTTGGA-1-1,SeuratProject,4477,2531,TCCTTCTTCTGTTGGA-1-1,12,Macrophages/Microglia,0.692427965155238,0,0,0.275580150237901,0.548336799528567,0.308510902709568,-0.485935833114733,0.0171454218552603,1.0639911531944,0.765210895706728,Myeloid_C0
TCGCTTGGTTGGGTTT-1-1,SeuratProject,5654,2483,TCGCTTGGTTGGGTTT-1-1,12,Macrophages/Microglia,0.212239122744959,0,0,-0.242076440622933,0.737305388828549,0.282500372674525,-0.0496238671393127,0.197033144202438,0.234570846991627,0.234570846991627,Myeloid_C0
TCTCTGGTCGGTGTTA-1-1,SeuratProject,32831,7622,TCTCTGGTCGGTGTTA-1-1,12,Macrophages/Microglia,0.28022296000731,0,0,-0.332489348299409,-0.49984273089441,-0.82036733804721,-0.408371194232822,-0.0738675713709155,0.535817369225575,-0.610443908236578,Myeloid_C0
TGAGGGAGTACTGCCG-1-1,SeuratProject,960,725,TGAGGGAGTACTGCCG-1-1,12,Macrophages/Microglia,1.97916666666667,0,0,0.277420433156693,-0.512500240795031,-0.586338756166639,0.570824111773214,-0.194556183700779,-0.731625387510031,0.810093539476517,Myeloid_C0
TGCAGGCGTCTTCGAA-1-1,SeuratProject,608,465,TGCAGGCGTCTTCGAA-1-1,12,Macrophages/Microglia,1.97368421052632,0,0,0.376987023337174,0.331680004181177,-0.459848388227594,0.836790359649295,1.27948700163062,0.820639322703938,1.15267478094316,Myeloid_C0
TGTTGAGTCCCTATTA-1-1,SeuratProject,867,709,TGTTGAGTCCCTATTA-1-1,12,Macrophages/Microglia,0.69204152249135,0,0,-0.308213591055013,1.51772024679076,0.344584062369372,-0.443038063014285,-0.172301266623232,0.758768263769272,0.758768263769272,Myeloid_C0
TTAGGCAGTGCCGAAA-1-1,SeuratProject,14437,4517,TTAGGCAGTGCCGAAA-1-1,12,Macrophages/Microglia,0.72729791507931,1,1,-0.70686595568021,-0.984158675756541,-0.588376752559456,-0.521528958298428,-0.172124131567882,0.384739798035622,-1.43023914074035,Myeloid_C1
TTCAGGAAGACGGTTG-1-1,SeuratProject,4108,2253,TTCAGGAAGACGGTTG-1-1,12,Macrophages/Microglia,0.998052580331061,0,0,0.425163989585937,-0.996095241641728,-0.434737416122961,-0.382036337687091,-0.0193364863734751,0.179215459133969,0.689454752014983,Myeloid_C0
TTGCCTGAGGCATCTT-1-1,SeuratProject,10301,3761,TTGCCTGAGGCATCTT-1-1,12,Macrophages/Microglia,0.232987088632172,0,0,-0.243767943624844,2.69427445173506,-0.97087950439083,-0.0603177273710359,-0.0804620849653079,1.84633443422399,0.13820368243639,Myeloid_C0
TTTATGCCAACATCGT-1-1,SeuratProject,2349,1462,TTTATGCCAACATCGT-1-1,12,Macrophages/Microglia,0.723712217965092,0,0,-0.514482520178197,-0.531896451106718,0.210134254789185,0.583854946709559,-0.262269425604345,-0.551983371875375,1.19059742391723,Myeloid_C0
AAGCATCAGCATGTTC-1-2,SeuratProject,3257,1738,AAGCATCAGCATGTTC-1-2,24,Macrophages/Microglia,0.0,1,1,-0.234619699087347,-0.856326017768339,-0.472862694907786,0.029961394387377,-0.285266875056382,-0.184933750555767,0.38547894433928,Myeloid_C1
AAGTACCCAGTCGGTC-1-2,SeuratProject,1682,1056,AAGTACCCAGTCGGTC-1-2,24,Macrophages/Microglia,0.0,0,0,-0.473762066993125,-0.244042584293967,-0.647942682600035,-0.485248891477328,-0.295962182201946,0.0002305094689619,0.309447123279453,Myeloid_C0
AATAGAGTCGAGATAA-1-2,SeuratProject,10899,4194,AATAGAGTCGAGATAA-1-2,24,Macrophages/Microglia,0.137627305257363,1,1,-0.299842124563308,-0.606932043521528,-0.771037901013518,-0.288018613965256,-0.247086032781056,-0.0927369309835262,-0.787759560470312,Myeloid_C1
ACATTTCTCACTGTTT-1-2,SeuratProject,1118,749,ACATTTCTCACTGTTT-1-2,24,Macrophages/Microglia,0.178890876565295,0,0,-0.348715202152794,-0.0556043905766765,-0.604400819335107,-0.443762495070917,-0.188573625900267,0.309153706091474,2.54123153198817,Myeloid_C0
AGAGCAGAGTCATGCT-1-2,SeuratProject,18850,5696,AGAGCAGAGTCATGCT-1-2,24,Macrophages/Microglia,0.0318302387267905,1,1,-0.629453687093189,-0.573274397204307,-0.961872988431787,-0.515898720494594,-0.228259361189669,0.324527629023449,-0.474946550049217,Myeloid_C1
AGATGCTGTTAAGTCC-1-2,SeuratProject,4411,2071,AGATGCTGTTAAGTCC-1-2,24,Macrophages/Microglia,1.06551802312401,1,1,-0.0171031247334784,-0.824690918535182,-0.901038595369435,-0.454265682887695,-0.325517791275956,-0.277916017204813,-0.713108255629951,Myeloid_C1
AGGGCTCTCCATATGG-1-2,SeuratProject,695,492,AGGGCTCTCCATATGG-1-2,24,Macrophages/Microglia,0.0,0,0,-0.311934593474963,-0.464773034104964,-0.464455250059715,-0.279134420844887,-0.158921283752401,0.774777328136788,-0.592032559839069,Myeloid_C0
AGGTCATTCAAGCTTG-1-2,SeuratProject,9458,3035,AGGTCATTCAAGCTTG-1-2,24,Macrophages/Microglia,0.0105730598435187,0,0,-0.625686115232148,-0.229052411964111,-0.961555222346827,-0.301452912850264,-0.0918564812971303,0.208792910852001,1.60485745320563,Myeloid_C0
AGTCATGCAAGTGCAG-1-2,SeuratProject,1015,676,AGTCATGCAAGTGCAG-1-2,24,Macrophages/Microglia,0.0985221674876847,0,0,-0.419620316547021,-0.541721559073381,-0.562613839811481,-0.376705192015046,-0.210018076075622,-0.767321248851946,-0.767321248851946,Myeloid_C0
ATCGGATTCCACTGGG-1-2,SeuratProject,2420,1360,ATCGGATTCCACTGGG-1-2,24,Macrophages/Microglia,0.0413223140495868,1,1,-0.530338561560697,-0.708943975737121,-0.720171465129088,-0.229216113890698,-0.240922016671438,0.509093730804289,0.509093730804289,Myeloid_C1
ATTCAGGCAAAGTATG-1-2,SeuratProject,805,613,ATTCAGGCAAAGTATG-1-2,24,Macrophages/Microglia,0.0,0,0,-0.277599272482705,-0.466786649588501,-0.521208436204046,0.163327759276751,-0.137976365436117,-0.697914075490616,-0.697914075490616,Myeloid_C0
CAGCACGGTGTTTACG-1-2,SeuratProject,3796,1962,CAGCACGGTGTTTACG-1-2,24,Macrophages/Microglia,0.0526870389884088,1,1,-0.285428058494322,-0.813381695116963,-0.873621467703881,-0.427539079254426,-0.342879864266822,0.205803879290081,-0.632659037970381,Myeloid_C1
CAGCGTGGTCGGCCTA-1-2,SeuratProject,811,550,CAGCGTGGTCGGCCTA-1-2,24,Macrophages/Microglia,0.61652281134402,0,0,-0.287901706827714,-0.498686470211184,-0.476167807223392,-0.313085164800146,-0.131983650204052,-0.642132866234827,1.17654663073671,Myeloid_C0
CATCGGGGTGTTGACT-1-2,SeuratProject,1009,709,CATCGGGGTGTTGACT-1-2,24,Macrophages/Microglia,0.198216055500496,0,0,-0.392807399130138,-0.497851425280662,-0.530243668826371,-0.373790411298,0.567427305617303,-0.748737914758113,0.446138774600284,Myeloid_C0
CATGCAAGTGGTCTTA-1-2,SeuratProject,1146,780,CATGCAAGTGGTCTTA-1-2,24,Macrophages/Microglia,0.0,0,0,0.88790113992698,-0.545982242708162,-0.639851107043438,0.284322803260632,-0.130149586050272,0.197886347185001,0.197886347185001,Myeloid_C0
CCGGACAAGCTAAACA-1-2,SeuratProject,2040,1338,CCGGACAAGCTAAACA-1-2,24,Macrophages/Microglia,0.0490196078431373,1,1,0.0861997918757963,-0.696608886595344,-0.722220950382973,-0.0486881975916645,0.223132722855172,0.189003787169542,-0.3003715539902,Myeloid_C1
CCGGGTAAGTTCCGGC-1-2,SeuratProject,9029,3440,CCGGGTAAGTTCCGGC-1-2,24,Macrophages/Microglia,0.011075423634954,1,1,0.131408578166187,-0.80444662241419,-0.315420738490444,-0.656070217588135,0.065143201626771,0.304237405940427,-0.398153402049052,Myeloid_C1
CTCCAACCAATCGCAT-1-2,SeuratProject,598,422,CTCCAACCAATCGCAT-1-2,24,Macrophages/Microglia,0.0,0,0,-0.299480720288748,-0.429483691984992,-0.352993282467652,-0.297807908016196,-0.155240561085128,-0.633622214592598,1.13605703977496,Myeloid_C0
GAATCGTTCCACGGAC-1-2,SeuratProject,3875,1972,GAATCGTTCCACGGAC-1-2,24,Macrophages/Microglia,0.0516129032258065,1,1,0.233844493646075,-0.556079902282096,-0.993960686677978,-0.35814130393939,-0.263992914338198,0.286955713400054,0.907012171652669,Myeloid_C1
GAGAAATCATTGTACG-1-2,SeuratProject,7644,2977,GAGAAATCATTGTACG-1-2,24,Macrophages/Microglia,0.0130821559392988,0,0,0.218974799503802,0.142416871318461,-1.01899295925511,-0.382067602233994,0.582519523394999,-0.125558884395635,0.62127566781909,Myeloid_C0
GGACGTCGTGTCCAAT-1-2,SeuratProject,1042,719,GGACGTCGTGTCCAAT-1-2,24,Macrophages/Microglia,0.191938579654511,0,0,0.331239493073989,-0.700026663007,-0.734522855944817,0.605424914938815,0.440021707743584,-1.15482627556912,2.04496256440725,Myeloid_C0
GGTGATTTCCCTCGAT-1-2,SeuratProject,6859,2935,GGTGATTTCCCTCGAT-1-2,24,Macrophages/Microglia,0.0874763084997813,1,1,-0.395147880038218,-0.907725669678768,-0.961240199037701,-0.573913331597746,-0.379132827708823,0.126174627914364,-0.529751060369164,Myeloid_C1
GTAACCAAGGTTCCGC-1-2,SeuratProject,2816,1605,GTAACCAAGGTTCCGC-1-2,24,Macrophages/Microglia,0.0355113636363636,1,1,0.614470892102358,-0.926838583740201,-0.468321788423601,-0.349150692232629,-0.294074056958981,0.284169664255075,-0.222204222676007,Myeloid_C1
GTAGATCTCCGAACGC-1-2,SeuratProject,708,548,GTAGATCTCCGAACGC-1-2,24,Macrophages/Microglia,0.141242937853107,0,0,-0.269590476574097,-0.451430007884232,-0.510131788417353,-0.330407718325452,-0.105158981527402,0.790726139376882,-0.567425016096379,Myeloid_C0
GTCTAGAGTCTCACGG-1-2,SeuratProject,4143,1928,GTCTAGAGTCTCACGG-1-2,24,Macrophages/Microglia,0.0482741974414675,1,1,-0.554364144076613,-0.464914200764647,-0.907381462272843,-0.64370534132313,-0.281231656119619,1.23108668343486,-1.2224720540466,Myeloid_C1
GTTGCTCGTTGAATCC-1-2,SeuratProject,1095,719,GTTGCTCGTTGAATCC-1-2,24,Macrophages/Microglia,0.091324200913242,0,0,0.416501624336763,0.0269734884071083,-0.55222367065357,-0.397188876892449,-0.175922932615814,1.8504369722922,-0.786573965419762,Myeloid_C0
TAAGCGTGTTACCCTC-1-2,SeuratProject,1295,891,TAAGCGTGTTACCCTC-1-2,24,Macrophages/Microglia,0.0772200772200772,0,0,-0.5023513046349,-0.735823207565917,0.232655003347599,0.709031245244945,-0.20570428092999,-1.09637995197394,0.496093870638637,Myeloid_C0
TATTCCACACTTCATT-1-2,SeuratProject,1432,958,TATTCCACACTTCATT-1-2,24,Macrophages/Microglia,0.209497206703911,0,0,-0.409508463152637,1.4454793338478,-0.70723870092965,-0.437601482690114,-0.224883353617427,0.660627939841518,1.83741364931879,Myeloid_C0
TCATTACGTGGCATCC-1-2,SeuratProject,2885,1575,TCATTACGTGGCATCC-1-2,24,Macrophages/Microglia,0.103986135181976,0,0,-0.167572295872404,-0.763997823558228,0.154722049084656,0.100131687997806,-0.284287941958576,0.805703953186103,-0.462786339930219,Myeloid_C0
TCCACCAAGTATGTAG-1-2,SeuratProject,1601,992,TCCACCAAGTATGTAG-1-2,24,Macrophages/Microglia,0.18738288569644,1,1,0.0503293011230069,0.476818474114115,0.875884602772533,0.398098131598936,0.271940111068524,-0.0778336840794412,0.232990470231311,Myeloid_C1
TCTATCAGTGGTCTTA-1-2,SeuratProject,950,714,TCTATCAGTGGTCTTA-1-2,24,Macrophages/Microglia,0.105263157894737,0,0,-0.314558182164843,0.867759620067806,-0.476465084174024,-0.4109119681159,-0.188213450224547,1.96800325466813,-0.801029091034752,Myeloid_C0
TGGGTTAAGTGAGCCA-1-2,SeuratProject,5135,2310,TGGGTTAAGTGAGCCA-1-2,24,Macrophages/Microglia,0.155793573515093,1,1,-0.3344855679249,-0.824903788897517,-0.914265308283523,-0.606044951742804,-0.0387212967602507,0.572794529506098,-1.19194410135207,Myeloid_C1
TGTGATGTCCTAGCGG-1-2,SeuratProject,891,631,TGTGATGTCCTAGCGG-1-2,24,Macrophages/Microglia,0.112233445566779,0,0,0.277562956576081,-0.556637514666347,-0.524314460310867,0.609289431912106,0.383201379512782,-0.795534050110948,0.456139755691491,Myeloid_C0
