age_months,source,target,interaction_name,prob,pval
3,Fibrocytes,Macrophages/Microglia,TGFB2_TGFBR1_TGFBR2,0.0235214460047748,0.0
3,Spiral ganglion neurons,Macrophages/Microglia,TGFB2_TGFBR1_TGFBR2,0.0134700295595385,0.0
3,Supporting cells,Macrophages/Microglia,TGFB2_TGFBR1_TGFBR2,0.0134321962261631,0.0
3,Fibrocytes,Supporting cells,TGFB2_TGFBR1_TGFBR2,0.0086977673313103,0.0
3,Spiral ganglion neurons,Supporting cells,TGFB2_TGFBR1_TGFBR2,0.0049440296864581,0.04
3,Supporting cells,Supporting cells,TGFB2_TGFBR1_TGFBR2,0.0049300236964332,0.0
3,Fibrocytes,Supporting cells,TGFB2_ACVR1_TGFBR1,0.0083403035839337,0.0
3,Supporting cells,Supporting cells,TGFB2_ACVR1_TGFBR1,0.0044417656795076,0.0
3,Glia/Schwann,Inner hair cells,BMP5_ACVR1_ACVR2A,0.0055610557804473,0.0
3,Supporting cells,Inner hair cells,BMP5_ACVR1_ACVR2A,0.003725805033681,0.0
3,Glia/Schwann,Spiral ganglion neurons,BMP5_ACVR1_ACVR2A,0.0044800735582784,0.03
3,Glia/Schwann,Supporting cells,BMP5_ACVR1_ACVR2A,0.0046573786033256,0.0
3,Supporting cells,Supporting cells,BMP5_ACVR1_ACVR2A,0.003119422447159,0.0
3,Glia/Schwann,Supporting cells,BMP5_ACVR1_BMPR2,0.0119486200046586,0.0
3,Supporting cells,Supporting cells,BMP5_ACVR1_BMPR2,0.0080223613328287,0.0
3,Glia/Schwann,Inner hair cells,BMP5_BMPR1A_ACVR2A,0.0054262743605483,0.03
3,Glia/Schwann,Supporting cells,BMP5_BMPR1A_ACVR2A,0.0075035721974757,0.0
3,Supporting cells,Supporting cells,BMP5_BMPR1A_ACVR2A,0.0050304982015019,0.0
3,Glia/Schwann,Supporting cells,BMP5_BMPR1A_BMPR2,0.0191648062108514,0.0
3,Supporting cells,Supporting cells,BMP5_BMPR1A_BMPR2,0.0128982980520947,0.0
3,Glia/Schwann,Inner hair cells,BMP5_BMPR1B_ACVR2A,0.0111663153709506,0.0
3,Supporting cells,Inner hair cells,BMP5_BMPR1B_ACVR2A,0.0074951681940879,0.0
3,Glia/Schwann,Inner hair cells,BMP5_BMPR1B_BMPR2,0.0136295813761035,0.0
3,Supporting cells,Inner hair cells,BMP5_BMPR1B_BMPR2,0.0091560855143028,0.0
3,Fibrocytes,Inner hair cells,BMP6_ACVR1_ACVR2A,0.0083838963527786,0.0
3,Fibrocytes,Spiral ganglion neurons,BMP6_ACVR1_ACVR2A,0.0067579270158916,0.0
3,Fibrocytes,Supporting cells,BMP6_ACVR1_ACVR2A,0.0070247451054683,0.0
3,Fibrocytes,Glia/Schwann,BMP6_ACVR1_BMPR2,0.0085877231329993,0.0
3,Fibrocytes,Inner hair cells,BMP6_ACVR1_BMPR2,0.0102397225682087,0.0
3,Fibrocytes,Spiral ganglion neurons,BMP6_ACVR1_BMPR2,0.012648130891309,0.0
3,Fibrocytes,Supporting cells,BMP6_ACVR1_BMPR2,0.0179553005332992,0.0
3,Fibrocytes,Inner hair cells,BMP6_BMPR1A_ACVR2A,0.0081812615659866,0.0
3,Fibrocytes,Spiral ganglion neurons,BMP6_BMPR1A_ACVR2A,0.0077758803037373,0.0
3,Fibrocytes,Supporting cells,BMP6_BMPR1A_ACVR2A,0.0113012453227232,0.0
3,Fibrocytes,Fibrocytes,BMP6_BMPR1A_BMPR2,0.0105715446377619,0.0
3,Fibrocytes,Glia/Schwann,BMP6_BMPR1A_BMPR2,0.0093395252638614,0.0
3,Fibrocytes,Inner hair cells,BMP6_BMPR1A_BMPR2,0.0099926853504138,0.0
3,Fibrocytes,Spiral ganglion neurons,BMP6_BMPR1A_BMPR2,0.0145403428086658,0.01
3,Fibrocytes,Supporting cells,BMP6_BMPR1A_BMPR2,0.0286937799607597,0.0
3,Fibrocytes,Inner hair cells,BMP6_BMPR1B_ACVR2A,0.016786405659515,0.0
3,Fibrocytes,Fibrocytes,BMP6_BMPR1B_BMPR2,0.0081335782750835,0.0
3,Fibrocytes,Glia/Schwann,BMP6_BMPR1B_BMPR2,0.010117856121527,0.0
3,Fibrocytes,Inner hair cells,BMP6_BMPR1B_BMPR2,0.0204637948187249,0.0
3,Inner hair cells,Inner hair cells,BMP8B_ACVR1_ACVR2A,0.0019649591075494,0.0
3,Inner hair cells,Spiral ganglion neurons,BMP8B_ACVR1_ACVR2A,0.0015818898413669,0.0
3,Inner hair cells,Supporting cells,BMP8B_ACVR1_ACVR2A,0.0016446847913282,0.0
3,Inner hair cells,Glia/Schwann,BMP8B_ACVR1_BMPR2,0.0020130474083087,0.0
3,Inner hair cells,Inner hair cells,BMP8B_ACVR1_BMPR2,0.0024033584355461,0.0
3,Inner hair cells,Spiral ganglion neurons,BMP8B_ACVR1_BMPR2,0.0029741728494587,0.0
3,Inner hair cells,Supporting cells,BMP8B_ACVR1_BMPR2,0.0042395687759553,0.0
3,Inner hair cells,Inner hair cells,BMP8B_BMPR1A_ACVR2A,0.0019171670314772,0.0
3,Inner hair cells,Spiral ganglion neurons,BMP8B_BMPR1A_ACVR2A,0.0018216014004157,0.0
3,Inner hair cells,Supporting cells,BMP8B_BMPR1A_ACVR2A,0.0026546866396849,0.0
3,Inner hair cells,Fibrocytes,BMP8B_BMPR1A_BMPR2,0.0024818769405606,0.0
3,Inner hair cells,Glia/Schwann,BMP8B_BMPR1A_BMPR2,0.0021905490188894,0.0
3,Inner hair cells,Inner hair cells,BMP8B_BMPR1A_BMPR2,0.0023449285878041,0.0
3,Inner hair cells,Spiral ganglion neurons,BMP8B_BMPR1A_BMPR2,0.0034241403421989,0.0
3,Inner hair cells,Supporting cells,BMP8B_BMPR1A_BMPR2,0.0068321851704077,0.0
3,Inner hair cells,Inner hair cells,BMP8B_BMPR1B_ACVR2A,0.0039599712154866,0.0
3,Inner hair cells,Fibrocytes,BMP8B_BMPR1B_BMPR2,0.0019059229447825,0.0
3,Inner hair cells,Glia/Schwann,BMP8B_BMPR1B_BMPR2,0.002374531495702,0.0
3,Inner hair cells,Inner hair cells,BMP8B_BMPR1B_BMPR2,0.0048413158214849,0.0
3,Spiral ganglion neurons,Fibrocytes,NRG1_ERBB4,0.0750474377782351,0.0
3,Spiral ganglion neurons,Glia/Schwann,NRG1_ERBB4,0.0769019610872355,0.0
3,Spiral ganglion neurons,Inner hair cells,NRG1_ERBB4,0.0513499525801559,0.0
3,Spiral ganglion neurons,Macrophages/Microglia,NRG1_ERBB4,0.0315886355992199,0.0
3,Spiral ganglion neurons,Outer hair cells,NRG1_ERBB4,0.0254563900511238,0.0
3,Spiral ganglion neurons,Spiral ganglion neurons,NRG1_ERBB4,0.0570151508250889,0.0
3,Spiral ganglion neurons,Supporting cells,NRG1_ERBB4,0.112623588215934,0.0
3,Spiral ganglion neurons,Fibrocytes,NRG2_ERBB4,0.0243782323290959,0.0
3,Spiral ganglion neurons,Glia/Schwann,NRG2_ERBB4,0.0250145133380771,0.0
3,Spiral ganglion neurons,Inner hair cells,NRG2_ERBB4,0.0163967691080001,0.0
3,Spiral ganglion neurons,Macrophages/Microglia,NRG2_ERBB4,0.0099456766532546,0.0
3,Spiral ganglion neurons,Outer hair cells,NRG2_ERBB4,0.0079803170944384,0.0
3,Spiral ganglion neurons,Spiral ganglion neurons,NRG2_ERBB4,0.0182800549676411,0.0
3,Spiral ganglion neurons,Supporting cells,NRG2_ERBB4,0.0376161319161304,0.0
3,Spiral ganglion neurons,Fibrocytes,NRG3_ERBB4,0.195018144314004,0.0
3,Spiral ganglion neurons,Glia/Schwann,NRG3_ERBB4,0.199198837657351,0.0
3,Spiral ganglion neurons,Inner hair cells,NRG3_ERBB4,0.13913643177444,0.0
3,Spiral ganglion neurons,Macrophages/Microglia,NRG3_ERBB4,0.0887523628978654,0.0
3,Spiral ganglion neurons,Outer hair cells,NRG3_ERBB4,0.0723521126595439,0.0
3,Spiral ganglion neurons,Spiral ganglion neurons,NRG3_ERBB4,0.152925434366498,0.0
3,Spiral ganglion neurons,Supporting cells,NRG3_ERBB4,0.274816090751913,0.0
3,Spiral ganglion neurons,Fibrocytes,FGF1_FGFR1,0.005640823842511,0.0
3,Spiral ganglion neurons,Glia/Schwann,FGF1_FGFR1,0.0041868088949438,0.0
3,Spiral ganglion neurons,Inner hair cells,FGF1_FGFR1,0.0021929321065927,0.01
3,Spiral ganglion neurons,Spiral ganglion neurons,FGF1_FGFR1,0.0021457247730185,0.0
3,Spiral ganglion neurons,Supporting cells,FGF1_FGFR1,0.005306344857491,0.0
3,Spiral ganglion neurons,Fibrocytes,FGF1_FGFR2,0.0087944386642284,0.01
3,Spiral ganglion neurons,Glia/Schwann,FGF1_FGFR2,0.0360164231124058,0.0
3,Spiral ganglion neurons,Inner hair cells,FGF1_FGFR2,0.0193030555769223,0.0
3,Spiral ganglion neurons,Macrophages/Microglia,FGF1_FGFR2,0.0190613325417,0.0
3,Spiral ganglion neurons,Outer hair cells,FGF1_FGFR2,0.0082930402405245,0.01
3,Spiral ganglion neurons,Spiral ganglion neurons,FGF1_FGFR2,0.0196732291176498,0.0
3,Spiral ganglion neurons,Supporting cells,FGF1_FGFR2,0.0358931892520077,0.0
3,Spiral ganglion neurons,Supporting cells,FGF1_FGFR4,0.0030170713320114,0.0
3,Spiral ganglion neurons,Fibrocytes,FGF10_FGFR1,0.0056280921563849,0.0
3,Spiral ganglion neurons,Glia/Schwann,FGF10_FGFR1,0.0041773452229393,0.0
3,Spiral ganglion neurons,Inner hair cells,FGF10_FGFR1,0.002187965400475,0.0
3,Spiral ganglion neurons,Spiral ganglion neurons,FGF10_FGFR1,0.0021408647559729,0.0
3,Spiral ganglion neurons,Supporting cells,FGF10_FGFR1,0.0052943640913938,0.0
3,Spiral ganglion neurons,Fibrocytes,FGF10_FGFR2,0.0087746518870373,0.0
3,Spiral ganglion neurons,Glia/Schwann,FGF10_FGFR2,0.0359376096767272,0.0
3,Spiral ganglion neurons,Inner hair cells,FGF10_FGFR2,0.0192600846767274,0.0
3,Spiral ganglion neurons,Macrophages/Microglia,FGF10_FGFR2,0.0190188893101804,0.0
3,Spiral ganglion neurons,Outer hair cells,FGF10_FGFR2,0.008274372152131,0.0
3,Spiral ganglion neurons,Spiral ganglion neurons,FGF10_FGFR2,0.0196294506611172,0.0
3,Spiral ganglion neurons,Supporting cells,FGF10_FGFR2,0.0358146354656137,0.0
3,Spiral ganglion neurons,Fibrocytes,PDGFA_PDGFRA,0.0045854366171148,0.0
3,Spiral ganglion neurons,Inner hair cells,PDGFA_PDGFRA,0.005163183151543,0.0
3,Spiral ganglion neurons,Outer hair cells,PDGFA_PDGFRA,0.0052676969178362,0.0
3,Spiral ganglion neurons,Supporting cells,PDGFA_PDGFRA,0.0055528523751405,0.0
3,Spiral ganglion neurons,Macrophages/Microglia,VEGFA_VEGFR1,0.0023093152643218,0.0
3,Spiral ganglion neurons,Spiral ganglion neurons,VEGFA_VEGFR1,0.0014776256746443,0.0
3,Spiral ganglion neurons,Supporting cells,VEGFA_VEGFR1,0.0036989636634918,0.0
3,Supporting cells,Fibrocytes,IGF1_IGF1R,0.0098267629287484,0.0
3,Supporting cells,Glia/Schwann,IGF1_IGF1R,0.0076795249159265,0.0
3,Supporting cells,Inner hair cells,IGF1_IGF1R,0.0047279595500643,0.0
3,Supporting cells,Macrophages/Microglia,IGF1_IGF1R,0.0069724023026242,0.0
3,Supporting cells,Outer hair cells,IGF1_IGF1R,0.0115980122764718,0.0
3,Supporting cells,Spiral ganglion neurons,IGF1_IGF1R,0.0050339170035715,0.0
3,Supporting cells,Supporting cells,IGF1_IGF1R,0.0068367685526886,0.0
3,Inner hair cells,Macrophages/Microglia,SPP1_ITGAV_ITGB1,0.0046709424101633,0.03
3,Spiral ganglion neurons,Macrophages/Microglia,SPP1_ITGAV_ITGB1,0.0205822400566481,0.0
3,Supporting cells,Macrophages/Microglia,SPP1_ITGAV_ITGB1,0.0045047164473279,0.03
3,Inner hair cells,Supporting cells,SPP1_ITGAV_ITGB1,0.0034457429344249,0.0
3,Spiral ganglion neurons,Supporting cells,SPP1_ITGAV_ITGB1,0.015247403547408,0.0
3,Supporting cells,Supporting cells,SPP1_ITGAV_ITGB1,0.0033229728766808,0.0
3,Glia/Schwann,Macrophages/Microglia,SPP1_ITGAV_ITGB5,0.0035529877503458,0.03
3,Inner hair cells,Macrophages/Microglia,SPP1_ITGAV_ITGB5,0.0052804486681727,0.0
3,Spiral ganglion neurons,Macrophages/Microglia,SPP1_ITGAV_ITGB5,0.0232195586478045,0.0
3,Supporting cells,Macrophages/Microglia,SPP1_ITGAV_ITGB5,0.0050926430391019,0.0
3,Glia/Schwann,Macrophages/Microglia,SPP1_ITGA9_ITGB1,0.0033866713099372,0.0
3,Inner hair cells,Macrophages/Microglia,SPP1_ITGA9_ITGB1,0.0050336777447537,0.0
3,Spiral ganglion neurons,Macrophages/Microglia,SPP1_ITGA9_ITGB1,0.0221531108565345,0.0
3,Supporting cells,Macrophages/Microglia,SPP1_ITGA9_ITGB1,0.0048546059923872,0.0
3,Spiral ganglion neurons,Spiral ganglion neurons,SPP1_ITGA8_ITGB1,0.016372027432076,0.0
3,Spiral ganglion neurons,Supporting cells,SPP1_ITGA8_ITGB1,0.0243357175850602,0.0
3,Supporting cells,Supporting cells,SPP1_ITGA8_ITGB1,0.0053422108663922,0.0
3,Fibrocytes,Glia/Schwann,PTN_PTPRZ1,0.182997533770206,0.0
3,Glia/Schwann,Glia/Schwann,PTN_PTPRZ1,0.156126212428496,0.0
3,Inner hair cells,Glia/Schwann,PTN_PTPRZ1,0.153175970978122,0.0
3,Macrophages/Microglia,Glia/Schwann,PTN_PTPRZ1,0.157450120041152,0.0
3,Outer hair cells,Glia/Schwann,PTN_PTPRZ1,0.163449017251016,0.0
3,Spiral ganglion neurons,Glia/Schwann,PTN_PTPRZ1,0.151528816885918,0.0
3,Supporting cells,Glia/Schwann,PTN_PTPRZ1,0.216563667840741,0.0
3,Fibrocytes,Inner hair cells,PTN_PTPRZ1,0.0621845525347796,0.0
3,Glia/Schwann,Inner hair cells,PTN_PTPRZ1,0.0519258817476042,0.0
3,Inner hair cells,Inner hair cells,PTN_PTPRZ1,0.0508260702770104,0.0
3,Macrophages/Microglia,Inner hair cells,PTN_PTPRZ1,0.0524210872957802,0.0
3,Outer hair cells,Inner hair cells,PTN_PTPRZ1,0.0546780364939796,0.0
3,Spiral ganglion neurons,Inner hair cells,PTN_PTPRZ1,0.0502142573211715,0.0
3,Supporting cells,Inner hair cells,PTN_PTPRZ1,0.0756423788679946,0.0
3,Supporting cells,Fibrocytes,PTN_SDC2,0.0465544738544718,0.0
3,Supporting cells,Supporting cells,PTN_SDC2,0.0229448928431499,0.01
3,Fibrocytes,Inner hair cells,PTN_ALK,0.273581784835085,0.0
3,Glia/Schwann,Inner hair cells,PTN_ALK,0.237272045511496,0.0
3,Inner hair cells,Inner hair cells,PTN_ALK,0.23321219225046,0.0
3,Macrophages/Microglia,Inner hair cells,PTN_ALK,0.239089094420536,0.0
3,Outer hair cells,Inner hair cells,PTN_ALK,0.247285548907177,0.0
3,Spiral ganglion neurons,Inner hair cells,PTN_ALK,0.230939092584089,0.0
3,Supporting cells,Inner hair cells,PTN_ALK,0.317310127597561,0.0
3,Inner hair cells,Inner hair cells,NTF3_NTRK2,0.002911770010473,0.0
3,Inner hair cells,Spiral ganglion neurons,NTF3_NTRK2,0.0366342783747216,0.0
3,Inner hair cells,Spiral ganglion neurons,NTF3_NTRK3,0.0232908117666364,0.0
3,Glia/Schwann,Spiral ganglion neurons,SEMA3A_NRP1_PLXNA1,0.0056954001138628,0.0
3,Inner hair cells,Spiral ganglion neurons,SEMA3A_NRP1_PLXNA1,0.0096755546775051,0.0
3,Outer hair cells,Spiral ganglion neurons,SEMA3A_NRP1_PLXNA1,0.0180677650539098,0.0
3,Spiral ganglion neurons,Spiral ganglion neurons,SEMA3A_NRP1_PLXNA1,0.0017832181660082,0.0
3,Glia/Schwann,Spiral ganglion neurons,SEMA3A_NRP1_PLXNA2,0.0066425499192743,0.0
3,Inner hair cells,Spiral ganglion neurons,SEMA3A_NRP1_PLXNA2,0.0112771004148941,0.0
3,Outer hair cells,Spiral ganglion neurons,SEMA3A_NRP1_PLXNA2,0.0210289339044941,0.0
3,Spiral ganglion neurons,Spiral ganglion neurons,SEMA3A_NRP1_PLXNA2,0.0020811305767755,0.04
3,Glia/Schwann,Supporting cells,SEMA3A_NRP1_PLXNA2,0.0072740853064391,0.0
3,Inner hair cells,Supporting cells,SEMA3A_NRP1_PLXNA2,0.0123437868011701,0.0
3,Outer hair cells,Supporting cells,SEMA3A_NRP1_PLXNA2,0.0229965793512996,0.0
3,Spiral ganglion neurons,Supporting cells,SEMA3A_NRP1_PLXNA2,0.0022799878674524,0.03
3,Glia/Schwann,Macrophages/Microglia,SEMA3A_NRP1_PLXNA4,0.0125928719220805,0.0
3,Inner hair cells,Macrophages/Microglia,SEMA3A_NRP1_PLXNA4,0.0212900227272772,0.0
3,Outer hair cells,Macrophages/Microglia,SEMA3A_NRP1_PLXNA4,0.0393558413122446,0.0
3,Spiral ganglion neurons,Macrophages/Microglia,SEMA3A_NRP1_PLXNA4,0.0039616800382687,0.0
3,Glia/Schwann,Spiral ganglion neurons,SEMA3A_NRP1_PLXNA4,0.0132521289066323,0.0
3,Inner hair cells,Spiral ganglion neurons,SEMA3A_NRP1_PLXNA4,0.022394263100583,0.0
3,Outer hair cells,Spiral ganglion neurons,SEMA3A_NRP1_PLXNA4,0.0413574982019192,0.0
3,Spiral ganglion neurons,Spiral ganglion neurons,SEMA3A_NRP1_PLXNA4,0.0041709890497576,0.0
3,Spiral ganglion neurons,Macrophages/Microglia,GAS6_AXL,0.0019096716785295,0.0
3,Spiral ganglion neurons,Fibrocytes,GAS6_MERTK,0.0022307040033762,0.0
3,Spiral ganglion neurons,Macrophages/Microglia,GAS6_MERTK,0.0175683364247855,0.0
3,Spiral ganglion neurons,Spiral ganglion neurons,GAS6_MERTK,0.00142656771346,0.0
3,Spiral ganglion neurons,Supporting cells,GAS6_MERTK,0.0045059050340556,0.0
3,Macrophages/Microglia,Inner hair cells,GRN_SORT1,0.0066108804576368,0.0
3,Macrophages/Microglia,Spiral ganglion neurons,GRN_SORT1,0.0020528458446232,0.0
3,Supporting cells,Macrophages/Microglia,PROS1_AXL,0.0006208546895658,0.0
3,Fibrocytes,Spiral ganglion neurons,FN1_ITGA3_ITGB1,0.0019736854238588,0.0
3,Glia/Schwann,Spiral ganglion neurons,FN1_ITGA3_ITGB1,0.0026628123367589,0.0
3,Inner hair cells,Spiral ganglion neurons,FN1_ITGA3_ITGB1,0.0035188223495849,0.0
3,Macrophages/Microglia,Spiral ganglion neurons,FN1_ITGA3_ITGB1,0.0049466583868893,0.0
3,Outer hair cells,Spiral ganglion neurons,FN1_ITGA3_ITGB1,0.0037988624309741,0.0
3,Spiral ganglion neurons,Spiral ganglion neurons,FN1_ITGA3_ITGB1,0.0032435259546865,0.0
3,Supporting cells,Spiral ganglion neurons,FN1_ITGA3_ITGB1,0.0131469364526581,0.0
3,Supporting cells,Supporting cells,FN1_ITGA8_ITGB1,0.0254943062111856,0.0
3,Fibrocytes,Spiral ganglion neurons,LAMA2_ITGA3_ITGB1,0.0053466466819246,0.0
3,Glia/Schwann,Spiral ganglion neurons,LAMA2_ITGA3_ITGB1,0.0044539421046624,0.0
3,Inner hair cells,Spiral ganglion neurons,LAMA2_ITGA3_ITGB1,0.0029050457578257,0.0
3,Spiral ganglion neurons,Spiral ganglion neurons,LAMA2_ITGA3_ITGB1,0.0033265939656159,0.0
3,Supporting cells,Spiral ganglion neurons,LAMA2_ITGA3_ITGB1,0.0106157730816932,0.0
3,Supporting cells,Spiral ganglion neurons,LAMA4_ITGA3_ITGB1,0.0016109269103411,0.0
3,Outer hair cells,Spiral ganglion neurons,LAMA5_ITGA3_ITGB1,0.0044306620586281,0.0
3,Glia/Schwann,Spiral ganglion neurons,LAMB1_ITGA3_ITGB1,0.0025294045915322,0.0
3,Fibrocytes,Spiral ganglion neurons,LAMC1_ITGA3_ITGB1,0.0026197026189239,0.0
3,Glia/Schwann,Spiral ganglion neurons,LAMC1_ITGA3_ITGB1,0.0030194771700643,0.0
3,Macrophages/Microglia,Spiral ganglion neurons,LAMC1_ITGA3_ITGB1,0.0023695280502726,0.0
3,Spiral ganglion neurons,Spiral ganglion neurons,LAMC1_ITGA3_ITGB1,0.0028964086941605,0.0
3,Supporting cells,Spiral ganglion neurons,LAMC1_ITGA3_ITGB1,0.0040042179792698,0.0
3,Supporting cells,Spiral ganglion neurons,LAMC3_ITGA3_ITGB1,0.0011673874856195,0.0
3,Spiral ganglion neurons,Spiral ganglion neurons,COL1A2_ITGA3_ITGB1,0.0010059911418863,0.0
3,Supporting cells,Spiral ganglion neurons,COL1A2_ITGA3_ITGB1,0.0014119183955556,0.0
3,Glia/Schwann,Spiral ganglion neurons,COL4A3_ITGA3_ITGB1,0.0019222868625469,0.0
3,Fibrocytes,Spiral ganglion neurons,COL4A5_ITGA3_ITGB1,0.0028277069397268,0.0
3,Fibrocytes,Macrophages/Microglia,LAMA2_ITGA6_ITGB1,0.0085537725591251,0.0
3,Glia/Schwann,Macrophages/Microglia,LAMA2_ITGA6_ITGB1,0.0071294273602376,0.0
3,Inner hair cells,Macrophages/Microglia,LAMA2_ITGA6_ITGB1,0.0046544581898815,0.0
3,Spiral ganglion neurons,Macrophages/Microglia,LAMA2_ITGA6_ITGB1,0.0053285052287878,0.0
3,Supporting cells,Macrophages/Microglia,LAMA2_ITGA6_ITGB1,0.0169297289924492,0.0
3,Supporting cells,Macrophages/Microglia,LAMA4_ITGA6_ITGB1,0.0025830425705988,0.0
3,Outer hair cells,Macrophages/Microglia,LAMA5_ITGA6_ITGB1,0.0070922626031768,0.0
3,Glia/Schwann,Macrophages/Microglia,LAMB1_ITGA6_ITGB1,0.0040535263260517,0.0
3,Fibrocytes,Macrophages/Microglia,LAMC1_ITGA6_ITGB1,0.0041980054718908,0.0
3,Glia/Schwann,Macrophages/Microglia,LAMC1_ITGA6_ITGB1,0.0048374656346714,0.0
3,Macrophages/Microglia,Macrophages/Microglia,LAMC1_ITGA6_ITGB1,0.003797681121006,0.0
3,Spiral ganglion neurons,Macrophages/Microglia,LAMC1_ITGA6_ITGB1,0.0046406441120239,0.0
3,Supporting cells,Macrophages/Microglia,LAMC1_ITGA6_ITGB1,0.0064112934837729,0.0
3,Supporting cells,Macrophages/Microglia,LAMC3_ITGA6_ITGB1,0.0018723507314228,0.0
3,Spiral ganglion neurons,Macrophages/Microglia,COL1A2_ITGA9_ITGB1,0.0017929112048884,0.0
3,Supporting cells,Macrophages/Microglia,COL1A2_ITGA9_ITGB1,0.0025155688189446,0.0
3,Glia/Schwann,Macrophages/Microglia,COL4A3_ITGA9_ITGB1,0.0034235079218705,0.0
3,Fibrocytes,Macrophages/Microglia,COL4A5_ITGA9_ITGB1,0.0050324557845841,0.0
3,Fibrocytes,Macrophages/Microglia,LAMA2_ITGA9_ITGB1,0.009496695699499,0.0
3,Glia/Schwann,Macrophages/Microglia,LAMA2_ITGA9_ITGB1,0.0079165918638244,0.0
3,Inner hair cells,Macrophages/Microglia,LAMA2_ITGA9_ITGB1,0.0051697826637895,0.0
3,Spiral ganglion neurons,Macrophages/Microglia,LAMA2_ITGA9_ITGB1,0.0059180139942853,0.0
3,Supporting cells,Macrophages/Microglia,LAMA2_ITGA9_ITGB1,0.0187784855820942,0.0
3,Supporting cells,Macrophages/Microglia,LAMA4_ITGA9_ITGB1,0.0028696887443084,0.0
3,Outer hair cells,Macrophages/Microglia,LAMA5_ITGA9_ITGB1,0.0078753562705065,0.0
3,Glia/Schwann,Macrophages/Microglia,LAMB1_ITGA9_ITGB1,0.0045026188099602,0.0
3,Fibrocytes,Macrophages/Microglia,LAMC1_ITGA9_ITGB1,0.0046630299378574,0.0
3,Glia/Schwann,Macrophages/Microglia,LAMC1_ITGA9_ITGB1,0.005372942643901,0.0
3,Macrophages/Microglia,Macrophages/Microglia,LAMC1_ITGA9_ITGB1,0.0042185484317626,0.0
3,Spiral ganglion neurons,Macrophages/Microglia,LAMC1_ITGA9_ITGB1,0.0051544470623944,0.0
3,Supporting cells,Macrophages/Microglia,LAMC1_ITGA9_ITGB1,0.0071197369547207,0.0
3,Supporting cells,Macrophages/Microglia,LAMC3_ITGA9_ITGB1,0.0020802942892012,0.0
3,Spiral ganglion neurons,Spiral ganglion neurons,COL1A2_ITGA10_ITGB1,0.0006010775165558,0.04
3,Supporting cells,Spiral ganglion neurons,COL1A2_ITGA10_ITGB1,0.0008437561639237,0.0
3,Glia/Schwann,Spiral ganglion neurons,COL4A3_ITGA10_ITGB1,0.0011489863998331,0.0
3,Fibrocytes,Spiral ganglion neurons,COL4A5_ITGA10_ITGB1,0.00169078974952,0.0
3,Supporting cells,Macrophages/Microglia,FN1_ITGAV_ITGB1,0.0215660809318705,0.0
3,Supporting cells,Supporting cells,FN1_ITGAV_ITGB1,0.0159803974598557,0.0
3,Supporting cells,Supporting cells,FN1_ITGAV_ITGB8,0.0176385019292586,0.0
3,Supporting cells,Supporting cells,LAMA2_ITGAV_ITGB8,0.0142550744051162,0.0
3,Supporting cells,Supporting cells,LAMA4_ITGAV_ITGB8,0.0021699557989412,0.0
3,Outer hair cells,Supporting cells,LAMA5_ITGAV_ITGB8,0.0059623605837649,0.0
3,Glia/Schwann,Supporting cells,LAMB1_ITGAV_ITGB8,0.0034060790926977,0.0
3,Glia/Schwann,Supporting cells,LAMC1_ITGAV_ITGB8,0.0040653152394095,0.01
3,Supporting cells,Supporting cells,LAMC1_ITGAV_ITGB8,0.0053892910350813,0.0
3,Supporting cells,Supporting cells,LAMC3_ITGAV_ITGB8,0.0015727404018715,0.0
3,Supporting cells,Supporting cells,COL1A2_ITGAV_ITGB8,0.0019020182940825,0.0
3,Glia/Schwann,Supporting cells,COL4A3_ITGAV_ITGB8,0.0025890846547236,0.0
3,Fibrocytes,Supporting cells,COL4A5_ITGAV_ITGB8,0.0038073763733124,0.0
3,Fibrocytes,Spiral ganglion neurons,LAMA2_SV2A,0.0062761875930739,0.0
3,Glia/Schwann,Spiral ganglion neurons,LAMA2_SV2A,0.0052290978437675,0.0
3,Inner hair cells,Spiral ganglion neurons,LAMA2_SV2A,0.0034115582366452,0.0
3,Spiral ganglion neurons,Spiral ganglion neurons,LAMA2_SV2A,0.003906318001337,0.0
3,Supporting cells,Spiral ganglion neurons,LAMA2_SV2A,0.0124499114035663,0.0
3,Supporting cells,Spiral ganglion neurons,LAMA4_SV2A,0.0018922300626012,0.0
3,Outer hair cells,Spiral ganglion neurons,LAMA5_SV2A,0.0052017873520708,0.0
3,Glia/Schwann,Spiral ganglion neurons,LAMB1_SV2A,0.0029706168660937,0.0
3,Fibrocytes,Spiral ganglion neurons,LAMC1_SV2A,0.0030766172896493,0.0
3,Glia/Schwann,Spiral ganglion neurons,LAMC1_SV2A,0.0035458705121507,0.0
3,Macrophages/Microglia,Spiral ganglion neurons,LAMC1_SV2A,0.0027829303460106,0.0
3,Spiral ganglion neurons,Spiral ganglion neurons,LAMC1_SV2A,0.0034014203853614,0.0
3,Supporting cells,Spiral ganglion neurons,LAMC1_SV2A,0.0047014742008409,0.0
3,Supporting cells,Spiral ganglion neurons,LAMC3_SV2A,0.0013713453157467,0.0
3,Fibrocytes,Spiral ganglion neurons,LAMA2_SV2B,0.0060018909534197,0.0
3,Glia/Schwann,Spiral ganglion neurons,LAMA2_SV2B,0.005000333298739,0.0
3,Inner hair cells,Spiral ganglion neurons,LAMA2_SV2B,0.0032620473567575,0.0
3,Spiral ganglion neurons,Spiral ganglion neurons,LAMA2_SV2B,0.0037352056372338,0.0
3,Supporting cells,Spiral ganglion neurons,LAMA2_SV2B,0.01190902980769,0.0
3,Supporting cells,Spiral ganglion neurons,LAMA4_SV2B,0.0018091825706236,0.0
3,Outer hair cells,Spiral ganglion neurons,LAMA5_SV2B,0.0049742116223579,0.0
3,Glia/Schwann,Spiral ganglion neurons,LAMB1_SV2B,0.0028403750807015,0.0
3,Fibrocytes,Spiral ganglion neurons,LAMC1_SV2B,0.0029417418031528,0.0
3,Glia/Schwann,Spiral ganglion neurons,LAMC1_SV2B,0.0033904934482393,0.0
3,Macrophages/Microglia,Spiral ganglion neurons,LAMC1_SV2B,0.0026608954045749,0.0
3,Spiral ganglion neurons,Spiral ganglion neurons,LAMC1_SV2B,0.0032523523449133,0.0
3,Supporting cells,Spiral ganglion neurons,LAMC1_SV2B,0.0044956880159686,0.0
3,Supporting cells,Spiral ganglion neurons,LAMC3_SV2B,0.0013111287406496,0.0
3,Fibrocytes,Spiral ganglion neurons,LAMA2_SV2C,0.0105109079646677,0.0
3,Glia/Schwann,Spiral ganglion neurons,LAMA2_SV2C,0.0087635478567184,0.0
3,Inner hair cells,Spiral ganglion neurons,LAMA2_SV2C,0.0057245671647741,0.0
3,Spiral ganglion neurons,Spiral ganglion neurons,LAMA2_SV2C,0.0065525645165534,0.0
3,Supporting cells,Spiral ganglion neurons,LAMA2_SV2C,0.0207631798942431,0.0
3,Supporting cells,Spiral ganglion neurons,LAMA4_SV2C,0.0031784320469584,0.0
3,Outer hair cells,Spiral ganglion neurons,LAMA5_SV2C,0.008717939443359,0.0
3,Glia/Schwann,Spiral ganglion neurons,LAMB1_SV2C,0.004986166847381,0.0
3,Fibrocytes,Spiral ganglion neurons,LAMC1_SV2C,0.0051637155892895,0.0
3,Glia/Schwann,Spiral ganglion neurons,LAMC1_SV2C,0.0059493984556691,0.0
3,Macrophages/Microglia,Spiral ganglion neurons,LAMC1_SV2C,0.0046717325720481,0.0
3,Spiral ganglion neurons,Spiral ganglion neurons,LAMC1_SV2C,0.0057075952969805,0.0
3,Supporting cells,Spiral ganglion neurons,LAMC1_SV2C,0.0078821188085777,0.0
3,Supporting cells,Spiral ganglion neurons,LAMC3_SV2C,0.002304304698901,0.0
3,Glia/Schwann,Spiral ganglion neurons,AGRN_DAG1,0.0014406279829436,0.0
3,Spiral ganglion neurons,Spiral ganglion neurons,AGRN_DAG1,0.0015146333255274,0.01
3,Supporting cells,Spiral ganglion neurons,LAMA4_DAG1,0.0011062225600891,0.02
3,Outer hair cells,Spiral ganglion neurons,LAMA5_DAG1,0.0030452275948623,0.0
3,Glia/Schwann,Spiral ganglion neurons,LAMB1_DAG1,0.0017374414146997,0.0
3,Supporting cells,Spiral ganglion neurons,LAMC3_DAG1,0.0008015327368503,0.0
3,Glia/Schwann,Glia/Schwann,CADM1_CADM1,0.0070938425819859,0.03
3,Spiral ganglion neurons,Glia/Schwann,CADM1_CADM1,0.0371702222475952,0.0
3,Glia/Schwann,Spiral ganglion neurons,CADM1_CADM1,0.0371702222475952,0.0
3,Spiral ganglion neurons,Spiral ganglion neurons,CADM1_CADM1,0.172597590055473,0.0
3,Supporting cells,Spiral ganglion neurons,CADM1_CADM1,0.0285530789918597,0.0
3,Spiral ganglion neurons,Supporting cells,CADM1_CADM1,0.0285530789918597,0.0
3,Spiral ganglion neurons,Spiral ganglion neurons,CADM3_CADM3,0.0026769780747527,0.0
3,Macrophages/Microglia,Macrophages/Microglia,PTPRC_MRC1,0.064301160086734,0.0
3,Spiral ganglion neurons,Spiral ganglion neurons,CDH4_CDH4,0.0070919350479074,0.0
3,Inner hair cells,Inner hair cells,CDH2_CDH2,0.0020053794883342,0.0
3,Spiral ganglion neurons,Inner hair cells,CDH2_CDH2,0.0107638456029252,0.0
3,Inner hair cells,Spiral ganglion neurons,CDH2_CDH2,0.0107638456029252,0.0
3,Spiral ganglion neurons,Spiral ganglion neurons,CDH2_CDH2,0.0556420631388228,0.0
3,Supporting cells,Supporting cells,CLDN11_CLDN11,0.0040171343767245,0.0
3,Glia/Schwann,Spiral ganglion neurons,NFASC_CNTN1_CNTNAP1,0.0080572049214833,0.0
3,Inner hair cells,Spiral ganglion neurons,NFASC_CNTN1_CNTNAP1,0.0661924914601508,0.0
3,Spiral ganglion neurons,Spiral ganglion neurons,NFASC_CNTN1_CNTNAP1,0.0458490194624682,0.0
3,Spiral ganglion neurons,Spiral ganglion neurons,CNTN2_CNTN2_CNTNAP2,0.0081603193191781,0.0
3,Spiral ganglion neurons,Spiral ganglion neurons,CNTN2_CNTN2,0.002281443880582,0.0
3,Spiral ganglion neurons,Spiral ganglion neurons,CNTN1_NRCAM,0.0160996263470329,0.0
3,Glia/Schwann,Fibrocytes,EFNA5_EPHA3,0.0402879906420968,0.01
3,Glia/Schwann,Macrophages/Microglia,EFNA5_EPHA3,0.0436911754948752,0.04
3,Glia/Schwann,Spiral ganglion neurons,EFNA5_EPHA3,0.0470839982876581,0.0
3,Fibrocytes,Supporting cells,EFNA5_EPHA3,0.0859745802848906,0.0
3,Glia/Schwann,Supporting cells,EFNA5_EPHA3,0.165016683718193,0.0
3,Outer hair cells,Supporting cells,EFNA5_EPHA3,0.0626083677791247,0.0
3,Fibrocytes,Glia/Schwann,EFNA5_EPHA4,0.0072425035584397,0.0
3,Glia/Schwann,Glia/Schwann,EFNA5_EPHA4,0.0150965417057021,0.0
3,Fibrocytes,Inner hair cells,EFNA5_EPHA4,0.0123150270723555,0.0
3,Glia/Schwann,Inner hair cells,EFNA5_EPHA4,0.0255284447763005,0.0
3,Outer hair cells,Inner hair cells,EFNA5_EPHA4,0.0087758325063405,0.0
3,Fibrocytes,Spiral ganglion neurons,EFNA5_EPHA4,0.0235138892183175,0.0
3,Glia/Schwann,Spiral ganglion neurons,EFNA5_EPHA4,0.0481572702188125,0.0
3,Inner hair cells,Spiral ganglion neurons,EFNA5_EPHA4,0.0075833472009338,0.02
3,Outer hair cells,Spiral ganglion neurons,EFNA5_EPHA4,0.0168110524868977,0.0
3,Supporting cells,Spiral ganglion neurons,EFNA5_EPHA4,0.0068601158428493,0.0
3,Fibrocytes,Supporting cells,EFNA5_EPHA4,0.011690429235913,0.0
3,Glia/Schwann,Supporting cells,EFNA5_EPHA4,0.0242501383865752,0.0
3,Outer hair cells,Supporting cells,EFNA5_EPHA4,0.0083292230187771,0.0
3,Fibrocytes,Glia/Schwann,EFNA5_EPHA5,0.0495090979866984,0.0
3,Glia/Schwann,Glia/Schwann,EFNA5_EPHA5,0.0986442038832284,0.0
3,Outer hair cells,Glia/Schwann,EFNA5_EPHA5,0.0356667636529812,0.0
3,Glia/Schwann,Inner hair cells,EFNA5_EPHA5,0.0267151053024361,0.02
3,Fibrocytes,Spiral ganglion neurons,EFNA5_EPHA5,0.0396079305988739,0.0
3,Glia/Schwann,Spiral ganglion neurons,EFNA5_EPHA5,0.0797410421838745,0.0
3,Outer hair cells,Spiral ganglion neurons,EFNA5_EPHA5,0.0284510177959592,0.03
3,Fibrocytes,Supporting cells,EFNA5_EPHA5,0.0472339936387977,0.0
3,Glia/Schwann,Supporting cells,EFNA5_EPHA5,0.0943352774792504,0.0
3,Outer hair cells,Supporting cells,EFNA5_EPHA5,0.0340050023775894,0.0
3,Fibrocytes,Fibrocytes,EFNA5_EPHA7,0.0767669074157813,0.0
3,Glia/Schwann,Fibrocytes,EFNA5_EPHA7,0.14872116671197,0.0
3,Outer hair cells,Fibrocytes,EFNA5_EPHA7,0.0557505239940027,0.0
3,Supporting cells,Fibrocytes,EFNA5_EPHA7,0.0232963625320551,0.0
3,Fibrocytes,Glia/Schwann,EFNA5_EPHA7,0.057536806067294,0.0
3,Glia/Schwann,Glia/Schwann,EFNA5_EPHA7,0.113686055941163,0.0
3,Outer hair cells,Glia/Schwann,EFNA5_EPHA7,0.0415481022673559,0.0
3,Glia/Schwann,Inner hair cells,EFNA5_EPHA7,0.0305204524045225,0.01
3,Fibrocytes,Spiral ganglion neurons,EFNA5_EPHA7,0.0332941494236011,0.0
3,Glia/Schwann,Spiral ganglion neurons,EFNA5_EPHA7,0.0674792646771977,0.0
3,Fibrocytes,Supporting cells,EFNA5_EPHA7,0.045995356748105,0.0
3,Glia/Schwann,Supporting cells,EFNA5_EPHA7,0.0919807267417715,0.0
3,Outer hair cells,Supporting cells,EFNA5_EPHA7,0.0331012224825642,0.0
3,Fibrocytes,Spiral ganglion neurons,EFNA5_EPHB2,0.0107854004475347,0.0
3,Glia/Schwann,Spiral ganglion neurons,EFNA5_EPHB2,0.0223948170632273,0.0
3,Inner hair cells,Spiral ganglion neurons,EFNA5_EPHB2,0.0034478968696543,0.0
3,Outer hair cells,Spiral ganglion neurons,EFNA5_EPHB2,0.0076823834015967,0.0
3,Spiral ganglion neurons,Spiral ganglion neurons,EFNA5_EPHB2,0.0030407927301744,0.0
3,Supporting cells,Spiral ganglion neurons,EFNA5_EPHB2,0.0031178284449118,0.0
3,Spiral ganglion neurons,Glia/Schwann,EFNB2_EPHA4,0.0019286709408522,0.0
3,Spiral ganglion neurons,Inner hair cells,EFNB2_EPHA4,0.0032918191123376,0.0
3,Spiral ganglion neurons,Spiral ganglion neurons,EFNB2_EPHA4,0.0063379399513597,0.0
3,Spiral ganglion neurons,Supporting cells,EFNB2_EPHA4,0.0031234162531898,0.0
3,Spiral ganglion neurons,Spiral ganglion neurons,EFNB2_EPHB2,0.0028796807178806,0.0
3,Glia/Schwann,Fibrocytes,MPZ_MPZL1,0.0061769434624728,0.0
3,Glia/Schwann,Glia/Schwann,MPZ_MPZL1,0.0066852366605704,0.0
3,Glia/Schwann,Inner hair cells,MPZ_MPZL1,0.0025570801321743,0.0
3,Glia/Schwann,Spiral ganglion neurons,MPZ_MPZL1,0.003331847404382,0.0
3,Glia/Schwann,Supporting cells,MPZ_MPZL1,0.0046584439942587,0.0
3,Glia/Schwann,Glia/Schwann,MPZ_MPZ,0.0046613609983801,0.0
3,Fibrocytes,Fibrocytes,MPZL1_MPZL1,0.0081812479869427,0.0
3,Glia/Schwann,Fibrocytes,MPZL1_MPZL1,0.0088530037603728,0.0
3,Supporting cells,Fibrocytes,MPZL1_MPZL1,0.0061730839135607,0.0
3,Fibrocytes,Glia/Schwann,MPZL1_MPZL1,0.0088530037603728,0.0
3,Glia/Schwann,Glia/Schwann,MPZL1_MPZL1,0.0095793841350596,0.0
3,Supporting cells,Glia/Schwann,MPZL1_MPZL1,0.0066810616491291,0.0
3,Fibrocytes,Supporting cells,MPZL1_MPZL1,0.0061730839135607,0.0
3,Glia/Schwann,Supporting cells,MPZL1_MPZL1,0.0066810616491291,0.0
3,Spiral ganglion neurons,Fibrocytes,NCAM1_FGFR1,0.0217059568677436,0.0
3,Spiral ganglion neurons,Glia/Schwann,NCAM1_FGFR1,0.0161782652357395,0.0
3,Spiral ganglion neurons,Inner hair cells,NCAM1_FGFR1,0.0085225921934341,0.0
3,Spiral ganglion neurons,Spiral ganglion neurons,NCAM1_FGFR1,0.0083402649567721,0.0
3,Spiral ganglion neurons,Supporting cells,NCAM1_FGFR1,0.0204384579022396,0.0
3,Spiral ganglion neurons,Spiral ganglion neurons,NCAM1_NCAM1,0.0624667952784358,0.0
3,Spiral ganglion neurons,Spiral ganglion neurons,NCAM1_NCAM2,0.017741233057846,0.0
3,Supporting cells,Fibrocytes,NEGR1_NEGR1,0.0250064887279635,0.04
3,Supporting cells,Outer hair cells,NEGR1_NEGR1,0.0308117235391287,0.02
3,Fibrocytes,Supporting cells,NEGR1_NEGR1,0.0250064887279635,0.04
3,Outer hair cells,Supporting cells,NEGR1_NEGR1,0.0308117235391287,0.02
3,Supporting cells,Supporting cells,NEGR1_NEGR1,0.0559019237573905,0.0
3,Fibrocytes,Spiral ganglion neurons,LRRC4C_NTNG1,0.0421283578566142,0.0
3,Spiral ganglion neurons,Spiral ganglion neurons,LRRC4C_NTNG1,0.0414007776990673,0.0
3,Supporting cells,Spiral ganglion neurons,LRRC4C_NTNG1,0.0294205722085245,0.0
3,Inner hair cells,Glia/Schwann,NRXN1_NLGN1,0.0859911883412275,0.0
3,Spiral ganglion neurons,Glia/Schwann,NRXN1_NLGN1,0.085767406787579,0.0
3,Supporting cells,Glia/Schwann,NRXN1_NLGN1,0.014491003652328,0.0
3,Inner hair cells,Spiral ganglion neurons,NRXN1_NLGN1,0.0431719336098168,0.0
3,Spiral ganglion neurons,Spiral ganglion neurons,NRXN1_NLGN1,0.0430543349388033,0.0
3,Supporting cells,Spiral ganglion neurons,NRXN1_NLGN1,0.0070024509588452,0.0
3,Inner hair cells,Spiral ganglion neurons,NRXN1_NLGN2,0.0256040553033254,0.0
3,Spiral ganglion neurons,Spiral ganglion neurons,NRXN1_NLGN2,0.025533033857085,0.0
3,Spiral ganglion neurons,Glia/Schwann,NRXN2_NLGN1,0.010608381575359,0.0
3,Spiral ganglion neurons,Spiral ganglion neurons,NRXN2_NLGN1,0.0051158458048656,0.0
3,Spiral ganglion neurons,Spiral ganglion neurons,NRXN2_NLGN2,0.002985740067963,0.0
3,Fibrocytes,Glia/Schwann,NRXN3_NLGN1,0.0259404925742172,0.0
3,Glia/Schwann,Glia/Schwann,NRXN3_NLGN1,0.0124385052905402,0.0
3,Spiral ganglion neurons,Glia/Schwann,NRXN3_NLGN1,0.0091256442209733,0.0
3,Supporting cells,Glia/Schwann,NRXN3_NLGN1,0.0129932789165817,0.0
3,Fibrocytes,Spiral ganglion neurons,NRXN3_NLGN1,0.0126108713907936,0.0
3,Glia/Schwann,Spiral ganglion neurons,NRXN3_NLGN1,0.0060041652696229,0.0
3,Spiral ganglion neurons,Spiral ganglion neurons,NRXN3_NLGN1,0.0043973901294003,0.01
3,Supporting cells,Spiral ganglion neurons,NRXN3_NLGN1,0.006273782030889,0.0
3,Fibrocytes,Spiral ganglion neurons,NRXN3_NLGN2,0.0073831905146687,0.0
3,Glia/Schwann,Spiral ganglion neurons,NRXN3_NLGN2,0.0035054895613778,0.03
3,Supporting cells,Spiral ganglion neurons,NRXN3_NLGN2,0.0036633169242282,0.04
3,Inner hair cells,Inner hair cells,PTPRM_PTPRM,0.13189245713524,0.0
3,Spiral ganglion neurons,Inner hair cells,PTPRM_PTPRM,0.0799783816360789,0.0
3,Supporting cells,Inner hair cells,PTPRM_PTPRM,0.0881413652967632,0.0
3,Inner hair cells,Spiral ganglion neurons,PTPRM_PTPRM,0.0799783816360789,0.0
3,Inner hair cells,Supporting cells,PTPRM_PTPRM,0.0881413652967632,0.0
3,Supporting cells,Supporting cells,PTPRM_PTPRM,0.0579347417667977,0.0
3,Glia/Schwann,Spiral ganglion neurons,SEMA5A_PLXNA1,0.0055117674691677,0.0
3,Inner hair cells,Spiral ganglion neurons,SEMA5A_PLXNA1,0.0034476520337025,0.0
3,Spiral ganglion neurons,Spiral ganglion neurons,SEMA5A_PLXNA1,0.0021228049498322,0.0
3,Supporting cells,Spiral ganglion neurons,SEMA5A_PLXNA1,0.0133990600369483,0.0
3,Inner hair cells,Spiral ganglion neurons,SEMA5B_PLXNA1,0.0172546330000606,0.0
3,Spiral ganglion neurons,Spiral ganglion neurons,SEMA6A_PLXNA2,0.0042144097418892,0.0
3,Spiral ganglion neurons,Supporting cells,SEMA6A_PLXNA2,0.0032882654307041,0.0
3,Spiral ganglion neurons,Macrophages/Microglia,SEMA6A_PLXNA4,0.0063022639457922,0.0
3,Spiral ganglion neurons,Spiral ganglion neurons,SEMA6A_PLXNA4,0.0167849403355807,0.0
12,Macrophages/Microglia,Glia/Schwann,TGFB1_TGFBR1_TGFBR2,0.0016380595034711,0.0
12,Macrophages/Microglia,Macrophages/Microglia,TGFB1_TGFBR1_TGFBR2,0.0137138940151275,0.0
12,Macrophages/Microglia,Supporting cells,TGFB1_TGFBR1_TGFBR2,0.002779009350599,0.0
12,Fibrocytes,Glia/Schwann,TGFB2_TGFBR1_TGFBR2,0.0023207350245307,0.02
12,Fibrocytes,Macrophages/Microglia,TGFB2_TGFBR1_TGFBR2,0.0192946221462476,0.0
12,Glia/Schwann,Macrophages/Microglia,TGFB2_TGFBR1_TGFBR2,0.0071181384720474,0.0
12,Spiral ganglion neurons,Macrophages/Microglia,TGFB2_TGFBR1_TGFBR2,0.010452798930718,0.01
12,Fibrocytes,Supporting cells,TGFB2_TGFBR1_TGFBR2,0.0039350545207092,0.0
12,Macrophages/Microglia,Glia/Schwann,TGFB1_ACVR1_TGFBR1,0.0022962106442005,0.0
12,Macrophages/Microglia,Macrophages/Microglia,TGFB1_ACVR1_TGFBR1,0.0079175171211024,0.0
12,Macrophages/Microglia,Supporting cells,TGFB1_ACVR1_TGFBR1,0.0027678880296971,0.0
12,Fibrocytes,Glia/Schwann,TGFB2_ACVR1_TGFBR1,0.0036445425374003,0.0
12,Fibrocytes,Macrophages/Microglia,TGFB2_ACVR1_TGFBR1,0.012525234097242,0.0
12,Glia/Schwann,Macrophages/Microglia,TGFB2_ACVR1_TGFBR1,0.0046527871422792,0.0
12,Spiral ganglion neurons,Macrophages/Microglia,TGFB2_ACVR1_TGFBR1,0.006026349423563,0.03
12,Fibrocytes,Supporting cells,TGFB2_ACVR1_TGFBR1,0.0043919690319975,0.0
12,Glia/Schwann,Fibrocytes,BMP5_ACVR1_ACVR2A,0.0044530636701761,0.0
12,Supporting cells,Fibrocytes,BMP5_ACVR1_ACVR2A,0.0024202973977019,0.0
12,Glia/Schwann,Macrophages/Microglia,BMP5_ACVR1_ACVR2A,0.004911042871337,0.0
12,Glia/Schwann,Fibrocytes,BMP5_ACVR1_BMPR2,0.0057708752687574,0.01
12,Glia/Schwann,Glia/Schwann,BMP5_ACVR1_BMPR2,0.0075716113667422,0.0
12,Glia/Schwann,Macrophages/Microglia,BMP5_ACVR1_BMPR2,0.0070906082498205,0.03
12,Glia/Schwann,Supporting cells,BMP5_ACVR1_BMPR2,0.0101255952564877,0.0
12,Supporting cells,Supporting cells,BMP5_ACVR1_BMPR2,0.0055177430585816,0.0
12,Glia/Schwann,Fibrocytes,BMP5_BMPR1A_ACVR2A,0.0061843911969788,0.0
12,Supporting cells,Fibrocytes,BMP5_BMPR1A_ACVR2A,0.003363966715344,0.0
12,Glia/Schwann,Outer hair cells,BMP5_BMPR1A_ACVR2A,0.0042083116029011,0.03
12,Glia/Schwann,Fibrocytes,BMP5_BMPR1A_BMPR2,0.0080104383811986,0.0
12,Glia/Schwann,Supporting cells,BMP5_BMPR1A_BMPR2,0.012105697272379,0.0
12,Supporting cells,Supporting cells,BMP5_BMPR1A_BMPR2,0.0066027710413685,0.0
12,Glia/Schwann,Fibrocytes,BMP5_BMPR1B_ACVR2A,0.004343330570716,0.0
12,Supporting cells,Fibrocytes,BMP5_BMPR1B_ACVR2A,0.0023605372739838,0.0
12,Glia/Schwann,Outer hair cells,BMP5_BMPR1B_ACVR2A,0.0055746320474864,0.0
12,Supporting cells,Outer hair cells,BMP5_BMPR1B_ACVR2A,0.0030314432260435,0.0
12,Glia/Schwann,Fibrocytes,BMP5_BMPR1B_BMPR2,0.0056288520547914,0.0
12,Glia/Schwann,Glia/Schwann,BMP5_BMPR1B_BMPR2,0.0081546808311826,0.0
12,Supporting cells,Glia/Schwann,BMP5_BMPR1B_BMPR2,0.0044397094630795,0.0
12,Glia/Schwann,Inner hair cells,BMP5_BMPR1B_BMPR2,0.0099624745683583,0.0
12,Supporting cells,Inner hair cells,BMP5_BMPR1B_BMPR2,0.0054284465802065,0.0
12,Glia/Schwann,Outer hair cells,BMP5_BMPR1B_BMPR2,0.0084768176545918,0.0
12,Supporting cells,Outer hair cells,BMP5_BMPR1B_BMPR2,0.0046157755999803,0.0
12,Fibrocytes,Fibrocytes,BMP6_ACVR1_ACVR2A,0.0057024047043048,0.0
12,Fibrocytes,Macrophages/Microglia,BMP6_ACVR1_ACVR2A,0.006288061905039,0.0
12,Fibrocytes,Fibrocytes,BMP6_ACVR1_BMPR2,0.0073871949889806,0.0
12,Fibrocytes,Glia/Schwann,BMP6_ACVR1_BMPR2,0.0096873710761559,0.0
12,Fibrocytes,Macrophages/Microglia,BMP6_ACVR1_BMPR2,0.0090731885271733,0.0
12,Fibrocytes,Supporting cells,BMP6_ACVR1_BMPR2,0.0129457134681997,0.0
12,Fibrocytes,Fibrocytes,BMP6_BMPR1A_ACVR2A,0.0079156072932797,0.0
12,Fibrocytes,Outer hair cells,BMP6_BMPR1A_ACVR2A,0.0053893573013036,0.0
12,Fibrocytes,Fibrocytes,BMP6_BMPR1A_BMPR2,0.0102475547629722,0.0
12,Fibrocytes,Glia/Schwann,BMP6_BMPR1A_BMPR2,0.0102693340281028,0.0
12,Fibrocytes,Inner hair cells,BMP6_BMPR1A_BMPR2,0.0080306412092765,0.0
12,Fibrocytes,Outer hair cells,BMP6_BMPR1A_BMPR2,0.0081958827729444,0.0
12,Fibrocytes,Supporting cells,BMP6_BMPR1A_BMPR2,0.0154686832385767,0.0
12,Fibrocytes,Fibrocytes,BMP6_BMPR1B_ACVR2A,0.0055620571474114,0.0
12,Fibrocytes,Outer hair cells,BMP6_BMPR1B_ACVR2A,0.0071363820476475,0.0
12,Fibrocytes,Fibrocytes,BMP6_BMPR1B_BMPR2,0.0072056818865488,0.0
12,Fibrocytes,Glia/Schwann,BMP6_BMPR1B_BMPR2,0.0104316569295932,0.0
12,Fibrocytes,Inner hair cells,BMP6_BMPR1B_BMPR2,0.0127377460268988,0.0
12,Fibrocytes,Outer hair cells,BMP6_BMPR1B_BMPR2,0.0108427585247404,0.0
12,Fibrocytes,Glia/Schwann,WNT5A_FZD3,0.0005363310111346,0.0
12,Supporting cells,Glia/Schwann,WNT5A_FZD3,0.0014633857889979,0.0
12,Fibrocytes,Glia/Schwann,WNT5A_FZD6,0.0003498894624034,0.0
12,Supporting cells,Glia/Schwann,WNT5A_FZD6,0.0009549856452852,0.0
12,Spiral ganglion neurons,Fibrocytes,NRG3_ERBB4,0.18043646979868,0.0
12,Spiral ganglion neurons,Glia/Schwann,NRG3_ERBB4,0.159480998770324,0.0
12,Spiral ganglion neurons,Inner hair cells,NRG3_ERBB4,0.140502895228038,0.0
12,Spiral ganglion neurons,Macrophages/Microglia,NRG3_ERBB4,0.0847282124467479,0.0
12,Spiral ganglion neurons,Outer hair cells,NRG3_ERBB4,0.130646969860972,0.0
12,Spiral ganglion neurons,Spiral ganglion neurons,NRG3_ERBB4,0.0569198809170115,0.0
12,Spiral ganglion neurons,Supporting cells,NRG3_ERBB4,0.235694460828851,0.0
12,Fibrocytes,Fibrocytes,PDGFC_PDGFRA,0.0059956926291544,0.0
12,Fibrocytes,Inner hair cells,PDGFC_PDGFRA,0.0035869568044877,0.0
12,Fibrocytes,Outer hair cells,PDGFC_PDGFRA,0.0058851563830721,0.0
12,Fibrocytes,Supporting cells,PDGFC_PDGFRA,0.006312274398741,0.0
12,Spiral ganglion neurons,Macrophages/Microglia,SPP1_ITGAV_ITGB1,0.006403773864731,0.0
12,Spiral ganglion neurons,Supporting cells,SPP1_ITGAV_ITGB1,0.0046136144680416,0.01
12,Spiral ganglion neurons,Macrophages/Microglia,SPP1_ITGAV_ITGB5,0.0077449326332111,0.0
12,Spiral ganglion neurons,Macrophages/Microglia,SPP1_ITGA4_ITGB1,0.0068865868424549,0.0
12,Spiral ganglion neurons,Macrophages/Microglia,SPP1_ITGA9_ITGB1,0.0070788701735458,0.0
12,Spiral ganglion neurons,Fibrocytes,SPP1_ITGA8_ITGB1,0.0064203337648462,0.01
12,Spiral ganglion neurons,Supporting cells,SPP1_ITGA8_ITGB1,0.0064898147008011,0.01
12,Macrophages/Microglia,Fibrocytes,NAMPT_INSR,0.0036160360404067,0.01
12,Macrophages/Microglia,Glia/Schwann,NAMPT_INSR,0.0079336541684217,0.0
12,Macrophages/Microglia,Inner hair cells,NAMPT_INSR,0.0035210350590611,0.02
12,Macrophages/Microglia,Macrophages/Microglia,NAMPT_INSR,0.0035217888068318,0.02
12,Macrophages/Microglia,Outer hair cells,NAMPT_INSR,0.0032182961235221,0.02
12,Macrophages/Microglia,Spiral ganglion neurons,NAMPT_INSR,0.0022402958030819,0.02
12,Macrophages/Microglia,Supporting cells,NAMPT_INSR,0.0066847270963407,0.01
12,Supporting cells,Fibrocytes,MDK_SDC2,0.0021085710850442,0.0
12,Supporting cells,Glia/Schwann,MDK_SDC2,0.0017361459997305,0.0
12,Supporting cells,Supporting cells,MDK_SDC2,0.0004815709378331,0.0
12,Supporting cells,Glia/Schwann,MDK_PTPRZ1,0.0117182349305983,0.0
12,Supporting cells,Inner hair cells,MDK_PTPRZ1,0.0047569045589324,0.0
12,Supporting cells,Macrophages/Microglia,MDK_ITGA4_ITGB1,0.0018844647615253,0.0
12,Supporting cells,Macrophages/Microglia,MDK_ITGA6_ITGB1,0.0015610863631174,0.0
12,Supporting cells,Fibrocytes,MDK_LRP1,0.0020981568127676,0.0
12,Supporting cells,Glia/Schwann,MDK_LRP1,0.0009913023906498,0.0
12,Supporting cells,Inner hair cells,MDK_LRP1,0.0010930512198235,0.0
12,Supporting cells,Macrophages/Microglia,MDK_LRP1,0.0024177191542161,0.0
12,Supporting cells,Supporting cells,MDK_LRP1,0.0021550772456216,0.0
12,Supporting cells,Fibrocytes,MDK_NCL,0.0008464137024417,0.0
12,Supporting cells,Glia/Schwann,MDK_NCL,0.0013561094121055,0.0
12,Supporting cells,Inner hair cells,MDK_NCL,0.0011745516830092,0.0
12,Supporting cells,Macrophages/Microglia,MDK_NCL,0.0018131384036627,0.0
12,Supporting cells,Spiral ganglion neurons,MDK_NCL,0.002081299704624,0.0
12,Supporting cells,Supporting cells,MDK_NCL,0.0013615159700169,0.0
12,Supporting cells,Inner hair cells,MDK_ALK,0.0082284600355223,0.0
12,Fibrocytes,Glia/Schwann,PTN_PTPRZ1,0.226641917594629,0.0
12,Glia/Schwann,Glia/Schwann,PTN_PTPRZ1,0.197525799132536,0.0
12,Inner hair cells,Glia/Schwann,PTN_PTPRZ1,0.220658028942837,0.0
12,Macrophages/Microglia,Glia/Schwann,PTN_PTPRZ1,0.204587393995629,0.0
12,Outer hair cells,Glia/Schwann,PTN_PTPRZ1,0.216902864432928,0.0
12,Spiral ganglion neurons,Glia/Schwann,PTN_PTPRZ1,0.228451256952913,0.0
12,Supporting cells,Glia/Schwann,PTN_PTPRZ1,0.275496024573566,0.0
12,Fibrocytes,Inner hair cells,PTN_PTPRZ1,0.105652494100295,0.0
12,Glia/Schwann,Inner hair cells,PTN_PTPRZ1,0.0902653993057982,0.0
12,Inner hair cells,Inner hair cells,PTN_PTPRZ1,0.102439880426928,0.0
12,Macrophages/Microglia,Inner hair cells,PTN_PTPRZ1,0.0939413031429785,0.0
12,Outer hair cells,Inner hair cells,PTN_PTPRZ1,0.100437280899843,0.0
12,Spiral ganglion neurons,Inner hair cells,PTN_PTPRZ1,0.10662911940451,0.0
12,Supporting cells,Inner hair cells,PTN_PTPRZ1,0.132908654445893,0.0
12,Fibrocytes,Fibrocytes,PTN_SDC2,0.0496334306045193,0.0
12,Glia/Schwann,Fibrocytes,PTN_SDC2,0.0420215459565123,0.0
12,Inner hair cells,Fibrocytes,PTN_SDC2,0.0480327248159868,0.0
12,Macrophages/Microglia,Fibrocytes,PTN_SDC2,0.0438274505303999,0.0
12,Outer hair cells,Fibrocytes,PTN_SDC2,0.0470379920838577,0.0
12,Spiral ganglion neurons,Fibrocytes,PTN_SDC2,0.0501212498078606,0.0
12,Supporting cells,Fibrocytes,PTN_SDC2,0.0634633340881688,0.0
12,Fibrocytes,Glia/Schwann,PTN_SDC2,0.0412136364148315,0.03
12,Inner hair cells,Glia/Schwann,PTN_SDC2,0.0398730809618886,0.03
12,Outer hair cells,Glia/Schwann,PTN_SDC2,0.0390404002169104,0.03
12,Spiral ganglion neurons,Glia/Schwann,PTN_SDC2,0.0416223264507948,0.03
12,Supporting cells,Glia/Schwann,PTN_SDC2,0.0528278530928923,0.0
12,Fibrocytes,Macrophages/Microglia,PTN_SDC3,0.0184798342220686,0.03
12,Glia/Schwann,Macrophages/Microglia,PTN_SDC3,0.0155674666186616,0.03
12,Inner hair cells,Macrophages/Microglia,PTN_SDC3,0.0178649625604951,0.03
12,Macrophages/Microglia,Macrophages/Microglia,PTN_SDC3,0.0162557806726978,0.03
12,Outer hair cells,Macrophages/Microglia,PTN_SDC3,0.0174835143740685,0.03
12,Spiral ganglion neurons,Macrophages/Microglia,PTN_SDC3,0.0186674764970961,0.02
12,Supporting cells,Macrophages/Microglia,PTN_SDC3,0.0238468896882816,0.02
12,Supporting cells,Macrophages/Microglia,PTN_NCL,0.0550456591863117,0.02
12,Supporting cells,Supporting cells,PTN_NCL,0.0418911643781145,0.0
12,Fibrocytes,Inner hair cells,PTN_ALK,0.170167152999364,0.0
12,Glia/Schwann,Inner hair cells,PTN_ALK,0.146927819135996,0.0
12,Inner hair cells,Inner hair cells,PTN_ALK,0.165355520383107,0.0
12,Macrophages/Microglia,Inner hair cells,PTN_ALK,0.15252433538682,0.0
12,Outer hair cells,Inner hair cells,PTN_ALK,0.162345445843803,0.0
12,Spiral ganglion neurons,Inner hair cells,PTN_ALK,0.171625694459325,0.0
12,Supporting cells,Inner hair cells,PTN_ALK,0.210155846122085,0.0
12,Glia/Schwann,Supporting cells,SEMA3A_NRP1_PLXNA2,0.0081535769020448,0.0
12,Inner hair cells,Supporting cells,SEMA3A_NRP1_PLXNA2,0.0126472115227994,0.0
12,Outer hair cells,Supporting cells,SEMA3A_NRP1_PLXNA2,0.0141370136747383,0.0
12,Glia/Schwann,Macrophages/Microglia,SEMA3A_NRP1_PLXNA4,0.0102485367222479,0.0
12,Inner hair cells,Macrophages/Microglia,SEMA3A_NRP1_PLXNA4,0.0158782711799466,0.0
12,Outer hair cells,Macrophages/Microglia,SEMA3A_NRP1_PLXNA4,0.0177418429047696,0.0
12,Macrophages/Microglia,Glia/Schwann,GRN_SORT1,0.0068950692918081,0.0
12,Macrophages/Microglia,Inner hair cells,GRN_SORT1,0.0059944954781175,0.0
12,Macrophages/Microglia,Outer hair cells,GRN_SORT1,0.0053800194412677,0.0
12,Fibrocytes,Macrophages/Microglia,FN1_ITGA4_ITGB1,0.0016399374886479,0.0
12,Glia/Schwann,Macrophages/Microglia,FN1_ITGA4_ITGB1,0.0039252555540026,0.0
12,Inner hair cells,Macrophages/Microglia,FN1_ITGA4_ITGB1,0.0056286585376293,0.0
12,Outer hair cells,Macrophages/Microglia,FN1_ITGA4_ITGB1,0.0031303661853218,0.0
12,Spiral ganglion neurons,Macrophages/Microglia,FN1_ITGA4_ITGB1,0.0058879822136092,0.0
12,Supporting cells,Macrophages/Microglia,FN1_ITGA4_ITGB1,0.0169029742703829,0.0
12,Supporting cells,Fibrocytes,FN1_ITGA8_ITGB1,0.0157693346644118,0.0
12,Supporting cells,Supporting cells,FN1_ITGA8_ITGB1,0.015938367625742,0.0
12,Fibrocytes,Macrophages/Microglia,LAMA2_ITGA6_ITGB1,0.006926929440339,0.0
12,Glia/Schwann,Macrophages/Microglia,LAMA2_ITGA6_ITGB1,0.0026021626811047,0.0
12,Spiral ganglion neurons,Macrophages/Microglia,LAMA2_ITGA6_ITGB1,0.0020461857657991,0.0
12,Supporting cells,Macrophages/Microglia,LAMA2_ITGA6_ITGB1,0.0061708616784883,0.0
12,Supporting cells,Macrophages/Microglia,LAMA4_ITGA6_ITGB1,0.0027260866005284,0.0
12,Inner hair cells,Macrophages/Microglia,LAMA5_ITGA6_ITGB1,0.0027797404626431,0.0
12,Outer hair cells,Macrophages/Microglia,LAMA5_ITGA6_ITGB1,0.0042979832351122,0.0
12,Glia/Schwann,Macrophages/Microglia,LAMB1_ITGA6_ITGB1,0.0031500316973719,0.0
12,Supporting cells,Macrophages/Microglia,LAMB2_ITGA6_ITGB1,0.0019310808261271,0.0
12,Fibrocytes,Macrophages/Microglia,LAMC1_ITGA6_ITGB1,0.0035380451752733,0.0
12,Glia/Schwann,Macrophages/Microglia,LAMC1_ITGA6_ITGB1,0.0033846744561367,0.0
12,Supporting cells,Macrophages/Microglia,LAMC1_ITGA6_ITGB1,0.0042165454545025,0.0
12,Supporting cells,Macrophages/Microglia,LAMC3_ITGA6_ITGB1,0.0029677083867885,0.0
12,Glia/Schwann,Macrophages/Microglia,COL4A3_ITGA9_ITGB1,0.0049759677940679,0.0
12,Glia/Schwann,Macrophages/Microglia,COL4A4_ITGA9_ITGB1,0.0049459730132455,0.0
12,Fibrocytes,Macrophages/Microglia,COL4A5_ITGA9_ITGB1,0.0067349650725631,0.0
12,Glia/Schwann,Macrophages/Microglia,COL4A5_ITGA9_ITGB1,0.0018821123838238,0.0
12,Glia/Schwann,Macrophages/Microglia,COL9A3_ITGA9_ITGB1,0.0040549970818865,0.0
12,Fibrocytes,Macrophages/Microglia,LAMA2_ITGA9_ITGB1,0.0085854024151797,0.0
12,Glia/Schwann,Macrophages/Microglia,LAMA2_ITGA9_ITGB1,0.0032285491401533,0.0
12,Spiral ganglion neurons,Macrophages/Microglia,LAMA2_ITGA9_ITGB1,0.0025390794743213,0.0
12,Supporting cells,Macrophages/Microglia,LAMA2_ITGA9_ITGB1,0.0076497083200437,0.0
12,Supporting cells,Macrophages/Microglia,LAMA4_ITGA9_ITGB1,0.0033822025763728,0.0
12,Inner hair cells,Macrophages/Microglia,LAMA5_ITGA9_ITGB1,0.0034487252219708,0.0
12,Outer hair cells,Macrophages/Microglia,LAMA5_ITGA9_ITGB1,0.0053304019942627,0.0
12,Glia/Schwann,Macrophages/Microglia,LAMB1_ITGA9_ITGB1,0.0039077831831572,0.0
12,Supporting cells,Macrophages/Microglia,LAMB2_ITGA9_ITGB1,0.0023963141584086,0.0
12,Fibrocytes,Macrophages/Microglia,LAMC1_ITGA9_ITGB1,0.0043887237732646,0.0
12,Glia/Schwann,Macrophages/Microglia,LAMC1_ITGA9_ITGB1,0.0041986323666466,0.0
12,Supporting cells,Macrophages/Microglia,LAMC1_ITGA9_ITGB1,0.0052295047825268,0.0
12,Supporting cells,Macrophages/Microglia,LAMC3_ITGA9_ITGB1,0.0036817633296325,0.0
12,Supporting cells,Macrophages/Microglia,FN1_ITGAV_ITGB1,0.0157290427210669,0.0
12,Supporting cells,Supporting cells,FN1_ITGAV_ITGB1,0.0113618366821424,0.0
12,Supporting cells,Supporting cells,FN1_ITGAV_ITGB8,0.0122202833955163,0.0
12,Fibrocytes,Supporting cells,LAMA2_ITGAV_ITGB8,0.00602409228939,0.0
12,Supporting cells,Supporting cells,LAMA2_ITGAV_ITGB8,0.0053660358659985,0.0
12,Supporting cells,Supporting cells,LAMA4_ITGAV_ITGB8,0.0023694694879538,0.0
12,Inner hair cells,Supporting cells,LAMA5_ITGAV_ITGB8,0.0024161215441763,0.0
12,Outer hair cells,Supporting cells,LAMA5_ITGAV_ITGB8,0.0037365065418657,0.0
12,Glia/Schwann,Supporting cells,LAMB1_ITGAV_ITGB8,0.0027381078381478,0.0
12,Supporting cells,Supporting cells,LAMB2_ITGAV_ITGB8,0.0016782885689213,0.0
12,Supporting cells,Supporting cells,LAMC1_ITGAV_ITGB8,0.0036656684019586,0.0
12,Supporting cells,Supporting cells,LAMC3_ITGAV_ITGB8,0.0025795649154553,0.0
12,Glia/Schwann,Supporting cells,COL4A3_ITGAV_ITGB8,0.0034876835509058,0.0
12,Glia/Schwann,Supporting cells,COL4A4_ITGAV_ITGB8,0.0034666287863128,0.0
12,Fibrocytes,Supporting cells,COL4A5_ITGAV_ITGB8,0.0047230718078826,0.0
12,Glia/Schwann,Supporting cells,COL9A3_ITGAV_ITGB8,0.0028413834538485,0.0
12,Glia/Schwann,Fibrocytes,AGRN_DAG1,0.0027504114792918,0.0
12,Glia/Schwann,Glia/Schwann,AGRN_DAG1,0.0027717945308368,0.0
12,Glia/Schwann,Supporting cells,AGRN_DAG1,0.0016105997842253,0.0
12,Fibrocytes,Fibrocytes,LAMA2_DAG1,0.004632255023774,0.01
12,Supporting cells,Fibrocytes,LAMA2_DAG1,0.0041256082788404,0.01
12,Fibrocytes,Glia/Schwann,LAMA2_DAG1,0.0046681999666696,0.01
12,Supporting cells,Fibrocytes,LAMA4_DAG1,0.0018204685821785,0.0
12,Supporting cells,Glia/Schwann,LAMA4_DAG1,0.0018346351009662,0.0
12,Supporting cells,Supporting cells,LAMA4_DAG1,0.0010656273398954,0.0
12,Inner hair cells,Fibrocytes,LAMA5_DAG1,0.0018563315719342,0.0
12,Outer hair cells,Fibrocytes,LAMA5_DAG1,0.0028716778702519,0.0
12,Inner hair cells,Glia/Schwann,LAMA5_DAG1,0.0018707766462184,0.0
12,Outer hair cells,Glia/Schwann,LAMA5_DAG1,0.002894000970417,0.0
12,Inner hair cells,Supporting cells,LAMA5_DAG1,0.0010866362452834,0.0
12,Outer hair cells,Supporting cells,LAMA5_DAG1,0.0016816963132958,0.0
12,Glia/Schwann,Fibrocytes,LAMB1_DAG1,0.002103874356076,0.0
12,Glia/Schwann,Glia/Schwann,LAMB1_DAG1,0.0021202415968281,0.0
12,Glia/Schwann,Supporting cells,LAMB1_DAG1,0.0012316664082818,0.0
12,Supporting cells,Fibrocytes,LAMB2_DAG1,0.0012892258190651,0.0
12,Supporting cells,Glia/Schwann,LAMB2_DAG1,0.0012992636949597,0.0
12,Supporting cells,Supporting cells,LAMB2_DAG1,0.000754493204108,0.0
12,Supporting cells,Fibrocytes,LAMC1_DAG1,0.002817189124466,0.01
12,Supporting cells,Fibrocytes,LAMC3_DAG1,0.001981982067311,0.0
12,Supporting cells,Glia/Schwann,LAMC3_DAG1,0.0019974029363706,0.0
12,Supporting cells,Supporting cells,LAMC3_DAG1,0.0011602485265796,0.0
12,Fibrocytes,Macrophages/Microglia,APP_CD74,0.14366958669936,0.0
12,Glia/Schwann,Macrophages/Microglia,APP_CD74,0.114320431185854,0.0
12,Inner hair cells,Macrophages/Microglia,APP_CD74,0.148030042101863,0.0
12,Macrophages/Microglia,Macrophages/Microglia,APP_CD74,0.138008292221451,0.0
12,Outer hair cells,Macrophages/Microglia,APP_CD74,0.151357629013091,0.0
12,Spiral ganglion neurons,Macrophages/Microglia,APP_CD74,0.121618633709158,0.0
12,Supporting cells,Macrophages/Microglia,APP_CD74,0.151809121431206,0.0
12,Fibrocytes,Fibrocytes,CADM1_CADM1,0.0038928928549681,0.0
12,Glia/Schwann,Fibrocytes,CADM1_CADM1,0.0028495125440553,0.0
12,Macrophages/Microglia,Fibrocytes,CADM1_CADM1,0.0032319355899793,0.0
12,Spiral ganglion neurons,Fibrocytes,CADM1_CADM1,0.0062075191754459,0.0
12,Fibrocytes,Glia/Schwann,CADM1_CADM1,0.0028495125440553,0.0
12,Glia/Schwann,Glia/Schwann,CADM1_CADM1,0.0020851955440813,0.0
12,Macrophages/Microglia,Glia/Schwann,CADM1_CADM1,0.0023652856120215,0.0
12,Spiral ganglion neurons,Glia/Schwann,CADM1_CADM1,0.0045466000554778,0.0
12,Fibrocytes,Macrophages/Microglia,CADM1_CADM1,0.0032319355899793,0.0
12,Glia/Schwann,Macrophages/Microglia,CADM1_CADM1,0.0023652856120215,0.0
12,Spiral ganglion neurons,Macrophages/Microglia,CADM1_CADM1,0.0051556056441348,0.0
12,Fibrocytes,Spiral ganglion neurons,CADM1_CADM1,0.0062075191754459,0.0
12,Glia/Schwann,Spiral ganglion neurons,CADM1_CADM1,0.0045466000554778,0.0
12,Macrophages/Microglia,Spiral ganglion neurons,CADM1_CADM1,0.0051556056441348,0.0
12,Spiral ganglion neurons,Spiral ganglion neurons,CADM1_CADM1,0.0098847133691714,0.0
12,Macrophages/Microglia,Macrophages/Microglia,PTPRC_MRC1,0.0882813233728293,0.0
12,Glia/Schwann,Glia/Schwann,CDH1_CDH1,0.0053266111598871,0.0
12,Supporting cells,Fibrocytes,CLDN11_CLDN11,0.0034488673503526,0.04
12,Fibrocytes,Supporting cells,CLDN11_CLDN11,0.0034488673503526,0.04
12,Supporting cells,Supporting cells,CLDN11_CLDN11,0.0037876558078242,0.0
12,Inner hair cells,Spiral ganglion neurons,NFASC_CNTN1_CNTNAP1,0.0197699977365582,0.0
12,Outer hair cells,Spiral ganglion neurons,NFASC_CNTN1_CNTNAP1,0.0015072614496822,0.0
12,Spiral ganglion neurons,Spiral ganglion neurons,NFASC_CNTN1_CNTNAP1,0.0093041948670113,0.0
12,Glia/Schwann,Fibrocytes,EFNA5_EPHA3,0.0338707872021951,0.0
12,Glia/Schwann,Glia/Schwann,EFNA5_EPHA3,0.0335831617888937,0.0
12,Fibrocytes,Inner hair cells,EFNA5_EPHA3,0.0159360533100605,0.04
12,Glia/Schwann,Inner hair cells,EFNA5_EPHA3,0.0390684564409357,0.0
12,Glia/Schwann,Macrophages/Microglia,EFNA5_EPHA3,0.0270405488943548,0.0
12,Glia/Schwann,Outer hair cells,EFNA5_EPHA3,0.039884860457047,0.0
12,Glia/Schwann,Spiral ganglion neurons,EFNA5_EPHA3,0.0322337028082058,0.0
12,Fibrocytes,Supporting cells,EFNA5_EPHA3,0.055888458970416,0.0
12,Glia/Schwann,Supporting cells,EFNA5_EPHA3,0.129389511514165,0.0
12,Outer hair cells,Supporting cells,EFNA5_EPHA3,0.0247868412430734,0.04
12,Fibrocytes,Glia/Schwann,EFNA5_EPHA4,0.0074126409059768,0.0
12,Glia/Schwann,Glia/Schwann,EFNA5_EPHA4,0.0184040468940398,0.0
12,Fibrocytes,Inner hair cells,EFNA5_EPHA4,0.0060489445435357,0.0
12,Glia/Schwann,Inner hair cells,EFNA5_EPHA4,0.0150489295919814,0.0
12,Fibrocytes,Supporting cells,EFNA5_EPHA4,0.0089415444293671,0.0
12,Glia/Schwann,Supporting cells,EFNA5_EPHA4,0.0221494078830432,0.0
12,Fibrocytes,Glia/Schwann,EFNA5_EPHA5,0.0363844964862642,0.0
12,Glia/Schwann,Glia/Schwann,EFNA5_EPHA5,0.0865876257621229,0.0
12,Outer hair cells,Glia/Schwann,EFNA5_EPHA5,0.015953320673088,0.0
12,Fibrocytes,Inner hair cells,EFNA5_EPHA5,0.0063918221122923,0.03
12,Glia/Schwann,Inner hair cells,EFNA5_EPHA5,0.0158938034855613,0.0
12,Fibrocytes,Spiral ganglion neurons,EFNA5_EPHA5,0.00919005488525,0.01
12,Glia/Schwann,Spiral ganglion neurons,EFNA5_EPHA5,0.0227565727716036,0.0
12,Fibrocytes,Supporting cells,EFNA5_EPHA5,0.0155713814489684,0.0
12,Glia/Schwann,Supporting cells,EFNA5_EPHA5,0.0381949813176139,0.0
12,Fibrocytes,Fibrocytes,EFNA5_EPHA7,0.0636567978340528,0.0
12,Glia/Schwann,Fibrocytes,EFNA5_EPHA7,0.145796593094215,0.0
12,Outer hair cells,Fibrocytes,EFNA5_EPHA7,0.0283620107438319,0.0
12,Fibrocytes,Glia/Schwann,EFNA5_EPHA7,0.056718241933551,0.0
12,Glia/Schwann,Glia/Schwann,EFNA5_EPHA7,0.13115896983858,0.0
12,Outer hair cells,Glia/Schwann,EFNA5_EPHA7,0.0251671639695115,0.01
12,Fibrocytes,Inner hair cells,EFNA5_EPHA7,0.0125227970510718,0.02
12,Glia/Schwann,Inner hair cells,EFNA5_EPHA7,0.0308559517787246,0.0
12,Glia/Schwann,Outer hair cells,EFNA5_EPHA7,0.0260296885301925,0.0
12,Fibrocytes,Spiral ganglion neurons,EFNA5_EPHA7,0.0142075486233382,0.03
12,Glia/Schwann,Spiral ganglion neurons,EFNA5_EPHA7,0.0349199296463992,0.0
12,Fibrocytes,Supporting cells,EFNA5_EPHA7,0.0329492274761005,0.0
12,Glia/Schwann,Supporting cells,EFNA5_EPHA7,0.0788000037298745,0.0
12,Fibrocytes,Spiral ganglion neurons,EFNA5_EPHB2,0.0080416500265268,0.0
12,Glia/Schwann,Spiral ganglion neurons,EFNA5_EPHB2,0.0199470025180468,0.0
12,Outer hair cells,Spiral ganglion neurons,EFNA5_EPHB2,0.0034686899634202,0.0
12,Glia/Schwann,Glia/Schwann,EFNB2_EPHA4,0.0020332577559862,0.0
12,Glia/Schwann,Inner hair cells,EFNB2_EPHA4,0.0016575486708077,0.0
12,Glia/Schwann,Supporting cells,EFNB2_EPHA4,0.0024553745384178,0.0
12,Glia/Schwann,Spiral ganglion neurons,EFNB2_EPHB2,0.0022068073162472,0.0
12,Glia/Schwann,Glia/Schwann,F11R_F11R,0.0010343062696743,0.0
12,Macrophages/Microglia,Glia/Schwann,F11R_F11R,0.0019604113641371,0.0
12,Glia/Schwann,Macrophages/Microglia,F11R_F11R,0.0019604113641371,0.0
12,Macrophages/Microglia,Macrophages/Microglia,F11R_F11R,0.0037126577443973,0.0
12,Spiral ganglion neurons,Spiral ganglion neurons,L1CAM_L1CAM,0.001130710131198,0.0
12,Fibrocytes,Fibrocytes,MPZL1_MPZL1,0.0078826964312725,0.0
12,Glia/Schwann,Fibrocytes,MPZL1_MPZL1,0.0050026795034715,0.0
12,Supporting cells,Fibrocytes,MPZL1_MPZL1,0.0022218679302555,0.0
12,Fibrocytes,Glia/Schwann,MPZL1_MPZL1,0.0050026795034715,0.0
12,Glia/Schwann,Glia/Schwann,MPZL1_MPZL1,0.0031715399786848,0.02
12,Fibrocytes,Supporting cells,MPZL1_MPZL1,0.0022218679302555,0.0
12,Spiral ganglion neurons,Fibrocytes,NCAM1_FGFR1,0.0213773532748946,0.0
12,Spiral ganglion neurons,Glia/Schwann,NCAM1_FGFR1,0.0078497646794589,0.0
12,Spiral ganglion neurons,Inner hair cells,NCAM1_FGFR1,0.0038302942793572,0.0
12,Spiral ganglion neurons,Supporting cells,NCAM1_FGFR1,0.0080903113844388,0.0
12,Spiral ganglion neurons,Spiral ganglion neurons,NCAM1_NCAM1,0.0126854353689251,0.0
12,Spiral ganglion neurons,Spiral ganglion neurons,NCAM1_L1CAM,0.0037992083441262,0.0
12,Outer hair cells,Outer hair cells,NEGR1_NEGR1,0.0141039096521183,0.0
12,Supporting cells,Outer hair cells,NEGR1_NEGR1,0.0128591603034818,0.0
12,Outer hair cells,Supporting cells,NEGR1_NEGR1,0.0128591603034818,0.0
12,Supporting cells,Supporting cells,NEGR1_NEGR1,0.0117229608229368,0.0
12,Fibrocytes,Spiral ganglion neurons,LRRC4C_NTNG1,0.0252070721364012,0.0
12,Spiral ganglion neurons,Spiral ganglion neurons,LRRC4C_NTNG1,0.044828320004982,0.0
12,Supporting cells,Spiral ganglion neurons,LRRC4C_NTNG1,0.0111038943850822,0.0
12,Inner hair cells,Glia/Schwann,NRXN1_NLGN1,0.064984386235059,0.0
12,Spiral ganglion neurons,Glia/Schwann,NRXN1_NLGN1,0.0760567644211325,0.0
12,Supporting cells,Glia/Schwann,NRXN1_NLGN1,0.0075524486277013,0.0
12,Inner hair cells,Supporting cells,NRXN1_NLGN2,0.0089708744352211,0.0
12,Spiral ganglion neurons,Supporting cells,NRXN1_NLGN2,0.0106076529816825,0.0
12,Supporting cells,Supporting cells,NRXN1_NLGN2,0.0009901663882256,0.0
12,Spiral ganglion neurons,Glia/Schwann,NRXN2_NLGN1,0.0093919445880264,0.0
12,Spiral ganglion neurons,Supporting cells,NRXN2_NLGN2,0.0012333203938583,0.0
12,Fibrocytes,Glia/Schwann,NRXN3_NLGN1,0.0173565227011194,0.0
12,Glia/Schwann,Glia/Schwann,NRXN3_NLGN1,0.0089177316303903,0.0
12,Supporting cells,Glia/Schwann,NRXN3_NLGN1,0.0068732245867783,0.0
12,Fibrocytes,Supporting cells,NRXN3_NLGN2,0.0022952341296754,0.0
12,Glia/Schwann,Supporting cells,NRXN3_NLGN2,0.0011705614775621,0.0
12,Supporting cells,Supporting cells,NRXN3_NLGN2,0.0009005809412805,0.0
12,Glia/Schwann,Glia/Schwann,OCLN_OCLN,0.0016762625194377,0.0
12,Fibrocytes,Fibrocytes,PTPRM_PTPRM,0.0106858931462093,0.0
12,Supporting cells,Fibrocytes,PTPRM_PTPRM,0.0095985626189608,0.0
12,Fibrocytes,Supporting cells,PTPRM_PTPRM,0.0095985626189608,0.0
12,Macrophages/Microglia,Glia/Schwann,SEMA4D_PLXNB1,0.0011627577556111,0.0
12,Macrophages/Microglia,Macrophages/Microglia,SEMA4D_PLXNB2,0.001732525523903,0.0
12,Macrophages/Microglia,Macrophages/Microglia,ITGA4_ITGB1_VCAM1,0.0027252964248747,0.0
12,Macrophages/Microglia,Macrophages/Microglia,ITGA9_ITGB1_VCAM1,0.0028017183764276,0.0
24,Spiral ganglion neurons,Fibrocytes,TGFB2_TGFBR1_TGFBR2,0.0025772008350055,0.01
24,Spiral ganglion neurons,Macrophages/Microglia,TGFB2_TGFBR1_TGFBR2,0.0086830243536662,0.0
24,Spiral ganglion neurons,Supporting cells,TGFB2_TGFBR1_TGFBR2,0.0030105217555543,0.01
24,Spiral ganglion neurons,Fibrocytes,TGFB2_ACVR1_TGFBR1,0.0027568808960733,0.0
24,Spiral ganglion neurons,Macrophages/Microglia,TGFB2_ACVR1_TGFBR1,0.0053684557261354,0.01
24,Spiral ganglion neurons,Supporting cells,TGFB2_ACVR1_TGFBR1,0.0029508424312266,0.02
24,Fibrocytes,Fibrocytes,BMP5_ACVR1_ACVR2A,0.0042441858208957,0.0
24,Glia/Schwann,Fibrocytes,BMP5_ACVR1_ACVR2A,0.0052405743010751,0.0
24,Macrophages/Microglia,Fibrocytes,BMP5_ACVR1_ACVR2A,0.0036944908462655,0.04
24,Supporting cells,Fibrocytes,BMP5_ACVR1_ACVR2A,0.0036200757754527,0.01
24,Glia/Schwann,Glia/Schwann,BMP5_ACVR1_BMPR2,0.0070686301523806,0.04
24,Glia/Schwann,Supporting cells,BMP5_ACVR1_BMPR2,0.0076654544602177,0.0
24,Fibrocytes,Fibrocytes,BMP5_BMPR1A_ACVR2A,0.0057929806198935,0.0
24,Glia/Schwann,Fibrocytes,BMP5_BMPR1A_ACVR2A,0.0071503617335691,0.0
24,Macrophages/Microglia,Fibrocytes,BMP5_BMPR1A_ACVR2A,0.0050437061693274,0.03
24,Supporting cells,Fibrocytes,BMP5_BMPR1A_ACVR2A,0.0049422497804052,0.0
24,Glia/Schwann,Fibrocytes,BMP5_BMPR1A_BMPR2,0.0086350604084177,0.01
24,Glia/Schwann,Supporting cells,BMP5_BMPR1A_BMPR2,0.00958495219929,0.0
24,Glia/Schwann,Inner hair cells,BMP5_BMPR1B_ACVR2A,0.0040002080327752,0.01
24,Macrophages/Microglia,Inner hair cells,BMP5_BMPR1B_ACVR2A,0.0028190226040473,0.03
24,Fibrocytes,Outer hair cells,BMP5_BMPR1B_ACVR2A,0.0049629482539019,0.01
24,Glia/Schwann,Outer hair cells,BMP5_BMPR1B_ACVR2A,0.0061270390814072,0.0
24,Macrophages/Microglia,Outer hair cells,BMP5_BMPR1B_ACVR2A,0.0043205651213221,0.02
24,Supporting cells,Outer hair cells,BMP5_BMPR1B_ACVR2A,0.0042335931403324,0.03
24,Fibrocytes,Glia/Schwann,BMP5_BMPR1B_BMPR2,0.0051205060902799,0.0
24,Glia/Schwann,Glia/Schwann,BMP5_BMPR1B_BMPR2,0.0063213183254519,0.0
24,Macrophages/Microglia,Glia/Schwann,BMP5_BMPR1B_BMPR2,0.0044578206990847,0.0
24,Supporting cells,Glia/Schwann,BMP5_BMPR1B_BMPR2,0.0043680979160095,0.0
24,Fibrocytes,Inner hair cells,BMP5_BMPR1B_BMPR2,0.0065698629433385,0.02
24,Glia/Schwann,Inner hair cells,BMP5_BMPR1B_BMPR2,0.0081077945833999,0.01
24,Macrophages/Microglia,Inner hair cells,BMP5_BMPR1B_BMPR2,0.0057206833295674,0.03
24,Supporting cells,Inner hair cells,BMP5_BMPR1B_BMPR2,0.0056056859679987,0.04
24,Outer hair cells,Fibrocytes,BMP6_ACVR1_ACVR2A,0.0028170070234256,0.0
24,Outer hair cells,Fibrocytes,BMP6_BMPR1A_ACVR2A,0.0038470056388762,0.0
24,Outer hair cells,Inner hair cells,BMP6_BMPR1B_ACVR2A,0.0021490239882252,0.01
24,Outer hair cells,Outer hair cells,BMP6_BMPR1B_ACVR2A,0.0032948732627485,0.0
24,Outer hair cells,Glia/Schwann,BMP6_BMPR1B_BMPR2,0.0033996559491751,0.0
24,Outer hair cells,Inner hair cells,BMP6_BMPR1B_BMPR2,0.0043640635890186,0.02
24,Spiral ganglion neurons,Fibrocytes,NRG1_ERBB4,0.026534043087559,0.0
24,Spiral ganglion neurons,Glia/Schwann,NRG1_ERBB4,0.0284926798735804,0.0
24,Spiral ganglion neurons,Inner hair cells,NRG1_ERBB4,0.016091407281887,0.0
24,Spiral ganglion neurons,Macrophages/Microglia,NRG1_ERBB4,0.0098109151091828,0.0
24,Spiral ganglion neurons,Outer hair cells,NRG1_ERBB4,0.0273132075988386,0.0
24,Spiral ganglion neurons,Spiral ganglion neurons,NRG1_ERBB4,0.0087285139065373,0.0
24,Spiral ganglion neurons,Supporting cells,NRG1_ERBB4,0.0429814391703703,0.0
24,Spiral ganglion neurons,Fibrocytes,NRG2_ERBB4,0.0109077015976007,0.0
24,Spiral ganglion neurons,Glia/Schwann,NRG2_ERBB4,0.0117267596495001,0.0
24,Spiral ganglion neurons,Inner hair cells,NRG2_ERBB4,0.0065733814209209,0.0
24,Spiral ganglion neurons,Macrophages/Microglia,NRG2_ERBB4,0.0039927090790558,0.0
24,Spiral ganglion neurons,Outer hair cells,NRG2_ERBB4,0.011233298148337,0.0
24,Spiral ganglion neurons,Spiral ganglion neurons,NRG2_ERBB4,0.0035499073035967,0.0
24,Spiral ganglion neurons,Supporting cells,NRG2_ERBB4,0.0178465270910276,0.0
24,Spiral ganglion neurons,Fibrocytes,NRG3_ERBB4,0.193428273996872,0.0
24,Spiral ganglion neurons,Glia/Schwann,NRG3_ERBB4,0.205110646138262,0.0
24,Spiral ganglion neurons,Inner hair cells,NRG3_ERBB4,0.125790817273375,0.0
24,Spiral ganglion neurons,Macrophages/Microglia,NRG3_ERBB4,0.0801838177076147,0.0
24,Spiral ganglion neurons,Outer hair cells,NRG3_ERBB4,0.198110873295425,0.0
24,Spiral ganglion neurons,Spiral ganglion neurons,NRG3_ERBB4,0.0719012104113745,0.0
24,Spiral ganglion neurons,Supporting cells,NRG3_ERBB4,0.283227878177298,0.0
24,Spiral ganglion neurons,Fibrocytes,FGF10_FGFR1,0.0051845988059979,0.0
24,Spiral ganglion neurons,Glia/Schwann,FGF10_FGFR1,0.003195892054371,0.0
24,Spiral ganglion neurons,Inner hair cells,FGF10_FGFR1,0.0021773382307577,0.0
24,Spiral ganglion neurons,Outer hair cells,FGF10_FGFR1,0.0032445439993663,0.0
24,Spiral ganglion neurons,Spiral ganglion neurons,FGF10_FGFR1,0.0009610749422976,0.0
24,Spiral ganglion neurons,Supporting cells,FGF10_FGFR1,0.0041143199137894,0.0
24,Spiral ganglion neurons,Fibrocytes,FGF10_FGFR2,0.0057195099426681,0.0
24,Spiral ganglion neurons,Glia/Schwann,FGF10_FGFR2,0.0308925826000887,0.0
24,Spiral ganglion neurons,Inner hair cells,FGF10_FGFR2,0.0103122142670194,0.0
24,Spiral ganglion neurons,Macrophages/Microglia,FGF10_FGFR2,0.0066085814935895,0.0
24,Spiral ganglion neurons,Outer hair cells,FGF10_FGFR2,0.0077251884901767,0.0
24,Spiral ganglion neurons,Spiral ganglion neurons,FGF10_FGFR2,0.0069106343661503,0.0
24,Spiral ganglion neurons,Supporting cells,FGF10_FGFR2,0.0218394926229107,0.0
24,Glia/Schwann,Inner hair cells,PDGFD_PDGFRB,0.0099634054198512,0.01
24,Spiral ganglion neurons,Macrophages/Microglia,SPP1_ITGA4_ITGB1,0.0068769299186516,0.0
24,Spiral ganglion neurons,Macrophages/Microglia,SPP1_ITGA9_ITGB1,0.0041037897421502,0.0
24,Spiral ganglion neurons,Macrophages/Microglia,SPP1_ITGA8_ITGB1,0.0052816469471779,0.0
24,Fibrocytes,Glia/Schwann,PTN_PTPRZ1,0.205625354676957,0.0
24,Glia/Schwann,Glia/Schwann,PTN_PTPRZ1,0.0691753039088477,0.0
24,Inner hair cells,Glia/Schwann,PTN_PTPRZ1,0.114559828096271,0.0
24,Macrophages/Microglia,Glia/Schwann,PTN_PTPRZ1,0.140695970756723,0.0
24,Outer hair cells,Glia/Schwann,PTN_PTPRZ1,0.067921289493072,0.0
24,Spiral ganglion neurons,Glia/Schwann,PTN_PTPRZ1,0.0714519892078908,0.0
24,Supporting cells,Glia/Schwann,PTN_PTPRZ1,0.273696382956348,0.0
24,Fibrocytes,Inner hair cells,PTN_PTPRZ1,0.136357918459327,0.0
24,Inner hair cells,Inner hair cells,PTN_PTPRZ1,0.0731443071360154,0.0
24,Macrophages/Microglia,Inner hair cells,PTN_PTPRZ1,0.0908006972112023,0.0
24,Outer hair cells,Inner hair cells,PTN_PTPRZ1,0.0425561119091644,0.04
24,Spiral ganglion neurons,Inner hair cells,PTN_PTPRZ1,0.044831693135763,0.02
24,Supporting cells,Inner hair cells,PTN_PTPRZ1,0.186893277367057,0.0
24,Fibrocytes,Fibrocytes,PTN_SDC2,0.0490175175498753,0.0
24,Supporting cells,Fibrocytes,PTN_SDC2,0.0697998907259969,0.0
24,Fibrocytes,Inner hair cells,PTN_ALK,0.168200272731881,0.0
24,Glia/Schwann,Inner hair cells,PTN_ALK,0.054869569961471,0.0
24,Inner hair cells,Inner hair cells,PTN_ALK,0.0917939682923491,0.0
24,Macrophages/Microglia,Inner hair cells,PTN_ALK,0.1134014159151,0.0
24,Outer hair cells,Inner hair cells,PTN_ALK,0.05385988502376,0.0
24,Spiral ganglion neurons,Inner hair cells,PTN_ALK,0.0567041094414266,0.0
24,Supporting cells,Inner hair cells,PTN_ALK,0.227429017345705,0.0
24,Glia/Schwann,Supporting cells,SEMA3A_NRP1_PLXNA2,0.014459422611537,0.0
24,Inner hair cells,Supporting cells,SEMA3A_NRP1_PLXNA2,0.005860427800097,0.0
24,Outer hair cells,Supporting cells,SEMA3A_NRP1_PLXNA2,0.0230369038399337,0.0
24,Glia/Schwann,Macrophages/Microglia,SEMA3A_NRP1_PLXNA4,0.0330687861895302,0.0
24,Inner hair cells,Macrophages/Microglia,SEMA3A_NRP1_PLXNA4,0.0135550475771147,0.0
24,Outer hair cells,Macrophages/Microglia,SEMA3A_NRP1_PLXNA4,0.0521019312979667,0.0
24,Macrophages/Microglia,Glia/Schwann,GRN_SORT1,0.0016474349559709,0.0
24,Macrophages/Microglia,Inner hair cells,GRN_SORT1,0.001564167644523,0.0
24,Macrophages/Microglia,Outer hair cells,GRN_SORT1,0.0023400154935947,0.0
24,Supporting cells,Macrophages/Microglia,FN1_ITGA4_ITGB1,0.0035366356860912,0.0
24,Supporting cells,Macrophages/Microglia,FN1_ITGA8_ITGB1,0.0027141033086387,0.0
24,Glia/Schwann,Macrophages/Microglia,COL4A3_ITGA9_ITGB1,0.0031766929597768,0.0
24,Glia/Schwann,Macrophages/Microglia,COL4A4_ITGA9_ITGB1,0.0023411995275215,0.0
24,Fibrocytes,Macrophages/Microglia,COL4A5_ITGA9_ITGB1,0.0032445184132108,0.0
24,Spiral ganglion neurons,Macrophages/Microglia,COL4A5_ITGA9_ITGB1,0.0006371858481666,0.0
24,Fibrocytes,Macrophages/Microglia,LAMA2_ITGA9_ITGB1,0.0110588076245844,0.0
24,Glia/Schwann,Macrophages/Microglia,LAMA2_ITGA9_ITGB1,0.0029041548566901,0.0
24,Inner hair cells,Macrophages/Microglia,LAMA2_ITGA9_ITGB1,0.0035613401558002,0.0
24,Macrophages/Microglia,Macrophages/Microglia,LAMA2_ITGA9_ITGB1,0.0028625968498831,0.0
24,Spiral ganglion neurons,Macrophages/Microglia,LAMA2_ITGA9_ITGB1,0.0023765460688068,0.0
24,Supporting cells,Macrophages/Microglia,LAMA2_ITGA9_ITGB1,0.0052974662612684,0.0
24,Fibrocytes,Macrophages/Microglia,LAMA4_ITGA9_ITGB1,0.0029295393611549,0.0
24,Supporting cells,Macrophages/Microglia,LAMA4_ITGA9_ITGB1,0.0025705740949911,0.0
24,Glia/Schwann,Macrophages/Microglia,LAMB1_ITGA9_ITGB1,0.002319068181807,0.0
24,Fibrocytes,Macrophages/Microglia,LAMC1_ITGA9_ITGB1,0.0026435135187648,0.0
24,Inner hair cells,Macrophages/Microglia,LAMC1_ITGA9_ITGB1,0.0014441522661629,0.0
24,Spiral ganglion neurons,Macrophages/Microglia,LAMC1_ITGA9_ITGB1,0.0011593579532355,0.0
24,Supporting cells,Macrophages/Microglia,LAMC1_ITGA9_ITGB1,0.002347853817967,0.0
24,Spiral ganglion neurons,Macrophages/Microglia,AGRN_DAG1,0.0006870425882378,0.0
24,Spiral ganglion neurons,Spiral ganglion neurons,AGRN_DAG1,0.0020109930907962,0.0
24,Fibrocytes,Spiral ganglion neurons,LAMA2_DAG1,0.0196290206171552,0.0
24,Supporting cells,Spiral ganglion neurons,LAMA2_DAG1,0.0094454729858687,0.04
24,Fibrocytes,Spiral ganglion neurons,LAMA4_DAG1,0.0052331734512259,0.02
24,Supporting cells,Spiral ganglion neurons,LAMA4_DAG1,0.0045932373217567,0.01
24,Glia/Schwann,Macrophages/Microglia,LAMB1_DAG1,0.0014179902678693,0.0
24,Glia/Schwann,Spiral ganglion neurons,LAMB1_DAG1,0.0041446556292847,0.0
24,Fibrocytes,Spiral ganglion neurons,LAMC1_DAG1,0.0047232975488681,0.02
24,Supporting cells,Spiral ganglion neurons,LAMC1_DAG1,0.0041960062253084,0.04
24,Fibrocytes,Macrophages/Microglia,APP_CD74,0.0353816874083381,0.0
24,Glia/Schwann,Macrophages/Microglia,APP_CD74,0.0260821792386006,0.0
24,Inner hair cells,Macrophages/Microglia,APP_CD74,0.0384113502751822,0.0
24,Macrophages/Microglia,Macrophages/Microglia,APP_CD74,0.0262709413929522,0.0
24,Outer hair cells,Macrophages/Microglia,APP_CD74,0.0315669804759682,0.0
24,Spiral ganglion neurons,Macrophages/Microglia,APP_CD74,0.023771905636682,0.0
24,Supporting cells,Macrophages/Microglia,APP_CD74,0.0380756062803116,0.0
24,Spiral ganglion neurons,Macrophages/Microglia,CADM1_CADM1,0.0121166718350695,0.0
24,Macrophages/Microglia,Spiral ganglion neurons,CADM1_CADM1,0.0121166718350695,0.0
24,Spiral ganglion neurons,Spiral ganglion neurons,CADM1_CADM1,0.0507284668223418,0.0
24,Macrophages/Microglia,Macrophages/Microglia,PTPRC_MRC1,0.0447300343885107,0.0
24,Spiral ganglion neurons,Spiral ganglion neurons,CDH2_CDH2,0.0053234641776755,0.0
24,Glia/Schwann,Glia/Schwann,CDH1_CDH1,0.0034870931811464,0.0
24,Spiral ganglion neurons,Glia/Schwann,CDH1_CDH1,0.0013015754952463,0.0
24,Glia/Schwann,Spiral ganglion neurons,CDH1_CDH1,0.0013015754952463,0.0
24,Spiral ganglion neurons,Inner hair cells,CNTN1_NRCAM,0.0040322989033703,0.0
24,Glia/Schwann,Fibrocytes,EFNA5_EPHA3,0.0348801003418013,0.0
24,Glia/Schwann,Glia/Schwann,EFNA5_EPHA3,0.034559354934843,0.0
24,Glia/Schwann,Inner hair cells,EFNA5_EPHA3,0.0445401839983907,0.0
24,Glia/Schwann,Macrophages/Microglia,EFNA5_EPHA3,0.0415254702077313,0.0
24,Glia/Schwann,Outer hair cells,EFNA5_EPHA3,0.0247407982985745,0.02
24,Glia/Schwann,Spiral ganglion neurons,EFNA5_EPHA3,0.0267311123880757,0.0
24,Glia/Schwann,Supporting cells,EFNA5_EPHA3,0.137295166478131,0.0
24,Outer hair cells,Supporting cells,EFNA5_EPHA3,0.0406578978006486,0.02
24,Glia/Schwann,Outer hair cells,EFNA5_EPHA4,0.0174676565489776,0.0
24,Outer hair cells,Outer hair cells,EFNA5_EPHA4,0.0047121044595969,0.03
24,Glia/Schwann,Spiral ganglion neurons,EFNA5_EPHA4,0.015754250927217,0.0
24,Glia/Schwann,Supporting cells,EFNA5_EPHA4,0.0220174284578081,0.0
24,Outer hair cells,Supporting cells,EFNA5_EPHA4,0.0059596109262973,0.02
24,Glia/Schwann,Glia/Schwann,EFNA5_EPHA5,0.122797596012292,0.0
24,Outer hair cells,Glia/Schwann,EFNA5_EPHA5,0.0359395565188102,0.0
24,Spiral ganglion neurons,Glia/Schwann,EFNA5_EPHA5,0.0331695569864233,0.0
24,Glia/Schwann,Inner hair cells,EFNA5_EPHA5,0.011777416978863,0.01
24,Glia/Schwann,Macrophages/Microglia,EFNA5_EPHA5,0.0176534165855284,0.0
24,Glia/Schwann,Spiral ganglion neurons,EFNA5_EPHA5,0.0338334215896575,0.0
24,Glia/Schwann,Supporting cells,EFNA5_EPHA5,0.0427239446831574,0.0
24,Outer hair cells,Supporting cells,EFNA5_EPHA5,0.011745762950363,0.03
24,Glia/Schwann,Fibrocytes,EFNA5_EPHA7,0.123202735427371,0.0
24,Outer hair cells,Fibrocytes,EFNA5_EPHA7,0.036069913320176,0.02
24,Spiral ganglion neurons,Fibrocytes,EFNA5_EPHA7,0.0332902136277863,0.03
24,Glia/Schwann,Glia/Schwann,EFNA5_EPHA7,0.159190557112548,0.0
24,Outer hair cells,Glia/Schwann,EFNA5_EPHA7,0.0479993509842576,0.01
24,Spiral ganglion neurons,Glia/Schwann,EFNA5_EPHA7,0.0443426095471397,0.0
24,Glia/Schwann,Inner hair cells,EFNA5_EPHA7,0.0750074463149659,0.0
24,Glia/Schwann,Macrophages/Microglia,EFNA5_EPHA7,0.0265525364228686,0.0
24,Glia/Schwann,Outer hair cells,EFNA5_EPHA7,0.025040168251839,0.0
24,Glia/Schwann,Spiral ganglion neurons,EFNA5_EPHA7,0.0274289141125148,0.0
24,Glia/Schwann,Supporting cells,EFNA5_EPHA7,0.0837530115034913,0.0
24,Glia/Schwann,Spiral ganglion neurons,EFNA5_EPHB2,0.0243196443894391,0.0
24,Outer hair cells,Spiral ganglion neurons,EFNA5_EPHB2,0.0065940888968403,0.0
24,Spiral ganglion neurons,Spiral ganglion neurons,EFNA5_EPHB2,0.0060716126422763,0.0
24,Fibrocytes,Fibrocytes,MPZL1_MPZL1,0.0039524236325147,0.0
24,Glia/Schwann,Fibrocytes,MPZL1_MPZL1,0.0033396791669789,0.0
24,Spiral ganglion neurons,Fibrocytes,MPZL1_MPZL1,0.0007577504095633,0.0
24,Fibrocytes,Glia/Schwann,MPZL1_MPZL1,0.0033396791669789,0.0
24,Glia/Schwann,Glia/Schwann,MPZL1_MPZL1,0.0028216594077689,0.0
24,Spiral ganglion neurons,Glia/Schwann,MPZL1_MPZL1,0.0006399581095205,0.03
24,Fibrocytes,Spiral ganglion neurons,MPZL1_MPZL1,0.0007577504095633,0.0
24,Glia/Schwann,Spiral ganglion neurons,MPZL1_MPZL1,0.0006399581095205,0.03
24,Spiral ganglion neurons,Fibrocytes,NCAM1_FGFR1,0.0095473739869613,0.0
24,Spiral ganglion neurons,Glia/Schwann,NCAM1_FGFR1,0.0058951120455372,0.0
24,Spiral ganglion neurons,Inner hair cells,NCAM1_FGFR1,0.0040197664980552,0.0
24,Spiral ganglion neurons,Outer hair cells,NCAM1_FGFR1,0.0059846082581233,0.0
24,Spiral ganglion neurons,Spiral ganglion neurons,NCAM1_FGFR1,0.0017761529317536,0.0
24,Spiral ganglion neurons,Supporting cells,NCAM1_FGFR1,0.0075833341106201,0.0
24,Spiral ganglion neurons,Spiral ganglion neurons,NCAM1_NCAM1,0.012985750189924,0.0
24,Spiral ganglion neurons,Spiral ganglion neurons,NCAM1_NCAM2,0.0031767226840708,0.0
24,Inner hair cells,Inner hair cells,NECTIN3_NECTIN2,0.0005082161172949,0.02
24,Outer hair cells,Inner hair cells,NEGR1_NEGR1,0.0612860280630411,0.02
24,Inner hair cells,Outer hair cells,NEGR1_NEGR1,0.0612860280630411,0.02
24,Supporting cells,Supporting cells,NEGR1_NEGR1,0.0168612992513319,0.0
24,Fibrocytes,Spiral ganglion neurons,LRRC4C_NTNG1,0.0310465728456602,0.0
24,Inner hair cells,Spiral ganglion neurons,LRRC4C_NTNG1,0.009180288546822,0.0
24,Macrophages/Microglia,Spiral ganglion neurons,LRRC4C_NTNG1,0.0155083183160983,0.0
24,Outer hair cells,Spiral ganglion neurons,LRRC4C_NTNG1,0.0087196724838298,0.0
24,Spiral ganglion neurons,Spiral ganglion neurons,LRRC4C_NTNG1,0.0307769324967356,0.0
24,Supporting cells,Spiral ganglion neurons,LRRC4C_NTNG1,0.0277993611982644,0.0
24,Inner hair cells,Glia/Schwann,NRXN1_NLGN1,0.0696434669301629,0.0
24,Spiral ganglion neurons,Glia/Schwann,NRXN1_NLGN1,0.0794784066857983,0.0
24,Inner hair cells,Spiral ganglion neurons,NRXN1_NLGN1,0.0517548493154068,0.0
24,Spiral ganglion neurons,Spiral ganglion neurons,NRXN1_NLGN1,0.0592243992452734,0.0
24,Fibrocytes,Glia/Schwann,NRXN3_NLGN1,0.0566822070623314,0.0
24,Glia/Schwann,Glia/Schwann,NRXN3_NLGN1,0.0121323008838033,0.0
24,Inner hair cells,Glia/Schwann,NRXN3_NLGN1,0.0130595115877616,0.0
24,Macrophages/Microglia,Glia/Schwann,NRXN3_NLGN1,0.0099901155327704,0.0
24,Spiral ganglion neurons,Glia/Schwann,NRXN3_NLGN1,0.0110436763520127,0.0
24,Supporting cells,Glia/Schwann,NRXN3_NLGN1,0.0102707293433987,0.0
24,Fibrocytes,Spiral ganglion neurons,NRXN3_NLGN1,0.0419726213749139,0.0
24,Glia/Schwann,Spiral ganglion neurons,NRXN3_NLGN1,0.0088750790576915,0.0
24,Inner hair cells,Spiral ganglion neurons,NRXN3_NLGN1,0.0095557646485404,0.0
24,Macrophages/Microglia,Spiral ganglion neurons,NRXN3_NLGN1,0.0073037651767111,0.0
24,Spiral ganglion neurons,Spiral ganglion neurons,NRXN3_NLGN1,0.0080763337586745,0.0
24,Supporting cells,Spiral ganglion neurons,NRXN3_NLGN1,0.0075094940648502,0.0
24,Inner hair cells,Fibrocytes,PTPRM_PTPRM,0.0310605595875361,0.0
24,Inner hair cells,Glia/Schwann,PTPRM_PTPRM,0.0264406028155178,0.0
24,Fibrocytes,Inner hair cells,PTPRM_PTPRM,0.0310605595875361,0.0
24,Glia/Schwann,Inner hair cells,PTPRM_PTPRM,0.0264406028155178,0.0
24,Inner hair cells,Inner hair cells,PTPRM_PTPRM,0.10604672726623,0.0
24,Macrophages/Microglia,Inner hair cells,PTPRM_PTPRM,0.0255514885688428,0.03
24,Outer hair cells,Inner hair cells,PTPRM_PTPRM,0.0348946059881662,0.04
24,Supporting cells,Inner hair cells,PTPRM_PTPRM,0.0338487985620203,0.0
24,Inner hair cells,Macrophages/Microglia,PTPRM_PTPRM,0.0255514885688428,0.03
24,Inner hair cells,Outer hair cells,PTPRM_PTPRM,0.0348946059881662,0.04
24,Inner hair cells,Supporting cells,PTPRM_PTPRM,0.0338487985620203,0.0
24,Supporting cells,Supporting cells,PTPRM_PTPRM,0.0102410224521621,0.0
24,Fibrocytes,Outer hair cells,SEMA5A_PLXNA1,0.0043700305257896,0.0
24,Inner hair cells,Outer hair cells,SEMA5A_PLXNA1,0.001826636115296,0.0
24,Supporting cells,Outer hair cells,SEMA5A_PLXNA1,0.0054271139914095,0.0
24,Inner hair cells,Outer hair cells,SEMA5B_PLXNA1,0.0175151307366798,0.0
